"legacy_id","legacy_customer_id","new_customer_uuid","new_customer_code","new_traveller_uuid","customer_type","deduplicated_to_legacy_id","association_method"
"18","64754","d86b6eb6-7917-5129-9a6a-860f11321a01","LEGACY-NAME-ABDULLAH-SIR-IIIT-ED9C02EC","16b98b7b-4136-5e2f-afd0-e29c74ec77b7","CORPORATE","","LEGACY_CUSTOMER_ID"
"2321","64754","d86b6eb6-7917-5129-9a6a-860f11321a01","LEGACY-NAME-ABDULLAH-SIR-IIIT-ED9C02EC","fb5dfd43-c7d5-5fde-a417-df84e1ef1ae8","CORPORATE","","EXPLICIT_COMPANY"
"20","18643","dcf99b98-25fd-5879-a74e-5ff478eea7b8","LEGACY-OVERRIDE-BIT-AIR-TRAVELS-PVT-B6F5B067","c4a8bf5d-0d31-50eb-b932-09a0839ccfa7","CORPORATE","","LEGACY_CUSTOMER_ID"
"503","83388","dcf99b98-25fd-5879-a74e-5ff478eea7b8","LEGACY-OVERRIDE-BIT-AIR-TRAVELS-PVT-B6F5B067","0ea992c6-d207-5811-b90e-d3ceab3d3a49","CORPORATE","","EXPLICIT_COMPANY"
"1080","20980","dcf99b98-25fd-5879-a74e-5ff478eea7b8","LEGACY-OVERRIDE-BIT-AIR-TRAVELS-PVT-B6F5B067","4f8b3ddb-b327-51e6-b6dd-7fc1a6b69881","CORPORATE","","EXPLICIT_COMPANY"
"1421","32997","dcf99b98-25fd-5879-a74e-5ff478eea7b8","LEGACY-OVERRIDE-BIT-AIR-TRAVELS-PVT-B6F5B067","44978351-a6a0-59b0-9b8e-147596417af2","CORPORATE","","EXPLICIT_COMPANY"
"2132","12056","dcf99b98-25fd-5879-a74e-5ff478eea7b8","LEGACY-OVERRIDE-BIT-AIR-TRAVELS-PVT-B6F5B067","8787cd36-174d-5e90-9d10-9318dbe546fa","CORPORATE","","EXPLICIT_COMPANY"
"2213","17411","dcf99b98-25fd-5879-a74e-5ff478eea7b8","LEGACY-OVERRIDE-BIT-AIR-TRAVELS-PVT-B6F5B067","38fe987a-2cef-5cdd-884d-61be27ffadd6","CORPORATE","","EXPLICIT_COMPANY"
"2285","30815","dcf99b98-25fd-5879-a74e-5ff478eea7b8","LEGACY-OVERRIDE-BIT-AIR-TRAVELS-PVT-B6F5B067","7946bbd0-0574-51f8-b455-ce7e2437cdf3","CORPORATE","","EXPLICIT_COMPANY"
"2365","18643","dcf99b98-25fd-5879-a74e-5ff478eea7b8","LEGACY-OVERRIDE-BIT-AIR-TRAVELS-PVT-B6F5B067","95b44bb3-15fa-50dc-8a6c-8d668d7c769b","CORPORATE","","EXPLICIT_COMPANY"
"2378","71929","dcf99b98-25fd-5879-a74e-5ff478eea7b8","LEGACY-OVERRIDE-BIT-AIR-TRAVELS-PVT-B6F5B067","fc7b7961-a102-5406-b2ea-cce47eaeb5b6","CORPORATE","","EXPLICIT_COMPANY"
"2379","15233","dcf99b98-25fd-5879-a74e-5ff478eea7b8","LEGACY-OVERRIDE-BIT-AIR-TRAVELS-PVT-B6F5B067","a5345526-021e-5ac3-ab60-7c748b3ff987","CORPORATE","","EXPLICIT_COMPANY"
"2437","29060","dcf99b98-25fd-5879-a74e-5ff478eea7b8","LEGACY-OVERRIDE-BIT-AIR-TRAVELS-PVT-B6F5B067","a5345526-021e-5ac3-ab60-7c748b3ff987","CORPORATE","2379","EXPLICIT_COMPANY"
"2441","52573","dcf99b98-25fd-5879-a74e-5ff478eea7b8","LEGACY-OVERRIDE-BIT-AIR-TRAVELS-PVT-B6F5B067","8d834f5c-0c3a-5086-b1b5-c72fef08b960","CORPORATE","","EXPLICIT_COMPANY"
"2450","21062","dcf99b98-25fd-5879-a74e-5ff478eea7b8","LEGACY-OVERRIDE-BIT-AIR-TRAVELS-PVT-B6F5B067","85213724-845b-57f1-b7cd-75b24ac7748f","CORPORATE","","EXPLICIT_COMPANY"
"2473","89774","dcf99b98-25fd-5879-a74e-5ff478eea7b8","LEGACY-OVERRIDE-BIT-AIR-TRAVELS-PVT-B6F5B067","689f29d3-c6d4-5824-9396-5af0ceb38465","CORPORATE","","EXPLICIT_COMPANY"
"2506","52453","dcf99b98-25fd-5879-a74e-5ff478eea7b8","LEGACY-OVERRIDE-BIT-AIR-TRAVELS-PVT-B6F5B067","0be1eb15-12a6-5348-91b3-c2fc0a57d585","CORPORATE","","EXPLICIT_COMPANY"
"2521","82867","dcf99b98-25fd-5879-a74e-5ff478eea7b8","LEGACY-OVERRIDE-BIT-AIR-TRAVELS-PVT-B6F5B067","a6f33014-3ba2-5a1d-a02d-710830efaa0d","CORPORATE","","EXPLICIT_COMPANY"
"2544","61647","dcf99b98-25fd-5879-a74e-5ff478eea7b8","LEGACY-OVERRIDE-BIT-AIR-TRAVELS-PVT-B6F5B067","acc4cdc5-0d39-5767-8a52-4d9d2115e496","CORPORATE","","EXPLICIT_COMPANY"
"2546","26563","dcf99b98-25fd-5879-a74e-5ff478eea7b8","LEGACY-OVERRIDE-BIT-AIR-TRAVELS-PVT-B6F5B067","c3027edb-fce0-5355-9686-729a768caa13","CORPORATE","","EXPLICIT_COMPANY"
"2563","31667","dcf99b98-25fd-5879-a74e-5ff478eea7b8","LEGACY-OVERRIDE-BIT-AIR-TRAVELS-PVT-B6F5B067","d0b1bfbc-870f-5070-9ab0-91f7f6243e9f","CORPORATE","","EXPLICIT_COMPANY"
"2564","63920","dcf99b98-25fd-5879-a74e-5ff478eea7b8","LEGACY-OVERRIDE-BIT-AIR-TRAVELS-PVT-B6F5B067","323fbd5b-00f9-58ba-8b00-dbd85c545754","CORPORATE","","EXPLICIT_COMPANY"
"2571","84373","dcf99b98-25fd-5879-a74e-5ff478eea7b8","LEGACY-OVERRIDE-BIT-AIR-TRAVELS-PVT-B6F5B067","bcda6a1e-937f-59e3-84b9-53f828f31b7c","CORPORATE","","EXPLICIT_COMPANY"
"2579","93205","dcf99b98-25fd-5879-a74e-5ff478eea7b8","LEGACY-OVERRIDE-BIT-AIR-TRAVELS-PVT-B6F5B067","ef585749-f3e4-5fce-b9a8-6cacbc1e21b7","CORPORATE","","EXPLICIT_COMPANY"
"2634","91749","dcf99b98-25fd-5879-a74e-5ff478eea7b8","LEGACY-OVERRIDE-BIT-AIR-TRAVELS-PVT-B6F5B067","7dc4dd32-f58e-5bc9-8329-c5825bab23d9","CORPORATE","","EXPLICIT_COMPANY"
"2637","74595","dcf99b98-25fd-5879-a74e-5ff478eea7b8","LEGACY-OVERRIDE-BIT-AIR-TRAVELS-PVT-B6F5B067","8e10e0da-c1be-5f7c-b7ec-f60f05ca55e7","CORPORATE","","EXPLICIT_COMPANY"
"2653","95033","dcf99b98-25fd-5879-a74e-5ff478eea7b8","LEGACY-OVERRIDE-BIT-AIR-TRAVELS-PVT-B6F5B067","993d7c0a-b821-5254-9329-58278ae4e684","CORPORATE","","EXPLICIT_COMPANY"
"2658","51204","dcf99b98-25fd-5879-a74e-5ff478eea7b8","LEGACY-OVERRIDE-BIT-AIR-TRAVELS-PVT-B6F5B067","33f2212e-c9c2-504b-87f8-05c144ecd101","CORPORATE","","EXPLICIT_COMPANY"
"2659","91524","dcf99b98-25fd-5879-a74e-5ff478eea7b8","LEGACY-OVERRIDE-BIT-AIR-TRAVELS-PVT-B6F5B067","2bc3afba-fb0d-51ac-ab55-1740e065f12b","CORPORATE","","EXPLICIT_COMPANY"
"2662","28070","dcf99b98-25fd-5879-a74e-5ff478eea7b8","LEGACY-OVERRIDE-BIT-AIR-TRAVELS-PVT-B6F5B067","e79b0078-f5ad-57de-a96e-ee0f51396e11","CORPORATE","","EXPLICIT_COMPANY"
"2663","46597","dcf99b98-25fd-5879-a74e-5ff478eea7b8","LEGACY-OVERRIDE-BIT-AIR-TRAVELS-PVT-B6F5B067","323fbd5b-00f9-58ba-8b00-dbd85c545754","CORPORATE","2564","EXPLICIT_COMPANY"
"2664","43164","dcf99b98-25fd-5879-a74e-5ff478eea7b8","LEGACY-OVERRIDE-BIT-AIR-TRAVELS-PVT-B6F5B067","85213724-845b-57f1-b7cd-75b24ac7748f","CORPORATE","2450","EXPLICIT_COMPANY"
"2668","94061","dcf99b98-25fd-5879-a74e-5ff478eea7b8","LEGACY-OVERRIDE-BIT-AIR-TRAVELS-PVT-B6F5B067","323fbd5b-00f9-58ba-8b00-dbd85c545754","CORPORATE","2564","EXPLICIT_COMPANY"
"42","41926","73a2c65e-16b5-5153-a529-532802d9e312","LEGACY-OVERRIDE-XOMOX-SANMAR-LTD-D01CDF05","c9049659-0f21-5f5e-aaf5-f38bae7b1d64","CORPORATE","","EXPLICIT_COMPANY"
"77","25200","73a2c65e-16b5-5153-a529-532802d9e312","LEGACY-OVERRIDE-XOMOX-SANMAR-LTD-D01CDF05","04b9792c-8fc3-58d5-9526-06aabcbc66be","CORPORATE","","EXPLICIT_COMPANY"
"398","75030","73a2c65e-16b5-5153-a529-532802d9e312","LEGACY-OVERRIDE-XOMOX-SANMAR-LTD-D01CDF05","79ed8ee5-637f-5547-8fcb-2cea269cb05f","CORPORATE","","EXPLICIT_COMPANY"
"1144","27814","73a2c65e-16b5-5153-a529-532802d9e312","LEGACY-OVERRIDE-XOMOX-SANMAR-LTD-D01CDF05","520a0ebd-567c-5cea-a143-25c7e0eb24e1","CORPORATE","","EXPLICIT_COMPANY"
"1370","36105","73a2c65e-16b5-5153-a529-532802d9e312","LEGACY-OVERRIDE-XOMOX-SANMAR-LTD-D01CDF05","520a0ebd-567c-5cea-a143-25c7e0eb24e1","CORPORATE","1144","EXPLICIT_COMPANY"
"2575","25847","73a2c65e-16b5-5153-a529-532802d9e312","LEGACY-OVERRIDE-XOMOX-SANMAR-LTD-D01CDF05","955aae6f-ef76-5ef7-b9e3-f1926709420d","CORPORATE","","EXPLICIT_COMPANY"
"2639","54279","73a2c65e-16b5-5153-a529-532802d9e312","LEGACY-OVERRIDE-XOMOX-SANMAR-LTD-D01CDF05","9135cd06-9f62-5064-98c5-6e9fd73b6610","CORPORATE","","EXPLICIT_COMPANY"
"2641","91874","73a2c65e-16b5-5153-a529-532802d9e312","LEGACY-OVERRIDE-XOMOX-SANMAR-LTD-D01CDF05","ba87cad4-97e0-5759-b7ff-04225a5b8f54","CORPORATE","","EXPLICIT_COMPANY"
"2647","37916","73a2c65e-16b5-5153-a529-532802d9e312","LEGACY-OVERRIDE-XOMOX-SANMAR-LTD-D01CDF05","c3f7491a-56e6-5608-b98e-275bbde51eae","CORPORATE","","EXPLICIT_COMPANY"
"2716","14844","73a2c65e-16b5-5153-a529-532802d9e312","LEGACY-OVERRIDE-XOMOX-SANMAR-LTD-D01CDF05","6cd9b085-c32e-5125-a958-b31ee7958af0","CORPORATE","","EXPLICIT_COMPANY"
"47","12656","db966a13-8a77-5489-af49-3d2b5dfe9908","LEGACY-NAME-T-CABS-695F8BDD","4d61a58e-09aa-5d2b-b13d-018a825ef860","CORPORATE","","EXPLICIT_COMPANY"
"50","41050","3f6c8322-ee11-5624-8de6-62bc9c5e97f9","LEGACY-NAME-STEK-SYSTEM-4FE63E0D","a6ba8d7e-1779-5f9c-9c49-57071bdb2f5b","CORPORATE","","EXPLICIT_COMPANY"
"51","75755","7343765c-edfc-57d1-8a8a-79f57b22a6dd","LEGACY-NAME-INDIAN-OIL-CORPORATION-D8D5B490","349debd1-366a-517e-a0c7-3abb45df48e9","CORPORATE","","EXPLICIT_COMPANY"
"55","64525","44ef62b5-b68b-503a-a7f0-604fe9977648","LEGACY-NAME-REPUBLIC-BHARAT-F2914949","33a49bf6-456c-5789-90fb-d4ed56bc7b62","CORPORATE","","EXPLICIT_COMPANY"
"58","83736","17dd0c2d-4dc3-55ff-bfe6-191da4dc79e4","LEGACY-OVERRIDE-CHEMPLAST-SANMAR-LT-A060F6C7","608343cf-1bdb-53ac-9651-fcbc74cb6b49","CORPORATE","","EXPLICIT_COMPANY"
"865","11677","17dd0c2d-4dc3-55ff-bfe6-191da4dc79e4","LEGACY-OVERRIDE-CHEMPLAST-SANMAR-LT-A060F6C7","05cacb58-8afd-59d5-b6cf-199bc1211cb2","CORPORATE","","EXPLICIT_COMPANY"
"1383","47769","17dd0c2d-4dc3-55ff-bfe6-191da4dc79e4","LEGACY-OVERRIDE-CHEMPLAST-SANMAR-LT-A060F6C7","a72af188-4fbc-5b71-aa0b-40f5e5720ab2","CORPORATE","","EXPLICIT_COMPANY"
"1975","58414","17dd0c2d-4dc3-55ff-bfe6-191da4dc79e4","LEGACY-OVERRIDE-CHEMPLAST-SANMAR-LT-A060F6C7","f2c0f745-3c83-5f8b-b94b-39438519d6fc","CORPORATE","","EXPLICIT_COMPANY"
"59","91453","216406f5-0527-570b-87c2-6cf50060057b","LEGACY-OVERRIDE-FLOWSERVE-SANMAR-PV-DFD6EDC9","b4bcb710-3437-5512-92f8-8bc23e5bae72","CORPORATE","","EXPLICIT_COMPANY"
"70","39094","216406f5-0527-570b-87c2-6cf50060057b","LEGACY-OVERRIDE-FLOWSERVE-SANMAR-PV-DFD6EDC9","646ad451-8c76-5c36-b1df-f94d42dca2dc","CORPORATE","","EXPLICIT_COMPANY"
"72","49559","216406f5-0527-570b-87c2-6cf50060057b","LEGACY-OVERRIDE-FLOWSERVE-SANMAR-PV-DFD6EDC9","250d99bd-254f-54d8-abf0-38e8e0f719c6","CORPORATE","","EXPLICIT_COMPANY"
"125","11790","216406f5-0527-570b-87c2-6cf50060057b","LEGACY-OVERRIDE-FLOWSERVE-SANMAR-PV-DFD6EDC9","9e696e06-4d4c-5d0e-875b-3a2280a7300a","CORPORATE","","EXPLICIT_COMPANY"
"214","36967","216406f5-0527-570b-87c2-6cf50060057b","LEGACY-OVERRIDE-FLOWSERVE-SANMAR-PV-DFD6EDC9","b68d9863-db87-5aa2-8ee1-e2a726118e4c","CORPORATE","","EXPLICIT_COMPANY"
"405","70673","216406f5-0527-570b-87c2-6cf50060057b","LEGACY-OVERRIDE-FLOWSERVE-SANMAR-PV-DFD6EDC9","646ad451-8c76-5c36-b1df-f94d42dca2dc","CORPORATE","70","EXPLICIT_COMPANY"
"684","19845","216406f5-0527-570b-87c2-6cf50060057b","LEGACY-OVERRIDE-FLOWSERVE-SANMAR-PV-DFD6EDC9","262291a9-0630-51af-b412-df5a54f6cd86","CORPORATE","","EXPLICIT_COMPANY"
"704","50181","216406f5-0527-570b-87c2-6cf50060057b","LEGACY-OVERRIDE-FLOWSERVE-SANMAR-PV-DFD6EDC9","ec7b9e3c-4553-51d2-be30-b65eeff28716","CORPORATE","","EXPLICIT_COMPANY"
"719","66127","216406f5-0527-570b-87c2-6cf50060057b","LEGACY-OVERRIDE-FLOWSERVE-SANMAR-PV-DFD6EDC9","0bdb336e-bc01-5618-98f6-109ea86a36ff","CORPORATE","","EXPLICIT_COMPANY"
"943","50235","216406f5-0527-570b-87c2-6cf50060057b","LEGACY-OVERRIDE-FLOWSERVE-SANMAR-PV-DFD6EDC9","aaaa1c42-6b95-59c1-8d81-212d26854d72","CORPORATE","","EXPLICIT_COMPANY"
"1037","66580","216406f5-0527-570b-87c2-6cf50060057b","LEGACY-OVERRIDE-FLOWSERVE-SANMAR-PV-DFD6EDC9","c4235a5f-601d-5936-b340-cef669dda3a7","CORPORATE","","EXPLICIT_COMPANY"
"1060","68113","216406f5-0527-570b-87c2-6cf50060057b","LEGACY-OVERRIDE-FLOWSERVE-SANMAR-PV-DFD6EDC9","cb4e1ca3-34bd-5269-96fb-c8f86b365f90","CORPORATE","","EXPLICIT_COMPANY"
"1114","20704","216406f5-0527-570b-87c2-6cf50060057b","LEGACY-OVERRIDE-FLOWSERVE-SANMAR-PV-DFD6EDC9","487dac50-5118-5056-9ee2-f247decb216b","CORPORATE","","EXPLICIT_COMPANY"
"1181","83228","216406f5-0527-570b-87c2-6cf50060057b","LEGACY-OVERRIDE-FLOWSERVE-SANMAR-PV-DFD6EDC9","0f745b8e-7536-5fc4-9495-a3a1ede3655b","CORPORATE","","EXPLICIT_COMPANY"
"1465","96247","216406f5-0527-570b-87c2-6cf50060057b","LEGACY-OVERRIDE-FLOWSERVE-SANMAR-PV-DFD6EDC9","cd9baedc-8751-5b48-88ae-a1192933f904","CORPORATE","","EXPLICIT_COMPANY"
"2011","24122","216406f5-0527-570b-87c2-6cf50060057b","LEGACY-OVERRIDE-FLOWSERVE-SANMAR-PV-DFD6EDC9","659be51a-9f94-5c99-b8d8-fa38dff4280a","CORPORATE","","EXPLICIT_COMPANY"
"2029","75212","216406f5-0527-570b-87c2-6cf50060057b","LEGACY-OVERRIDE-FLOWSERVE-SANMAR-PV-DFD6EDC9","6c65bc29-7308-5d98-8628-690183718198","CORPORATE","","EXPLICIT_COMPANY"
"2038","10127","216406f5-0527-570b-87c2-6cf50060057b","LEGACY-OVERRIDE-FLOWSERVE-SANMAR-PV-DFD6EDC9","40f5428d-1c44-54c8-a74f-906eceb5f4a5","CORPORATE","","EXPLICIT_COMPANY"
"2078","20748","216406f5-0527-570b-87c2-6cf50060057b","LEGACY-OVERRIDE-FLOWSERVE-SANMAR-PV-DFD6EDC9","3fde2cce-4a6b-54a8-854a-0bd2e1fcdfda","CORPORATE","","EXPLICIT_COMPANY"
"2080","29958","216406f5-0527-570b-87c2-6cf50060057b","LEGACY-OVERRIDE-FLOWSERVE-SANMAR-PV-DFD6EDC9","0a26dcea-3aff-5fd0-b73c-7dfee8f7ad76","CORPORATE","","EXPLICIT_COMPANY"
"2130","35664","216406f5-0527-570b-87c2-6cf50060057b","LEGACY-OVERRIDE-FLOWSERVE-SANMAR-PV-DFD6EDC9","33aaded6-ff3f-52db-ae0a-b015260ae8c0","CORPORATE","","EXPLICIT_COMPANY"
"2395","87842","216406f5-0527-570b-87c2-6cf50060057b","LEGACY-OVERRIDE-FLOWSERVE-SANMAR-PV-DFD6EDC9","c496b2c2-c5f2-53ec-a978-842dc3711854","CORPORATE","","EXPLICIT_COMPANY"
"2649","46360","216406f5-0527-570b-87c2-6cf50060057b","LEGACY-OVERRIDE-FLOWSERVE-SANMAR-PV-DFD6EDC9","79a96e7d-6fad-5bb1-aeee-c3f55236e76b","CORPORATE","","EXPLICIT_COMPANY"
"2775","55732","216406f5-0527-570b-87c2-6cf50060057b","LEGACY-OVERRIDE-FLOWSERVE-SANMAR-PV-DFD6EDC9","6a2e98b2-bd81-5b06-b459-ca2d0c594a91","CORPORATE","","EXPLICIT_COMPANY"
"60","19423","fe4171f8-54c4-586f-8323-02a86cb9b41b","LEGACY-NAME-GOODWILL-TRAVELS-88BDBCF0","01787885-0e1b-5190-b608-8f1d03757633","CORPORATE","","EXPLICIT_COMPANY"
"736","73674","fe4171f8-54c4-586f-8323-02a86cb9b41b","LEGACY-NAME-GOODWILL-TRAVELS-88BDBCF0","e9efa59b-b279-511c-92cf-b8ed8967a550","CORPORATE","","EXPLICIT_COMPANY"
"64","96862","ebd93902-3075-5c67-af71-46b920ae1565","LEGACY-NAME-TEKSONS-COMPANY-02982532","9b29e1f0-af33-5efc-b2d6-fe623c84b4ea","CORPORATE","","EXPLICIT_COMPANY"
"65","16147","ce4eb186-fdd4-50cd-a874-23db60295998","LEGACY-NAME-EASY-TRAVELS-WORLD-B020B219","0a9a993e-34c5-55d3-9902-c8c46837181b","CORPORATE","","EXPLICIT_COMPANY"
"115","53356","ce4eb186-fdd4-50cd-a874-23db60295998","LEGACY-NAME-EASY-TRAVELS-WORLD-B020B219","d2069b20-2463-5b44-86a1-084c6f861aa5","CORPORATE","","EXPLICIT_COMPANY"
"1172","50701","ce4eb186-fdd4-50cd-a874-23db60295998","LEGACY-NAME-EASY-TRAVELS-WORLD-B020B219","591835b9-a185-5d8f-895d-60689fcc207f","CORPORATE","","EXPLICIT_COMPANY"
"66","33886","815f68db-1e7d-54ac-bae3-da6839932616","LEGACY-NAME-REAL-CAR-RENTAL-5AE0A7E9","29f40549-f9db-5602-97a9-87357d457133","CORPORATE","","EXPLICIT_COMPANY"
"68","57429","e3e92d5f-b1cd-53bf-b1c7-fa5e016b8649","LEGACY-NAME-KGN-ENTERPRISES-7DB4BFB3","9cfef2e7-8911-5a71-8fec-005353aed0d2","CORPORATE","","EXPLICIT_COMPANY"
"69","61399","61087c91-0392-56e1-843a-057669298224","LEGACY-NAME-ADANI-456BD2C3","bc2099dc-e63b-5b92-8f76-cd3335e4c893","CORPORATE","","EXPLICIT_COMPANY"
"71","96930","30505134-8225-5b1a-8951-10578ea6fd40","LEGACY-NAME-MARUTI-BEAT-PLYWOOD-CA5F860E","6227b478-856f-59c8-a122-94a153d1f3c9","CORPORATE","","EXPLICIT_COMPANY"
"87","12113","17ac3026-07ad-5872-8183-7aa68e8a90a4","LEGACY-NAME-DALMIA-BHARAT-CEMENT-D16B350C","ab002382-be6a-51f0-99df-5ab560456932","CORPORATE","","EXPLICIT_COMPANY"
"90","86908","87c692f6-dc15-5317-8926-e230d62cf09b","LEGACY-NAME-SHIV-TRAVELS-AF4E66D6","5e259017-6843-5401-8d02-7e14038e89be","CORPORATE","","EXPLICIT_COMPANY"
"93","39965","d4a3b88e-86b8-5ef0-ad75-fa6be9c6c776","LEGACY-NAME-STEK-COMPUTER-17244139","27eb9370-ddb5-588e-b78d-cad2bb47f0ed","CORPORATE","","EXPLICIT_COMPANY"
"105","50888","d51b4aee-7591-512a-bb1d-41358acde099","LEGACY-NAME-GE-T-D-F2DB62C9","d3baa9e8-a072-5c2f-a4fb-bdf28eae804e","CORPORATE","","EXPLICIT_COMPANY"
"107","96668","11ed6384-0b66-5ce2-b32a-727996972da8","LEGACY-NAME-FLUIDOMAT-LTD-1D6998A6","549827bf-46e8-59fd-aeee-689db0874094","CORPORATE","","EXPLICIT_COMPANY"
"109","36342","30bcf362-6522-5d37-a75f-ad50c4c96b42","LEGACY-NAME-KANTA-TRAVEL-SERVICES-02AB5663","e0810007-6fcd-5db2-b9e9-da145c365d85","CORPORATE","","EXPLICIT_COMPANY"
"1093","12889","30bcf362-6522-5d37-a75f-ad50c4c96b42","LEGACY-NAME-KANTA-TRAVEL-SERVICES-02AB5663","1e4a60af-0498-51fe-9f18-4bdaa646a733","CORPORATE","","EXPLICIT_COMPANY"
"2242","17051","30bcf362-6522-5d37-a75f-ad50c4c96b42","LEGACY-NAME-KANTA-TRAVEL-SERVICES-02AB5663","8eae88f5-c212-56f3-88dd-a3684d64092e","CORPORATE","","EXPLICIT_COMPANY"
"120","67167","710eea4d-7bd3-55bb-9086-1c8a2532962d","LEGACY-NAME-ASIAN-TOURS-0B44FD3D","70d4ebd4-596a-5d08-b4a1-9674137177c4","CORPORATE","","EXPLICIT_COMPANY"
"126","27197","ea2aa2b4-1e3e-55e6-8247-8c1b779bdf40","LEGACY-OVERRIDE-ANDERSON-GREENWOOD--AFDFECE4","a03f2b2f-5b52-5aaa-a2dc-eb7574add8ca","CORPORATE","","EXPLICIT_COMPANY"
"623","96810","ea2aa2b4-1e3e-55e6-8247-8c1b779bdf40","LEGACY-OVERRIDE-ANDERSON-GREENWOOD--AFDFECE4","90d9a6a0-307d-544f-a6fc-d2c15e0b29d9","CORPORATE","","EXPLICIT_COMPANY"
"631","60296","ea2aa2b4-1e3e-55e6-8247-8c1b779bdf40","LEGACY-OVERRIDE-ANDERSON-GREENWOOD--AFDFECE4","f3cdeaae-e9f7-5c13-aaf4-88ff9f4c05cf","CORPORATE","","EXPLICIT_COMPANY"
"674","42414","ea2aa2b4-1e3e-55e6-8247-8c1b779bdf40","LEGACY-OVERRIDE-ANDERSON-GREENWOOD--AFDFECE4","29af24ab-acc4-59d2-a190-1b16e963198d","CORPORATE","","EXPLICIT_COMPANY"
"792","43548","ea2aa2b4-1e3e-55e6-8247-8c1b779bdf40","LEGACY-OVERRIDE-ANDERSON-GREENWOOD--AFDFECE4","29af24ab-acc4-59d2-a190-1b16e963198d","CORPORATE","674","EXPLICIT_COMPANY"
"934","96541","ea2aa2b4-1e3e-55e6-8247-8c1b779bdf40","LEGACY-OVERRIDE-ANDERSON-GREENWOOD--AFDFECE4","d68a18b9-6925-5bb5-bfe2-c4f7c37c6bba","CORPORATE","","EXPLICIT_COMPANY"
"1433","87824","ea2aa2b4-1e3e-55e6-8247-8c1b779bdf40","LEGACY-OVERRIDE-ANDERSON-GREENWOOD--AFDFECE4","913f027d-c018-581c-af82-baf908a1668e","CORPORATE","","EXPLICIT_COMPANY"
"1812","99484","ea2aa2b4-1e3e-55e6-8247-8c1b779bdf40","LEGACY-OVERRIDE-ANDERSON-GREENWOOD--AFDFECE4","99c75282-c80d-5765-ae21-f23561eeb660","CORPORATE","","EXPLICIT_COMPANY"
"1855","27197","ea2aa2b4-1e3e-55e6-8247-8c1b779bdf40","LEGACY-OVERRIDE-ANDERSON-GREENWOOD--AFDFECE4","f21049ba-7464-5191-bcb3-66be337e32ea","CORPORATE","","LEGACY_CUSTOMER_ID"
"2021","72639","ea2aa2b4-1e3e-55e6-8247-8c1b779bdf40","LEGACY-OVERRIDE-ANDERSON-GREENWOOD--AFDFECE4","60325781-5359-5423-8d46-84cc05bab94c","CORPORATE","","EXPLICIT_COMPANY"
"2650","36233","ea2aa2b4-1e3e-55e6-8247-8c1b779bdf40","LEGACY-OVERRIDE-ANDERSON-GREENWOOD--AFDFECE4","e226ce2c-882a-54b1-b524-af1cf766de7a","CORPORATE","","EXPLICIT_COMPANY"
"127","97039","8ecd1c5a-7801-54b2-93da-750b0d0ee382","LEGACY-OVERRIDE-BS-B-SAFETY-SYSTEMS-0F2FA475","11b0da70-aa6f-58d9-b42f-08af32cce55a","CORPORATE","","EXPLICIT_COMPANY"
"318","27852","8ecd1c5a-7801-54b2-93da-750b0d0ee382","LEGACY-OVERRIDE-BS-B-SAFETY-SYSTEMS-0F2FA475","33abc936-d351-50b8-b80b-c96be5d1fa68","CORPORATE","","EXPLICIT_COMPANY"
"1050","85502","8ecd1c5a-7801-54b2-93da-750b0d0ee382","LEGACY-OVERRIDE-BS-B-SAFETY-SYSTEMS-0F2FA475","d17cfdf8-0e99-5a65-a8b8-a36c54ab2ea5","CORPORATE","","EXPLICIT_COMPANY"
"2079","37559","8ecd1c5a-7801-54b2-93da-750b0d0ee382","LEGACY-OVERRIDE-BS-B-SAFETY-SYSTEMS-0F2FA475","fe5a6d3f-d5d6-5e0d-92c2-213442718b2a","CORPORATE","","EXPLICIT_COMPANY"
"2346","99315","8ecd1c5a-7801-54b2-93da-750b0d0ee382","LEGACY-OVERRIDE-BS-B-SAFETY-SYSTEMS-0F2FA475","b7f90761-a250-5b8b-ae9e-537d28defa8b","CORPORATE","","EXPLICIT_COMPANY"
"2644","64480","8ecd1c5a-7801-54b2-93da-750b0d0ee382","LEGACY-OVERRIDE-BS-B-SAFETY-SYSTEMS-0F2FA475","61963056-8c01-58fc-83fe-5724c9abdb56","CORPORATE","","EXPLICIT_COMPANY"
"2645","28213","8ecd1c5a-7801-54b2-93da-750b0d0ee382","LEGACY-OVERRIDE-BS-B-SAFETY-SYSTEMS-0F2FA475","a465895b-15d3-53ed-a5bd-3de67ac146d0","CORPORATE","","EXPLICIT_COMPANY"
"2646","53165","8ecd1c5a-7801-54b2-93da-750b0d0ee382","LEGACY-OVERRIDE-BS-B-SAFETY-SYSTEMS-0F2FA475","f1dbcc4b-b620-57ff-b6f0-ad860ba97bc9","CORPORATE","","EXPLICIT_COMPANY"
"128","36185","8beaac9b-7be4-5a3b-baad-657db3973402","LEGACY-NAME-COMPOST-PLANT-BASWAR-32EF2E38","c0a83483-0768-53ab-ab89-d7eac70a1443","CORPORATE","","EXPLICIT_COMPANY"
"134","71271","63162531-4dff-54ee-955f-7c08889b91bc","LEGACY-NAME-TRIVENI-TOUR-AND-TRAVEL-B7A167A3","f79211b1-1015-5277-a799-a14e0ba980b3","CORPORATE","","EXPLICIT_COMPANY"
"142","17166","e2ef4c81-756f-54b2-81e3-937c79cf1900","LEGACY-NAME-IFFCO-PHOOLPUR-3C13F78F","2fc5c4e6-b2a6-53ff-8674-41e040ba7010","CORPORATE","","EXPLICIT_COMPANY"
"149","67431","e0bd41ea-1207-5c2d-88ef-f6f2f3448703","LEGACY-NAME-PPGCL-64EE5037","8b506457-9389-5ff9-a11b-2f7f39433595","CORPORATE","","EXPLICIT_COMPANY"
"1988","98397","e0bd41ea-1207-5c2d-88ef-f6f2f3448703","LEGACY-NAME-PPGCL-64EE5037","452963b2-f160-565b-a92f-2ba86dbf958e","CORPORATE","","EXPLICIT_COMPANY"
"150","14838","05f021d9-5387-52d2-aee0-1450878af955","LEGACY-NAME-AROUND-THE-WORLD-HOLIDA-199BDB76","756fa8ce-fbd4-518a-bb46-4bbc156e109c","CORPORATE","","EXPLICIT_COMPANY"
"182","38291","8d98cd5d-b8f0-5de9-a69e-86ff51370844","LEGACY-NAME-EXPRESS-TRAVEL-CORPORAT-51548322","35fb778b-3d40-5217-b750-0e643d3a13b8","CORPORATE","","EXPLICIT_COMPANY"
"183","46954","e3713ce9-bb8d-5758-af60-c34c32f822bf","LEGACY-NAME-VEEKAY-CONNECTOR-357BE14B","4522db32-750d-53a3-aae2-27b3d53b0733","CORPORATE","","EXPLICIT_COMPANY"
"415","73814","e3713ce9-bb8d-5758-af60-c34c32f822bf","LEGACY-NAME-VEEKAY-CONNECTOR-357BE14B","46fe6344-f0f8-5df0-990b-7d277e6df9bd","CORPORATE","","LEGACY_CUSTOMER_ID"
"2014","14964","e3713ce9-bb8d-5758-af60-c34c32f822bf","LEGACY-NAME-VEEKAY-CONNECTOR-357BE14B","7c1741a8-8810-54b1-97e5-fdc0fcffec5b","CORPORATE","","EXPLICIT_COMPANY"
"2018","34600","e3713ce9-bb8d-5758-af60-c34c32f822bf","LEGACY-NAME-VEEKAY-CONNECTOR-357BE14B","a6320ffe-7c36-5e5f-93eb-fef8500281dc","CORPORATE","","EXPLICIT_COMPANY"
"2023","73814","e3713ce9-bb8d-5758-af60-c34c32f822bf","LEGACY-NAME-VEEKAY-CONNECTOR-357BE14B","629a0de4-dab2-5667-8822-9333b7583ab9","CORPORATE","","EXPLICIT_COMPANY"
"2024","50729","e3713ce9-bb8d-5758-af60-c34c32f822bf","LEGACY-NAME-VEEKAY-CONNECTOR-357BE14B","629a0de4-dab2-5667-8822-9333b7583ab9","CORPORATE","2023","EXPLICIT_COMPANY"
"2034","89555","e3713ce9-bb8d-5758-af60-c34c32f822bf","LEGACY-NAME-VEEKAY-CONNECTOR-357BE14B","e9f05f13-7970-5a43-94d9-6704976c7d6b","CORPORATE","","EXPLICIT_COMPANY"
"2047","45376","e3713ce9-bb8d-5758-af60-c34c32f822bf","LEGACY-NAME-VEEKAY-CONNECTOR-357BE14B","1f53f954-ea24-549a-9501-0c467da9396f","CORPORATE","","EXPLICIT_COMPANY"
"2048","99192","e3713ce9-bb8d-5758-af60-c34c32f822bf","LEGACY-NAME-VEEKAY-CONNECTOR-357BE14B","f3bb1958-4c93-52f9-9291-4407f56dd259","CORPORATE","","EXPLICIT_COMPANY"
"2103","21453","e3713ce9-bb8d-5758-af60-c34c32f822bf","LEGACY-NAME-VEEKAY-CONNECTOR-357BE14B","55201f4f-af86-5de6-b6d7-9584854025fa","CORPORATE","","EXPLICIT_COMPANY"
"2115","28447","e3713ce9-bb8d-5758-af60-c34c32f822bf","LEGACY-NAME-VEEKAY-CONNECTOR-357BE14B","76b10f3c-67bd-5bd4-8675-a1a8b69d45ca","CORPORATE","","EXPLICIT_COMPANY"
"2118","23526","e3713ce9-bb8d-5758-af60-c34c32f822bf","LEGACY-NAME-VEEKAY-CONNECTOR-357BE14B","a849d476-c84d-5f45-9afb-9b21271ac99a","CORPORATE","","EXPLICIT_COMPANY"
"2120","69835","e3713ce9-bb8d-5758-af60-c34c32f822bf","LEGACY-NAME-VEEKAY-CONNECTOR-357BE14B","19c4c91f-9c34-5f3a-b245-ef6532b93910","CORPORATE","","EXPLICIT_COMPANY"
"2148","82416","e3713ce9-bb8d-5758-af60-c34c32f822bf","LEGACY-NAME-VEEKAY-CONNECTOR-357BE14B","7f0de599-71aa-5ec9-b339-1af670399cde","CORPORATE","","EXPLICIT_COMPANY"
"2219","47014","e3713ce9-bb8d-5758-af60-c34c32f822bf","LEGACY-NAME-VEEKAY-CONNECTOR-357BE14B","1642a2bf-d935-575b-8b7e-760155a19dc3","CORPORATE","","EXPLICIT_COMPANY"
"2279","50000","e3713ce9-bb8d-5758-af60-c34c32f822bf","LEGACY-NAME-VEEKAY-CONNECTOR-357BE14B","c2afb672-a8d4-5663-a1a6-b53b23818065","CORPORATE","","EXPLICIT_COMPANY"
"2284","97476","e3713ce9-bb8d-5758-af60-c34c32f822bf","LEGACY-NAME-VEEKAY-CONNECTOR-357BE14B","6a5d0415-89ff-5919-b4f8-f540634a900f","CORPORATE","","EXPLICIT_COMPANY"
"2307","38620","e3713ce9-bb8d-5758-af60-c34c32f822bf","LEGACY-NAME-VEEKAY-CONNECTOR-357BE14B","a849d476-c84d-5f45-9afb-9b21271ac99a","CORPORATE","2118","EXPLICIT_COMPANY"
"204","92980","0ccbfcd4-256e-5c4a-af8f-85ca05923cee","LEGACY-NAME-YATRA-HOLIDAYS-143F3DC3","2930fd78-e22b-54b8-a5ce-65395776645a","CORPORATE","","EXPLICIT_COMPANY"
"220","36232","b7149892-d511-5adc-86ce-b619b11e9c61","LEGACY-NAME-IDS-C12DC1B5","87fd5062-5fca-5036-a34c-e6686ff1287f","CORPORATE","","EXPLICIT_COMPANY"
"908","28830","b7149892-d511-5adc-86ce-b619b11e9c61","LEGACY-NAME-IDS-C12DC1B5","8347358e-7a87-54c6-9a73-0c0cca3941a2","CORPORATE","","EXPLICIT_COMPANY"
"2589","57078","b7149892-d511-5adc-86ce-b619b11e9c61","LEGACY-NAME-IDS-C12DC1B5","3a0ffe96-11a3-5da7-8de1-9c085482f7fd","CORPORATE","","EXPLICIT_COMPANY"
"251","95960","84beaecc-1f0e-555d-a7ae-359e4461360d","LEGACY-NAME-CHINNASH-TRAVELEXPLORE--7311A8EB","d4a25cbd-b823-5053-acf8-7bc9e52f71c6","CORPORATE","","EXPLICIT_COMPANY"
"254","17221","b6c3aef6-567f-5b23-aa97-2a0397d068a7","LEGACY-NAME-ANAND-ATRS-TRAVEL-PVT-L-90C3CCD8","e7893b3d-0349-55fe-b4f9-d46fe2f42376","CORPORATE","","EXPLICIT_COMPANY"
"256","91284","9f1e7b43-cd2b-5562-8a8a-9b2efacb7c8a","LEGACY-NAME-NAMASTE-INDIA-TOURS-TRA-9E8CB219","98f98d39-2d13-51b5-a1b5-22b698d8b244","CORPORATE","","EXPLICIT_COMPANY"
"259","13849","86cc0a2d-090b-5cc0-a30e-23d3ba501cea","LEGACY-NAME-COMFORT-CARS-OFFICE-6DDF3366","7264eb08-c5cc-5bf0-b871-6174c094a3ae","CORPORATE","","EXPLICIT_COMPANY"
"272","83064","e89cae64-85cc-5c67-b517-9af852580d29","LEGACY-NAME-VK-CONNECTOR-90433C8D","76132624-9ef7-5c87-bd82-fac7a999a66d","CORPORATE","","EXPLICIT_COMPANY"
"301","41702","e89cae64-85cc-5c67-b517-9af852580d29","LEGACY-NAME-VK-CONNECTOR-90433C8D","63ebd6f7-b6f8-5401-8d0f-cf091a1919f9","CORPORATE","","EXPLICIT_COMPANY"
"351","45048","e89cae64-85cc-5c67-b517-9af852580d29","LEGACY-NAME-VK-CONNECTOR-90433C8D","5f034e45-8e79-5df7-80a4-8e92a42335e4","CORPORATE","","EXPLICIT_COMPANY"
"489","94289","e89cae64-85cc-5c67-b517-9af852580d29","LEGACY-NAME-VK-CONNECTOR-90433C8D","e4f82d1d-8a7a-510e-a068-c2a29aaae8ec","CORPORATE","","EXPLICIT_COMPANY"
"588","20865","e89cae64-85cc-5c67-b517-9af852580d29","LEGACY-NAME-VK-CONNECTOR-90433C8D","780ef69a-9752-5a76-8ffe-bde54e17a4ff","CORPORATE","","EXPLICIT_COMPANY"
"731","13072","e89cae64-85cc-5c67-b517-9af852580d29","LEGACY-NAME-VK-CONNECTOR-90433C8D","09c7d527-95d7-57e1-9511-535efbfff491","CORPORATE","","EXPLICIT_COMPANY"
"317","66541","5bd7fd68-ff4b-5506-b9aa-96294013e35c","LEGACY-NAME-VARANASI-CAB-88AE8C63","f7dccc30-e109-5d8f-b956-e02bd749b604","CORPORATE","","EXPLICIT_COMPANY"
"355","46326","5bd7fd68-ff4b-5506-b9aa-96294013e35c","LEGACY-NAME-VARANASI-CAB-88AE8C63","0da47b63-eac5-56f3-b107-62d09103aaa0","CORPORATE","","EXPLICIT_COMPANY"
"374","46565","5bd7fd68-ff4b-5506-b9aa-96294013e35c","LEGACY-NAME-VARANASI-CAB-88AE8C63","dec17107-3cc4-5608-b12f-5c5e5fa12b2f","CORPORATE","","EXPLICIT_COMPANY"
"580","93665","5bd7fd68-ff4b-5506-b9aa-96294013e35c","LEGACY-NAME-VARANASI-CAB-88AE8C63","de9f8d30-df35-559b-9690-974a098c94e9","CORPORATE","","EXPLICIT_COMPANY"
"887","63155","5bd7fd68-ff4b-5506-b9aa-96294013e35c","LEGACY-NAME-VARANASI-CAB-88AE8C63","5f35668a-125d-55cd-a8bd-0adbef326888","CORPORATE","","EXPLICIT_COMPANY"
"319","57109","d715a408-2f77-5c1c-999f-e8a6c6d06679","LEGACY-NAME-JMST-TRAVEL-EE6B6BE0","b748b968-4687-5ab4-ab4a-648936734fb2","CORPORATE","","EXPLICIT_COMPANY"
"1087","21906","d715a408-2f77-5c1c-999f-e8a6c6d06679","LEGACY-NAME-JMST-TRAVEL-EE6B6BE0","750d1e12-2ed1-5d47-a0f6-615c9fdbc42e","CORPORATE","","EXPLICIT_COMPANY"
"1088","47068","d715a408-2f77-5c1c-999f-e8a6c6d06679","LEGACY-NAME-JMST-TRAVEL-EE6B6BE0","36686c85-1441-5c9e-b0eb-b98a43f72f2e","CORPORATE","","EXPLICIT_COMPANY"
"1089","73154","d715a408-2f77-5c1c-999f-e8a6c6d06679","LEGACY-NAME-JMST-TRAVEL-EE6B6BE0","3074f432-c644-5bd4-8be9-4784cf9ca2e8","CORPORATE","","EXPLICIT_COMPANY"
"1090","38747","d715a408-2f77-5c1c-999f-e8a6c6d06679","LEGACY-NAME-JMST-TRAVEL-EE6B6BE0","41f2d17f-518d-52a3-ae7e-e0577379c648","CORPORATE","","EXPLICIT_COMPANY"
"1157","12676","d715a408-2f77-5c1c-999f-e8a6c6d06679","LEGACY-NAME-JMST-TRAVEL-EE6B6BE0","a1f4a7af-b7f9-5a60-a5a8-30abb415b033","CORPORATE","","EXPLICIT_COMPANY"
"1190","21043","d715a408-2f77-5c1c-999f-e8a6c6d06679","LEGACY-NAME-JMST-TRAVEL-EE6B6BE0","4b174d0e-190c-5f56-aab0-b3f433da7c7b","CORPORATE","","EXPLICIT_COMPANY"
"1191","34612","d715a408-2f77-5c1c-999f-e8a6c6d06679","LEGACY-NAME-JMST-TRAVEL-EE6B6BE0","a6d1f720-bcbe-5ae4-8eac-ce3a49966d6e","CORPORATE","","EXPLICIT_COMPANY"
"1344","49126","d715a408-2f77-5c1c-999f-e8a6c6d06679","LEGACY-NAME-JMST-TRAVEL-EE6B6BE0","4aed3e90-28c6-5451-80cb-bac2e2ebf023","CORPORATE","","EXPLICIT_COMPANY"
"2212","18248","d715a408-2f77-5c1c-999f-e8a6c6d06679","LEGACY-NAME-JMST-TRAVEL-EE6B6BE0","5cc9016f-3787-59c9-89d5-1400f5686122","CORPORATE","","EXPLICIT_COMPANY"
"320","66607","03b4e254-ea98-5494-97b0-dfc29646a1ad","LEGACY-NAME-JMST-TRAVELS-PVT-LTD-4DD5AC7B","e850daa6-a6d5-5d1b-ab5b-fde128b07a5c","CORPORATE","","EXPLICIT_COMPANY"
"321","80771","03b4e254-ea98-5494-97b0-dfc29646a1ad","LEGACY-NAME-JMST-TRAVELS-PVT-LTD-4DD5AC7B","36ed1bde-80eb-575b-a96c-183d8b0fb236","CORPORATE","","EXPLICIT_COMPANY"
"331","55168","3fe47437-5e4b-5bf8-b32f-4f4dd5858c1b","LEGACY-NAME-SHREE-TRAVELS-E7775D26","f4509ac4-12d8-5fde-ae5a-54e14af81415","CORPORATE","","EXPLICIT_COMPANY"
"419","48297","3fe47437-5e4b-5bf8-b32f-4f4dd5858c1b","LEGACY-NAME-SHREE-TRAVELS-E7775D26","7188c809-2d0f-58cc-8d57-a8cb0ff08668","CORPORATE","","EXPLICIT_COMPANY"
"337","34079","8a58e446-9630-5973-ba12-0d4c4ce65353","LEGACY-NAME-SAFE-GLOBAL-VENTURES-P--1F3C9B1E","48133189-3ea4-517e-8da7-bae3d5ebc340","CORPORATE","","EXPLICIT_COMPANY"
"427","66946","8a58e446-9630-5973-ba12-0d4c4ce65353","LEGACY-NAME-SAFE-GLOBAL-VENTURES-P--1F3C9B1E","ebfbc6a3-fbb2-50f6-880b-c38029928e88","CORPORATE","","EXPLICIT_COMPANY"
"820","75249","8a58e446-9630-5973-ba12-0d4c4ce65353","LEGACY-NAME-SAFE-GLOBAL-VENTURES-P--1F3C9B1E","da740e25-ef96-5cf7-8fae-28d40a941ab3","CORPORATE","","EXPLICIT_COMPANY"
"969","19135","8a58e446-9630-5973-ba12-0d4c4ce65353","LEGACY-NAME-SAFE-GLOBAL-VENTURES-P--1F3C9B1E","3c52c2eb-6247-53db-96c4-d9ba2971c6f1","CORPORATE","","EXPLICIT_COMPANY"
"342","18742","596bde84-cb3b-5df1-b9b9-b5419f8e3024","LEGACY-NAME-SHIV-WORLD-TRAVEL-292A73B3","29ccbbef-faa4-59d7-afeb-fb714625ea35","CORPORATE","","EXPLICIT_COMPANY"
"353","53674","16131b22-b93c-5ce3-8146-5de953eec650","LEGACY-NAME-HINDWARE-10A8187F","6a10fc3f-372c-52ad-82c0-99dba2242e03","CORPORATE","","EXPLICIT_COMPANY"
"359","50225","5fc2ebb9-0418-56ee-b297-d4eb5c730c8e","LEGACY-NAME-ARORA-CABS-2D67D3EB","175f7647-c01f-5182-8241-afdd73525a1a","CORPORATE","","EXPLICIT_COMPANY"
"376","13554","e878ef7c-d0ab-5b00-9e5c-e078a98caaf7","LEGACY-NAME-EXPRESS-TRAVEL-CORPORAT-9BACB415","448d4e60-a865-5b5f-a9ea-3a3e2e379ab3","CORPORATE","","EXPLICIT_COMPANY"
"436","14709","e878ef7c-d0ab-5b00-9e5c-e078a98caaf7","LEGACY-NAME-EXPRESS-TRAVEL-CORPORAT-9BACB415","b088f888-525d-54a9-a9f3-164bead5342d","CORPORATE","","EXPLICIT_COMPANY"
"487","62129","e878ef7c-d0ab-5b00-9e5c-e078a98caaf7","LEGACY-NAME-EXPRESS-TRAVEL-CORPORAT-9BACB415","1d2d170a-254d-57e8-b724-8e4b83bade5d","CORPORATE","","EXPLICIT_COMPANY"
"498","10446","e878ef7c-d0ab-5b00-9e5c-e078a98caaf7","LEGACY-NAME-EXPRESS-TRAVEL-CORPORAT-9BACB415","c533d0d6-3ee2-5a31-a87e-6240eb21cf02","CORPORATE","","EXPLICIT_COMPANY"
"668","94519","e878ef7c-d0ab-5b00-9e5c-e078a98caaf7","LEGACY-NAME-EXPRESS-TRAVEL-CORPORAT-9BACB415","bad42df7-ffe1-5c33-87c6-06ffdc858228","CORPORATE","","EXPLICIT_COMPANY"
"716","86325","e878ef7c-d0ab-5b00-9e5c-e078a98caaf7","LEGACY-NAME-EXPRESS-TRAVEL-CORPORAT-9BACB415","181dc483-c921-5ba2-a8f8-8b5cb99cf0f7","CORPORATE","","EXPLICIT_COMPANY"
"725","98184","e878ef7c-d0ab-5b00-9e5c-e078a98caaf7","LEGACY-NAME-EXPRESS-TRAVEL-CORPORAT-9BACB415","51aa95bf-1663-5a44-867c-99750c996d9c","CORPORATE","","EXPLICIT_COMPANY"
"891","93804","e878ef7c-d0ab-5b00-9e5c-e078a98caaf7","LEGACY-NAME-EXPRESS-TRAVEL-CORPORAT-9BACB415","d18bfd94-b048-5522-b83d-c0a6bdc94771","CORPORATE","","EXPLICIT_COMPANY"
"380","86963","673541b5-4231-5702-a3d2-9d47545779a1","LEGACY-NAME-RAHUL-APPLE-CAB-LUCKNOW-D9543E36","27c22583-75d2-5a1f-a6a3-77d017b390ca","CORPORATE","","EXPLICIT_COMPANY"
"381","11753","51187006-11ce-593d-bdef-c04f9424ffcf","LEGACY-NAME-CLASSIC-CAR-RENTAL-FF19FDA0","1701d5c7-bf01-51d7-8399-d5e4e4050c6c","CORPORATE","","EXPLICIT_COMPANY"
"390","85342","fd77a4c5-0d95-5ac7-84b3-1850891b1fe8","LEGACY-NAME-BARA-NTPC-E09CA490","cf948e8e-e17f-50a9-9fdc-0d336050f938","CORPORATE","","EXPLICIT_COMPANY"
"394","31379","ee40aa37-1dcb-57ea-a72d-b2ffa28d320d","LEGACY-NAME-HOTEL-GANDE-A566B5D4","10fea2f9-14d5-5e58-b218-03f26abf3aec","CORPORATE","","EXPLICIT_COMPANY"
"418","60383","257d76aa-8daa-5af9-b5d3-969bf29aec08","LEGACY-NAME-RASTEY-CAB-SERVICES-DFDB677F","53b829e9-8d62-5527-af62-d864c63a083a","CORPORATE","","EXPLICIT_COMPANY"
"420","25754","549dc3cc-2b13-545e-b40a-2d095394e0cd","LEGACY-NAME-BANYAN-INFO-MEDIA-PVT-L-2D727D22","21d524fe-4eb5-575d-bca6-910598e93ae4","CORPORATE","","EXPLICIT_COMPANY"
"442","88787","fb61b6ae-d7f8-58ba-96fc-c2b8ed3d1983","LEGACY-NAME-DRAIPL-542D4CEF","2a1a6353-cd0e-5cfa-bc97-c11530488f5a","CORPORATE","","EXPLICIT_COMPANY"
"464","28341","90089f8b-c9fc-57c8-a36e-f7cd0b94c109","LEGACY-NAME-RASTEY-CAB-SERVICE-332A0311","ed7bbd16-f9e8-5983-91fe-d6d90b2a92f2","CORPORATE","","EXPLICIT_COMPANY"
"474","86255","90089f8b-c9fc-57c8-a36e-f7cd0b94c109","LEGACY-NAME-RASTEY-CAB-SERVICE-332A0311","d09018dd-5beb-5066-a700-31cac0a99ba7","CORPORATE","","EXPLICIT_COMPANY"
"543","95375","90089f8b-c9fc-57c8-a36e-f7cd0b94c109","LEGACY-NAME-RASTEY-CAB-SERVICE-332A0311","025d799f-7801-54c3-a541-945692f0f050","CORPORATE","","EXPLICIT_COMPANY"
"481","31459","fee15a37-88c0-5cb8-8710-ae23e9092898","LEGACY-NAME-MOHIT-TOUR-TRAVELS-0F9E356E","1544b656-a5c4-5cc8-8657-1a06dca3d039","CORPORATE","","LEGACY_CUSTOMER_ID"
"2516","31459","fee15a37-88c0-5cb8-8710-ae23e9092898","LEGACY-NAME-MOHIT-TOUR-TRAVELS-0F9E356E","55079403-631f-5d22-b468-d6efc55875c3","CORPORATE","","EXPLICIT_COMPANY"
"490","57953","157eed38-f139-54f3-a98d-c911c0bd514c","LEGACY-NAME-DALMIA-CEMENT-0B451F20","2edcf605-9697-54c0-99df-d6a007440cb0","CORPORATE","","EXPLICIT_COMPANY"
"496","20009","58ad3cc9-747b-5d05-bda1-90ba17ddc27f","LEGACY-NAME-MST-TRAVELS-PVT-LTD-647A8C8F","cf46d06e-589f-5da5-a5da-c0ef24a9742c","CORPORATE","","EXPLICIT_COMPANY"
"502","86070","ab9ac258-dd0b-5eb0-adea-6a4b2a2f2408","LEGACY-NAME-AMADA-BD82B199","7d9b311b-1b43-5c86-af6b-6f82daa6841a","CORPORATE","","EXPLICIT_COMPANY"
"686","80459","ab9ac258-dd0b-5eb0-adea-6a4b2a2f2408","LEGACY-NAME-AMADA-BD82B199","66c7c735-8859-5964-a855-101af7e4812a","CORPORATE","","EXPLICIT_COMPANY"
"507","53346","4e64fd6d-159e-52a9-a2b9-15ccf55a0c18","LEGACY-NAME-COMFORT-CARS-DESK-BOOKI-12AFDCC6","68c1fdbe-9886-544a-a183-df490b558a3a","CORPORATE","","EXPLICIT_COMPANY"
"509","62026","04b08caf-26bb-53f0-bf11-d842fb368e04","LEGACY-NAME-MEDICON-67D6558E","807b3a59-92a5-521d-a325-382844b539dd","CORPORATE","","EXPLICIT_COMPANY"
"514","21112","9cc11fae-ff1f-5661-a0fa-f5118679279b","LEGACY-NAME-LINC-PEN-A6D60CDE","22facead-63d2-5662-aab3-8dcae84afafd","CORPORATE","","EXPLICIT_COMPANY"
"2381","61336","9cc11fae-ff1f-5661-a0fa-f5118679279b","LEGACY-NAME-LINC-PEN-A6D60CDE","2f726453-bcdd-5e0c-85e7-ea0a91182026","CORPORATE","","EXPLICIT_COMPANY"
"2547","39863","9cc11fae-ff1f-5661-a0fa-f5118679279b","LEGACY-NAME-LINC-PEN-A6D60CDE","74361eed-9327-5661-acc4-ab683e8572d0","CORPORATE","","EXPLICIT_COMPANY"
"517","85458","38c28ef6-3e84-5188-9d22-87ae0efe34de","LEGACY-NAME-VIBROVISION-ENGINEERING-5A82140F","ee5ce7c4-3a8c-51d5-8b8b-ccf222d9ac9d","CORPORATE","","EXPLICIT_COMPANY"
"526","70841","2ffc2bff-d6f7-553b-a8a9-41de8a4c4c77","LEGACY-NAME-TECHNO-VISUAL-SOLUTIONS-5668413A","d3b848bc-c989-5386-a495-0bc86f3439f6","CORPORATE","","EXPLICIT_COMPANY"
"539","86015","d58b770f-66ec-5805-b24c-a6a4d9b0e614","LEGACY-NAME-THINK-INDIA-HOSPITALITY-7074E194","9e44beee-9cff-5059-b799-3607381a7c38","CORPORATE","","EXPLICIT_COMPANY"
"542","31671","bf45e228-24a1-557e-83a6-b38b30253db3","LEGACY-NAME-THINK-INDIA-HOSPITALITY-AB6BDD6E","045d2e52-464b-5e8f-9bfb-2c2303d9493a","CORPORATE","","EXPLICIT_COMPANY"
"545","10858","853695ee-bce6-55fb-bbd8-4ba6bae2d979","LEGACY-NAME-V-K-CONNECTOR-2C9B420B","99aee157-85b2-5c6a-995a-276c781871cd","CORPORATE","","EXPLICIT_COMPANY"
"564","22372","deda1b6c-73aa-5cc4-8d0b-a996ef10907b","LEGACY-NAME-THINK-INDIA-HOPITALITY-2AE775DB","6ec551a2-53a0-5b17-8dbd-e520ea508ba2","CORPORATE","","EXPLICIT_COMPANY"
"568","82178","b32a05ea-b135-516f-97d8-5af4bb03443e","LEGACY-NAME-POSITIVE-MOVES-5BCA2869","6c0fc761-3a65-5fb7-a916-0b995dd9f7b1","CORPORATE","","EXPLICIT_COMPANY"
"582","44492","0c91dadb-fd27-504b-8404-4998b51125ff","LEGACY-NAME-JANTA-HATCHERY-2F006628","ef5dc22b-c710-5769-87ba-412d2a6554ab","CORPORATE","","EXPLICIT_COMPANY"
"590","21875","4cabcbe3-5f90-58a1-9c90-0ba6b3c1c9fa","LEGACY-NAME-JC-MATERNITY-CENTER-E4F37CD4","8a677325-3d04-5ca9-afea-7a3e048fc0fd","CORPORATE","","EXPLICIT_COMPANY"
"600","39113","dfcd8c82-70f4-57b5-ad26-02fc813d970d","LEGACY-NAME-RASTEY-CAB-3ACC8A93","8ef46da7-27be-594b-b5e2-942241a3b66b","CORPORATE","","EXPLICIT_COMPANY"
"602","98183","254dcc72-7d87-51d2-9a58-6d1c7bdf796c","LEGACY-NAME-PRAYANSH-JAIN-FB5D5502","4a2f522b-fbc1-5045-836e-4887bf1d142a","CORPORATE","","EXPLICIT_COMPANY"
"603","61517","cb8347d4-ff84-5e3f-b785-25b5b9a67923","LEGACY-NAME-SAMRUDH-TOUR-TRAVELS-3F6CF321","4229faad-f6e7-54ec-84d4-442a898f957f","CORPORATE","","EXPLICIT_COMPANY"
"2215","59217","cb8347d4-ff84-5e3f-b785-25b5b9a67923","LEGACY-NAME-SAMRUDH-TOUR-TRAVELS-3F6CF321","ef6c84b3-8912-57ff-8286-fbe07ced266b","CORPORATE","","EXPLICIT_COMPANY"
"607","73615","b8ebc5fa-7503-5999-a8fa-fb1de0277dec","LEGACY-NAME-IMI-CCI-EAD2CC5C","b1d391c2-4f79-5550-bedd-040fb1d3f099","CORPORATE","","EXPLICIT_COMPANY"
"612","89950","d9f9e8a2-4136-5240-9dba-c981940a8800","LEGACY-NAME-ANIL-GOEL-CE7EBCAF","f097a6cd-c990-5df9-8d7f-2b3b76bedf7d","CORPORATE","","EXPLICIT_COMPANY"
"699","80976","d9f9e8a2-4136-5240-9dba-c981940a8800","LEGACY-NAME-ANIL-GOEL-CE7EBCAF","2d9f9255-caf8-51df-9c39-ac4762b4c04f","CORPORATE","","EXPLICIT_COMPANY"
"617","30060","fbeed4d8-a81c-5a55-9485-56e46997db9a","LEGACY-NAME-COMFORT-CARS-BOMBAY-BDB29AA4","a8e8e01a-539c-5ad0-900d-8fc75fc19992","CORPORATE","","EXPLICIT_COMPANY"
"620","82239","0fe76db2-75b6-5db5-be4e-6e179ea5859f","LEGACY-NAME-SAHARA-TV-F8CD2E78","9fded009-2692-5bb6-9e2c-b3cd56d9c857","CORPORATE","","EXPLICIT_COMPANY"
"628","78546","c345aa2a-be85-5053-8c56-eb462918b47a","LEGACY-NAME-SUN-PHARMA-54A8D919","326f3ff6-6d49-57f7-bbd8-20a280e0f916","CORPORATE","","EXPLICIT_COMPANY"
"630","61347","47a58517-58a5-51df-bef6-da4ff0bf39d0","LEGACY-NAME-ALLY-CAR-RENTAL-6F184382","0f201507-4a6b-549d-b2a9-cb272f4aae58","CORPORATE","","EXPLICIT_COMPANY"
"786","51912","47a58517-58a5-51df-bef6-da4ff0bf39d0","LEGACY-NAME-ALLY-CAR-RENTAL-6F184382","329685d9-e460-5449-beb8-ade972cc7361","CORPORATE","","EXPLICIT_COMPANY"
"787","83649","47a58517-58a5-51df-bef6-da4ff0bf39d0","LEGACY-NAME-ALLY-CAR-RENTAL-6F184382","01904080-b29c-5d47-99e7-725506716ca5","CORPORATE","","EXPLICIT_COMPANY"
"632","23136","f45a1536-a47c-5f43-83b1-8e159aa743de","LEGACY-NAME-DUA-EYE-HOSPITAL-FE2C4672","b5be70eb-e370-5460-a208-c87cf12023f2","CORPORATE","","EXPLICIT_COMPANY"
"633","90004","9e0296ae-387b-52fd-a731-5792e91170df","LEGACY-NAME-J-CLASS-HOLIDAYS-CF44BD5F","d1d21780-1439-51bd-ac82-46bbbccdb861","CORPORATE","","EXPLICIT_COMPANY"
"637","10346","b85499a3-546b-5a1c-bc2e-b30299b2bbcd","LEGACY-NAME-MR-SRIJEET-S-NAIR-CFD8A9D3","a7de341b-af21-5881-b3c8-532344170350","CORPORATE","","EXPLICIT_COMPANY"
"639","49265","e1067ef0-88ed-5c71-ac11-91857f734f45","LEGACY-NAME-IIIT-JHALWA-9EE2B6BA","75f647c0-9c8d-52e4-8495-db617c726428","CORPORATE","","EXPLICIT_COMPANY"
"939","98276","e1067ef0-88ed-5c71-ac11-91857f734f45","LEGACY-NAME-IIIT-JHALWA-9EE2B6BA","35e06674-3dc5-5552-96b8-eada04b0b8d7","CORPORATE","","EXPLICIT_COMPANY"
"1310","43382","e1067ef0-88ed-5c71-ac11-91857f734f45","LEGACY-NAME-IIIT-JHALWA-9EE2B6BA","8e77abfa-0be1-55cb-9d65-7f3d9b59c0ac","CORPORATE","","EXPLICIT_COMPANY"
"640","11843","9ab46447-90b1-5957-bd38-c2da3a4e8a80","LEGACY-NAME-MAYANK-E-TICKET-9D082BD6","4e76592c-bea8-56fd-b6f5-1460d39ec6a0","CORPORATE","","EXPLICIT_COMPANY"
"672","96901","039b8ada-91f3-53f9-83c2-e7ef83822775","LEGACY-NAME-VRUVI-TOURISM-MUMBAI-A7E52E59","07fe02c6-76b0-505e-9ab9-35554f70d631","CORPORATE","","EXPLICIT_COMPANY"
"679","95460","431e7064-3ed9-5a3f-baeb-6a286acba206","LEGACY-NAME-BHARAT-RAMNANI-BHOPAL-5E4E464B","a112d71d-4207-5910-8be6-2a72c1c8c91a","CORPORATE","","EXPLICIT_COMPANY"
"708","72157","f03c4270-6c46-5052-af6f-18374910b70e","LEGACY-NAME-ROYAL-TOURS-4D741185","d83181d5-5b6c-5ed4-b4a6-30decf1401d6","CORPORATE","","EXPLICIT_COMPANY"
"723","55863","223da11f-b070-55b1-a0b5-71551b5cf632","LEGACY-NAME-TRIP-MANAGER-E65598BD","23d9a0a1-bbec-51e9-9226-737ed7bca1c7","CORPORATE","","EXPLICIT_COMPANY"
"729","11290","e8552ef0-1b9f-5f58-b132-a3a070a15558","LEGACY-NAME-C-O-SHUBHAM-YADAV-69B22885","ee87a7c2-1f83-5f36-9493-23b9d6d8a8c0","CORPORATE","","EXPLICIT_COMPANY"
"730","98356","7c5ee5e7-f94c-517f-b7d5-d38b092558ec","LEGACY-NAME-C-O-AKHAND-SINGH-A888C034","85f5dcc7-b019-5702-ad16-445c13d74c0d","CORPORATE","","EXPLICIT_COMPANY"
"734","32500","ca10acbf-6387-54d1-8612-3695786bc23a","LEGACY-NAME-C-O-ANKIT-SINGH-A67B950A","5c43c9a9-b406-5bcd-960a-1bbffae06ed9","CORPORATE","","EXPLICIT_COMPANY"
"745","53007","68a7956f-4776-5f2f-919c-810e00948270","LEGACY-NAME-TATA-TECHNOLOGY-B152EE5F","3a17c136-2fae-52ba-bb54-dea9be1a80a7","CORPORATE","","EXPLICIT_COMPANY"
"753","40788","be642d36-e6a7-50ba-ba64-95b8a0b5ccb5","LEGACY-NAME-EASY-TRAVEL-WORLD-31547B13","7b102e4d-fa02-5d12-b101-4fd3449377ad","CORPORATE","","EXPLICIT_COMPANY"
"831","64184","be642d36-e6a7-50ba-ba64-95b8a0b5ccb5","LEGACY-NAME-EASY-TRAVEL-WORLD-31547B13","ddfe9b2f-86e9-554f-b3bc-5243c918f047","CORPORATE","","EXPLICIT_COMPANY"
"2461","15818","be642d36-e6a7-50ba-ba64-95b8a0b5ccb5","LEGACY-NAME-EASY-TRAVEL-WORLD-31547B13","e9d82a5e-83de-52e7-9e35-bbc0e69f6ddd","CORPORATE","","EXPLICIT_COMPANY"
"760","23897","97c61b58-fe96-5d72-bf19-2f14396e0d1a","LEGACY-NAME-GAURAV-DEHAL-3195C17D","4d433eb6-6722-5219-9f19-ab8b581d9151","CORPORATE","","EXPLICIT_COMPANY"
"762","62685","a4936d3c-3264-5cfd-8a6e-f448d8bca69c","LEGACY-NAME-VIVEK-AGARWAL-35A34ADC","4a19524b-42cf-52f5-838c-3242569bc5e9","CORPORATE","","EXPLICIT_COMPANY"
"772","23823","54b5867f-92ba-5a3b-bd77-9945231993a9","LEGACY-NAME-JITENDRA-PARIHAR-REDEFI-242C377F","8a0d7de2-3f77-5ebd-b8d4-4a6adc54efe8","CORPORATE","","EXPLICIT_COMPANY"
"774","84711","978822bd-b107-52a2-829d-c29ba8acc935","LEGACY-NAME-ANMOL-TRAVELS-DEHRADOON-04F18732","66d1c938-3800-5812-9be0-69453e99ec49","CORPORATE","","EXPLICIT_COMPANY"
"778","20691","bed1577f-eba2-5038-bd07-74c21259c1a3","LEGACY-NAME-DEVADUTTA-C7CDED63","7c0ffc85-53c1-5d9c-8c26-801ceb7da316","CORPORATE","","EXPLICIT_COMPANY"
"782","63263","03e38e96-8222-52a7-b237-a407d9e103cc","LEGACY-NAME-SAMRUDH-TOURS-8F0C1FC9","27791abd-71e6-537e-98a8-fd7bb1a33704","CORPORATE","","EXPLICIT_COMPANY"
"880","37532","03e38e96-8222-52a7-b237-a407d9e103cc","LEGACY-NAME-SAMRUDH-TOURS-8F0C1FC9","510c2100-c68e-5eb1-846c-d252ff3b32c2","CORPORATE","","EXPLICIT_COMPANY"
"797","36595","a001eb5d-078c-5a39-951f-ab3ef16729d0","LEGACY-NAME-TRIMURTI-TOURS-AND-TRAV-CE79CB2E","bff6ab70-b091-5875-92b3-7ed9f786603a","CORPORATE","","EXPLICIT_COMPANY"
"804","49042","9b8cedfa-1217-5ac0-a2c6-b0ad819ce407","LEGACY-NAME-RITU-D39ECBF0","2219394d-8605-5935-94f3-ea99b29acbe8","CORPORATE","","EXPLICIT_COMPANY"
"814","42144","79bc3170-bae8-5ece-96c9-742ca43e145f","LEGACY-NAME-SHRI-MANGAL-TOURS-TRAVE-FABCE025","ab1ee997-d854-5d49-994a-5983adf5a304","CORPORATE","","EXPLICIT_COMPANY"
"821","15295","57f0aae7-1ca5-5eec-bfbf-287f4630a84a","LEGACY-NAME-MR-AYUSH-KANORIA-AA4EB605","e7bb29cf-d07e-59be-8b3b-3a64b643a0be","CORPORATE","","EXPLICIT_COMPANY"
"823","37826","39e24c43-65fd-5651-a9b5-aa59d2afcbbf","LEGACY-NAME-PULSE-PHARMACEUTICALS-P-8A67FFEB","c1bad755-99e2-56eb-81be-9c9fd42980b4","CORPORATE","","EXPLICIT_COMPANY"
"825","17076","b4986931-7a56-5c94-84a4-26e2bfa7ec1b","LEGACY-NAME-GRAND-BEAUTY-AWARD-FDFE79C0","5db4ec12-1716-592e-b1f5-4caaeef9134a","CORPORATE","","EXPLICIT_COMPANY"
"827","47305","bc9a19e7-7186-5b44-ba96-cbf558185565","LEGACY-NAME-MODI-BUS-WALE-AEB44798","c6f5cd22-c63a-53f2-8030-9b1403581969","CORPORATE","","EXPLICIT_COMPANY"
"828","84460","8bcd9238-ff30-5c9f-93a0-c51d63ee8ae4","LEGACY-NAME-VAAS-CAR-RENTAL-38C0CBB5","f37fa5d8-758c-5b3e-b145-89a2c4c2695d","CORPORATE","","EXPLICIT_COMPANY"
"844","59167","e1f4fc47-6731-57c4-865a-0735704e1714","LEGACY-NAME-SANJAY-SHRIVASTAVA-VEND-4FA4D385","908d0f03-7438-5539-9b88-668c75d7f5e3","CORPORATE","","EXPLICIT_COMPANY"
"857","79801","855e8a4c-ad31-5591-b796-1c1729c2365c","LEGACY-NAME-MOHIT-TOURS-DE9738D5","915a3282-1cb9-51b4-a1d9-366684dbecdc","CORPORATE","","EXPLICIT_COMPANY"
"869","65127","0e2646ad-ec10-5be4-ac17-25c763e44b57","LEGACY-NAME-TIYA-TAXI-6BD13533","54daa2c1-8788-5bdf-97bd-5c881e10af9c","CORPORATE","","EXPLICIT_COMPANY"
"906","67131","0e2646ad-ec10-5be4-ac17-25c763e44b57","LEGACY-NAME-TIYA-TAXI-6BD13533","642bc3dd-7c79-511f-85c9-93e4fe86d6bc","CORPORATE","","EXPLICIT_COMPANY"
"870","12902","33b88553-d4e3-5ede-a62b-0a78939c13b5","LEGACY-NAME-SHIKHA-YADAV-6C7B0F77","e3d0c1dd-a16c-56bf-aed3-9dcded21053a","CORPORATE","","EXPLICIT_COMPANY"
"871","60087","b7191c77-1633-576f-a01e-8be3446a5367","LEGACY-NAME-EXPRESS-TRAVEL-CORPORAT-52DDB386","8072b216-2d42-52cf-b7ac-a54da3a45aea","CORPORATE","","EXPLICIT_COMPANY"
"979","61824","b7191c77-1633-576f-a01e-8be3446a5367","LEGACY-NAME-EXPRESS-TRAVEL-CORPORAT-52DDB386","66b7e21a-56c3-568d-9c97-e586ebe3bce1","CORPORATE","","EXPLICIT_COMPANY"
"873","81087","6d69f131-322e-526c-b8d5-b826e73e2aa4","LEGACY-NAME-SUMEUDH-TOURS-90796925","724c6500-d870-5c51-8ec6-3d05413eca51","CORPORATE","","EXPLICIT_COMPANY"
"876","96506","5fa6cee0-d348-5dc0-aa73-447358b58eaa","LEGACY-NAME-ONENESS-TRIP-B85DCF5A","31c29a19-4b01-5a0b-8616-caf5d66fbe6e","CORPORATE","","EXPLICIT_COMPANY"
"882","81812","00defd0b-63a4-59ff-b6d8-84ddc0b299ad","LEGACY-NAME-JAI-RAJ-SANJAY-DUBRI-NA-438B2676","99352309-fe0f-5810-856e-a856413198a8","CORPORATE","","EXPLICIT_COMPANY"
"883","67210","00defd0b-63a4-59ff-b6d8-84ddc0b299ad","LEGACY-NAME-JAI-RAJ-SANJAY-DUBRI-NA-438B2676","798eb626-1ed1-5f7f-a11b-855ecce6ab83","CORPORATE","","EXPLICIT_COMPANY"
"886","11493","b65ca721-61fc-558f-844b-d76f22a15a45","LEGACY-NAME-BOSTON-SCIENTIFIC-52EF17F9","1534a280-5304-5b12-ad04-0f4539ca0e6c","CORPORATE","","EXPLICIT_COMPANY"
"895","80606","bb880e9f-e3df-528f-8d0f-c9f22626a1b2","LEGACY-NAME-VAS-CAR-RENTAL-5B7249B6","2060598a-33e4-508e-9066-6329eb7ea697","CORPORATE","","EXPLICIT_COMPANY"
"1036","71024","bb880e9f-e3df-528f-8d0f-c9f22626a1b2","LEGACY-NAME-VAS-CAR-RENTAL-5B7249B6","b5834bc7-6b02-5268-87e0-09d454a8e0ea","CORPORATE","","EXPLICIT_COMPANY"
"916","66235","8c7f968a-8f99-5e7c-845e-5a060f97eff7","LEGACY-NAME-VAALVE-BATHWARE-INDIA-P-FCE89FDC","138a3702-9c59-58d3-ae37-adb8df2b0243","CORPORATE","","EXPLICIT_COMPANY"
"933","21427","15722ec6-36a7-5bec-985d-050a043c87ad","LEGACY-NAME-BIRLA-CEMENT-962D6941","63fffcf0-e391-51ce-a582-7887af6ddf4a","CORPORATE","","EXPLICIT_COMPANY"
"935","42355","75714e12-e2ae-59b9-8bc0-cef2d70ffb07","LEGACY-NAME-APPLE-CAB-65CC6F02","76a63027-994b-5378-bf4e-66824eb502d8","CORPORATE","","EXPLICIT_COMPANY"
"957","44913","75714e12-e2ae-59b9-8bc0-cef2d70ffb07","LEGACY-NAME-APPLE-CAB-65CC6F02","8fa6069c-edc2-55f9-8aeb-96d4142eab61","CORPORATE","","EXPLICIT_COMPANY"
"962","24743","75714e12-e2ae-59b9-8bc0-cef2d70ffb07","LEGACY-NAME-APPLE-CAB-65CC6F02","54d4c376-5414-5c87-b9b5-4331c113a40e","CORPORATE","","EXPLICIT_COMPANY"
"970","38948","75714e12-e2ae-59b9-8bc0-cef2d70ffb07","LEGACY-NAME-APPLE-CAB-65CC6F02","b0d34024-25e5-5f5b-8f46-927e7fd8c209","CORPORATE","","EXPLICIT_COMPANY"
"938","99465","69d6001e-8875-5c38-b3b4-18880dd34a4f","LEGACY-NAME-DSP-EXPO-TRAVEL-7A550413","409f226f-ad9c-5041-ba72-e25c5ce3f907","CORPORATE","","EXPLICIT_COMPANY"
"949","63295","d8aee784-d172-58f6-bf72-22139ec95c03","LEGACY-NAME-RAJDEEP-CONSTRUCTION-92A08F39","da64d9d0-5fac-52f9-bfd8-715bc4e5c260","CORPORATE","","EXPLICIT_COMPANY"
"955","42897","cd9689bf-5847-5816-8b2b-b4dc525ea57e","LEGACY-NAME-ROYAL-TOURIST-TRANSPORT-19D13F81","963d2faf-7a60-5d7b-8bb3-8f0781354427","CORPORATE","","EXPLICIT_COMPANY"
"960","51547","8e6699e2-2e8b-5458-ba7c-bfdfb71550f7","LEGACY-NAME-SHALIN-AGARWAL-A2C053E2","42c6a610-d115-50c3-b437-fa0d8ba4b7d2","CORPORATE","","EXPLICIT_COMPANY"
"963","51625","70c684fc-6247-5869-9646-ffb2d026d886","LEGACY-NAME-PRATHAM-VACATION-606952AB","6050577a-5a5a-551a-a073-b8c5e0b74faa","CORPORATE","","EXPLICIT_COMPANY"
"964","80026","acd713c2-45a5-5917-b9b9-9ff61bcd5902","LEGACY-NAME-TVS-CREDIT-SERVICE-LTD--6F7FF836","e0bc23ba-7226-573a-94d8-98e58394db4f","CORPORATE","","EXPLICIT_COMPANY"
"975","46268","f0dc4027-be42-543f-acc4-20c94e3b1179","LEGACY-NAME-DHANASVI-TOUR-AND-TRAVE-55E639D5","620b0c66-36a2-5291-bc13-48d83eb05a27","CORPORATE","","EXPLICIT_COMPANY"
"984","56514","35d3bd15-d3af-51fd-b337-6e5c2c32e682","LEGACY-NAME-THERMOFISHER-SCINTIFIC--1AFA2A51","572fe3d4-f399-51c1-808c-7eb33c515f99","CORPORATE","","EXPLICIT_COMPANY"
"985","49518","73795e7b-7522-5132-9947-1f3a8a384df9","LEGACY-NAME-SURYA-TRAVEL-968819AC","328d5363-8571-5871-93c7-553ebae30282","CORPORATE","","EXPLICIT_COMPANY"
"1341","78202","73795e7b-7522-5132-9947-1f3a8a384df9","LEGACY-NAME-SURYA-TRAVEL-968819AC","d0d777c2-4745-532d-91c2-5fe3cf77ac8e","CORPORATE","","EXPLICIT_COMPANY"
"986","11343","71908f14-8bb7-59ca-bdd8-6a725b8c5d0e","LEGACY-NAME-TVS-CREDIT-SERVICES-LTD-F18CDB5B","e9d369f8-aebe-5ee1-b60e-91566b217489","CORPORATE","","EXPLICIT_COMPANY"
"991","79666","780abfc2-3d7e-555a-838c-cdc854d7db09","LEGACY-NAME-EXPRESS-TRAVEL-CORPORAT-405FDDA7","75c87ca3-91b1-5d19-a75c-f220baba40c1","CORPORATE","","EXPLICIT_COMPANY"
"992","35369","c7e04696-6ac5-5f5f-b9ba-afce7b41ad61","LEGACY-NAME-TIMES-TRAVEL-06AAC854","aa9d3753-612b-5ae8-b480-10181ea63c36","CORPORATE","","EXPLICIT_COMPANY"
"994","66572","81eac474-00d4-5412-a6e8-d63862a67cce","LEGACY-NAME-SAFE-GLOBAL-VENTURE-P-L-C1CCB791","919985a0-95f9-5f52-a4f3-38b0084b653d","CORPORATE","","EXPLICIT_COMPANY"
"998","19011","596659b6-1912-5d52-a20d-340341d5f3fd","LEGACY-NAME-PUSA-HOLIDAYS-C6D10315","b261a857-d711-5706-9076-471681c765c0","CORPORATE","","EXPLICIT_COMPANY"
"1000","52692","d0dc8d30-f945-5827-a1e7-223ea0a3a2ee","LEGACY-NAME-TVS-CREDIT-132FD7DC","eacf68e3-597b-5d2e-9c66-c877bdbf9229","CORPORATE","","EXPLICIT_COMPANY"
"1062","47781","d0dc8d30-f945-5827-a1e7-223ea0a3a2ee","LEGACY-NAME-TVS-CREDIT-132FD7DC","476e89f7-d0ef-588b-8625-52666446a986","CORPORATE","","EXPLICIT_COMPANY"
"1083","77864","d0dc8d30-f945-5827-a1e7-223ea0a3a2ee","LEGACY-NAME-TVS-CREDIT-132FD7DC","eeee9890-33e0-541f-a85c-a8615de7ab37","CORPORATE","","EXPLICIT_COMPANY"
"1006","30632","4369663b-4da2-56b5-bb6d-79f82bd8684d","LEGACY-NAME-VIDHYARTHI-KENDRA-PUBLI-D33F3AB5","5219971b-df84-521f-9989-4c354e12975e","CORPORATE","","EXPLICIT_COMPANY"
"1015","82024","498971f8-028c-562e-bff6-7c9025ad2893","LEGACY-NAME-REVIVE-ROUTES-INDIA-E2216C85","79292362-afd4-50ca-b06f-8b51999fd1dd","CORPORATE","","EXPLICIT_COMPANY"
"1026","52655","9250a1e8-fe6b-5cca-b8a2-9bb1fe5e1442","LEGACY-NAME-TRIPKARTZ-A-UNIT-OF-TRA-836E2F3F","ba1d7097-0125-5b43-a4b2-0eaca79a3612","CORPORATE","","EXPLICIT_COMPANY"
"1035","51874","9250a1e8-fe6b-5cca-b8a2-9bb1fe5e1442","LEGACY-NAME-TRIPKARTZ-A-UNIT-OF-TRA-836E2F3F","2880b1c6-299e-50e4-8a0b-c8a708c6627c","CORPORATE","","EXPLICIT_COMPANY"
"1030","58770","d0ca1b99-b073-5412-ae8e-fb09df6c370a","LEGACY-NAME-EXPRESS-TRAVEL-CORPORAT-CC236B23","110baa95-dcf8-5522-8df7-e5f82ff6dd9e","CORPORATE","","EXPLICIT_COMPANY"
"1032","49494","834f56e9-82fb-5cce-8fc2-8f1f7cef2961","LEGACY-NAME-VENUS-RENT-A-CAR-22F97C95","06561495-ccd3-52ed-a018-bbb6c5372ed9","CORPORATE","","EXPLICIT_COMPANY"
"1033","25323","834f56e9-82fb-5cce-8fc2-8f1f7cef2961","LEGACY-NAME-VENUS-RENT-A-CAR-22F97C95","2464cc46-cd2a-51ff-8a69-13a12de27305","CORPORATE","","EXPLICIT_COMPANY"
"1034","58909","834f56e9-82fb-5cce-8fc2-8f1f7cef2961","LEGACY-NAME-VENUS-RENT-A-CAR-22F97C95","fbef32fb-9f86-5a35-b3c3-3ea06b960e10","CORPORATE","","EXPLICIT_COMPANY"
"1038","34122","f78010c5-54d9-5195-9e38-c0adb4669d2c","LEGACY-NAME-AKASH-CHATTISGARH-0A9108E3","b1901a2f-9c90-5059-ad6d-5e2cffffb4d0","CORPORATE","","EXPLICIT_COMPANY"
"1041","16897","11d8e3d4-150a-56e9-99c9-1ec5a85e1153","LEGACY-NAME-TRAVEL-ADDICTS-SARAL-CBA5DEDC","5da056c6-de22-5358-af41-4412ddc349e5","CORPORATE","","EXPLICIT_COMPANY"
"1045","59672","11d8e3d4-150a-56e9-99c9-1ec5a85e1153","LEGACY-NAME-TRAVEL-ADDICTS-SARAL-CBA5DEDC","39ab282e-bf80-521b-8759-b7defdd0bc07","CORPORATE","","EXPLICIT_COMPANY"
"1053","33143","b20d6ffb-409b-5e04-82ff-0cc7ad44e395","LEGACY-NAME-KARAN-COMMUNICATION-F4F03749","2981ea79-b9c8-5690-92ea-29a630aa8b62","CORPORATE","","EXPLICIT_COMPANY"
"1054","57235","b20d6ffb-409b-5e04-82ff-0cc7ad44e395","LEGACY-NAME-KARAN-COMMUNICATION-F4F03749","bbfb473c-83ac-5186-ae65-33bdadddf247","CORPORATE","","EXPLICIT_COMPANY"
"1055","16859","b20d6ffb-409b-5e04-82ff-0cc7ad44e395","LEGACY-NAME-KARAN-COMMUNICATION-F4F03749","49d11769-d79e-5443-9c7e-f96eae048980","CORPORATE","","EXPLICIT_COMPANY"
"1059","11885","321a264b-c5e2-51df-9a37-50f36101321a","LEGACY-NAME-CLUETRIP-HOLIDAYS-29CF3677","fb941396-5d14-5714-b872-1843ff3ea6fb","CORPORATE","","EXPLICIT_COMPANY"
"1067","31895","b7a7a476-10ea-578d-b452-628f8b3306ec","LEGACY-NAME-SUZUKI-MOTORCYCLE-INDIA-7617CF3D","35a945c5-5b81-569a-a55a-e4998058da33","CORPORATE","","EXPLICIT_COMPANY"
"1085","35263","4dd76d2e-ba68-519f-963a-0c42f1b93da5","LEGACY-NAME-JMST-TRAVELS-0F52DEE9","d94041c9-6335-5e1a-919a-f313d7121582","CORPORATE","","EXPLICIT_COMPANY"
"1086","18542","4dd76d2e-ba68-519f-963a-0c42f1b93da5","LEGACY-NAME-JMST-TRAVELS-0F52DEE9","19a953c1-7a2b-5007-acea-e19878c52510","CORPORATE","","EXPLICIT_COMPANY"
"1100","90846","b324442b-64dd-5023-87dc-7b352d264a58","LEGACY-NAME-TRULY-RAPID-BITTU-CABS-AD48F47A","c0b2f90f-cb34-562b-a962-29a9d23c201f","CORPORATE","","EXPLICIT_COMPANY"
"1107","17521","708b4032-edfe-5b6d-a469-028f4492e0c2","LEGACY-NAME-SHARIQUE-DZIRE-6523F3D7","87f2ac17-48a2-5fea-9482-4eb20824f998","CORPORATE","","EXPLICIT_COMPANY"
"1109","26580","fa44f167-956e-5a07-9bc2-e1546d6a6b31","LEGACY-NAME-PRACTIDESK-SOLUTION-LLP-DB18BCE4","c0be3f24-d498-575f-a0a9-70b96543f15a","CORPORATE","","EXPLICIT_COMPANY"
"1110","15357","4cae91f7-8845-5eac-85d4-977b511ef622","LEGACY-NAME-DESIGN-FACTORY-INDIA-E6175597","4d42660f-a1c5-555a-9f59-be7e3ca9bd52","CORPORATE","","EXPLICIT_COMPANY"
"1112","67002","bc4d397b-0ff4-5046-aaea-e88e44e88745","LEGACY-NAME-CEES-INDIA-BE9DB865","a1ab3a12-c9a2-59a3-9202-67cfb4f32fa7","CORPORATE","","EXPLICIT_COMPANY"
"1137","59843","f94b5560-bd96-5c48-802d-666587226da0","LEGACY-NAME-DECATHLON-SPORTS-INDIA-9088FBD8","eb7af7e6-1963-5b4a-9363-ad4e3b346c65","CORPORATE","","EXPLICIT_COMPANY"
"1143","86023","38c3b62c-4510-51b1-afa9-91dcfae248f5","LEGACY-NAME-SUMIT-PANCHOLI-15D8A3F2","91a81a7e-7d61-5be0-9eea-adcd7b3dd6ac","CORPORATE","","EXPLICIT_COMPANY"
"1145","84899","2d3b89c8-36e6-5d06-a9f7-4ec1e9c3ea31","LEGACY-NAME-TEKSON-CABLE-HOUSE-6D9EB987","b5180778-88da-5d31-915c-2647cd385a40","CORPORATE","","EXPLICIT_COMPANY"
"1146","49646","431e1bb1-a265-5e8e-a788-63bb464c901a","LEGACY-NAME-LAB-INDIA-ANALYTICAL-IN-67505D7D","53bb0f99-927e-5963-98b1-0aded98033c5","CORPORATE","","EXPLICIT_COMPANY"
"1150","87154","fc7ca058-42a4-5029-95df-ecef4b3bb7fc","LEGACY-NAME-GANESH-MUMBAI-5D2E79C6","2292de7b-c349-5346-a458-28427fa98c86","CORPORATE","","EXPLICIT_COMPANY"
"1152","29380","2669af7a-9c87-5539-913c-62597a15cb9f","LEGACY-NAME-ESAW-MICROSCOPES-AND-LA-FCD33ECF","6d4a9eff-a97d-5d3b-9d20-cebc278acfdb","CORPORATE","","EXPLICIT_COMPANY"
"1153","82626","1cafa75d-eb61-5745-a558-b195d556793f","LEGACY-NAME-SAFE-RIDE-INDIA-PVT-LTD-2867FAEE","b47bcffb-551e-5305-bfa1-0a22f9fcbe88","CORPORATE","","EXPLICIT_COMPANY"
"1165","80142","f4b63059-d7c1-5803-af9f-d2d6c7d08386","LEGACY-NAME-CANDOR-COMMUTING-CAB-PV-19193EAB","a65b4112-945f-5e81-8d50-615bb25145db","CORPORATE","","EXPLICIT_COMPANY"
"1170","69761","ae4b0a89-a9b2-5977-8db0-a3b5e7468c47","LEGACY-NAME-R-K-TRAVEL-INDORE-7E6228F2","465342ec-8d99-5dd9-be88-57ccbb270c71","CORPORATE","","EXPLICIT_COMPANY"
"1174","68122","406237f1-26bf-503e-a6ba-5c88d358b195","LEGACY-NAME-JSM-TRADING-COMPANY-EF9F43C0","fd5af87f-4d0f-53f9-8461-c8a3bdc1394f","CORPORATE","","EXPLICIT_COMPANY"
"1176","40772","d65fb787-c910-57c0-a9bd-0f72a3a93967","LEGACY-NAME-LALLOO-JI-TENT-66A7CCCE","636b3904-0436-5274-8606-82dc13da3696","CORPORATE","","EXPLICIT_COMPANY"
"1179","13144","9e5f6f6c-e2a8-54aa-9089-ae1e9e5c41e5","LEGACY-NAME-JEEVAN-JYOTI-HOSPITAL-393EEC4D","433c7cc4-f4fe-5aa1-b76d-046ff2261fd1","CORPORATE","","EXPLICIT_COMPANY"
"1188","25382","95ed69c5-9a33-5164-bbbd-5790437caee4","LEGACY-NAME-CCI-CAB-KOLKATA-8E99D718","f72921c7-ca22-59b7-bcfb-7d95c5d55063","CORPORATE","","EXPLICIT_COMPANY"
"1194","85216","2c6689c6-50dd-59cb-a763-5c895f950675","LEGACY-NAME-LS-CAR-RENTAL-CDA836EC","a68bcc89-195b-5ba4-a8bd-305c48382fc2","CORPORATE","","EXPLICIT_COMPANY"
"1199","58935","2c6689c6-50dd-59cb-a763-5c895f950675","LEGACY-NAME-LS-CAR-RENTAL-CDA836EC","a11090f5-3488-5f70-b20a-1d514a8c645c","CORPORATE","","EXPLICIT_COMPANY"
"1241","93025","2c6689c6-50dd-59cb-a763-5c895f950675","LEGACY-NAME-LS-CAR-RENTAL-CDA836EC","666830e5-ad62-5f11-b49b-d01d8bf7046f","CORPORATE","","EXPLICIT_COMPANY"
"1282","65931","2c6689c6-50dd-59cb-a763-5c895f950675","LEGACY-NAME-LS-CAR-RENTAL-CDA836EC","9e7590ae-b03e-5a3a-97c4-fc82de10443f","CORPORATE","","EXPLICIT_COMPANY"
"1200","68991","dd4de904-042f-5ea7-9945-b245d7445d49","LEGACY-NAME-WOW-CAR-RENTAL-17712A34","0d705ff4-d2c8-5397-b80d-0d55efafbf5c","CORPORATE","","EXPLICIT_COMPANY"
"1223","77351","fc284594-a7da-5701-965f-1c72c0199e0c","LEGACY-NAME-KPC-PROJECTS-LTD-GWL-F5A28C07","1ced0248-e959-5e56-9a80-64c2c032d523","CORPORATE","","EXPLICIT_COMPANY"
"1224","75638","b4ed4cf0-dfc3-5d49-8c7f-c1223270d37f","LEGACY-NAME-ESCORTS-TRACTOR-379FC9BD","6cc90f84-2e15-5845-a8ac-050d961af8a9","CORPORATE","","EXPLICIT_COMPANY"
"1226","41180","cd4c52b9-c12f-50b7-b0e5-449beacac162","LEGACY-NAME-VENUS-HOLIDAYS-994100ED","9dc8ea85-593e-5da5-a2d4-eb1674df0e19","CORPORATE","","EXPLICIT_COMPANY"
"1227","71567","e4a17d72-7d7c-5f75-9802-1619bc9a6798","LEGACY-NAME-KUSHAGRA-TRAVEL-A6C8968C","4a862cf8-cd33-526e-906a-1fbd15351301","CORPORATE","","EXPLICIT_COMPANY"
"1228","46861","4b4ad69c-227b-5bf6-986b-207047c54295","LEGACY-NAME-CHALLENGERS-SWEEPERS-45BF14E3","86649d1c-8058-5f24-838f-c73cd302916e","CORPORATE","","EXPLICIT_COMPANY"
"1229","44007","4cf603f9-d433-588e-b8ac-ccb0f3f2f81f","LEGACY-NAME-BIRLA-CORPORATION-7AEE1D99","f4bde485-3c34-5cb8-98d0-b23139bcb77d","CORPORATE","","EXPLICIT_COMPANY"
"1231","27939","81aa5908-cc05-5926-bd09-696107a88218","LEGACY-NAME-SHOWCRAFT-PRODUCTION-PV-A6F8B919","a18c3f13-5f1b-5956-8400-6324e8ecb8ae","CORPORATE","","EXPLICIT_COMPANY"
"1237","38113","8fc45d4f-6838-5537-9684-db26cd7eacd5","LEGACY-NAME-AAYUSHMAAN-FALOD-26B094B4","72c1d29d-1cab-5d8a-bfb4-9381d4f9af1b","CORPORATE","","EXPLICIT_COMPANY"
"1240","64365","24b77784-6840-53f3-9f2e-12f7a2b7cd7b","LEGACY-NAME-ROAD-KING-SERVICE-BD0A684B","7fa316d8-083a-56f0-a5cb-08cc5d10e206","CORPORATE","","EXPLICIT_COMPANY"
"1242","69248","fd20f886-3d38-516f-85b0-1489b7fc6774","LEGACY-NAME-CARNIVO-INDIA-HOLIDAYS--F769C01D","6116d5ad-702b-5cc5-ac28-f0a8518780cf","CORPORATE","","EXPLICIT_COMPANY"
"1246","21086","b777a255-777f-5c97-93fd-8d7d7d6b043f","LEGACY-NAME-BIT-CAR-RENTAL-DB54AEB5","fd530236-4dbe-51ff-90a8-299f641be4f0","CORPORATE","","EXPLICIT_COMPANY"
"1250","57236","ff1114dd-31f2-58f8-9bcd-1e2450a48ec2","LEGACY-NAME-UNICORN-ROOMS-69295AE4","06690cb0-55f3-5a25-ae4a-b249c97bed95","CORPORATE","","EXPLICIT_COMPANY"
"1274","35389","2b59ddb2-0ab5-5b31-9064-0cfc16c478bd","LEGACY-NAME-MR-AKHIL-AGARWAL-28522CD8","5954a42d-d618-59ba-a14c-0764e9d48398","CORPORATE","","EXPLICIT_COMPANY"
"1285","59158","6ee4d66f-4572-5844-90ce-e3579e1fbb48","LEGACY-NAME-MR-AYUSH-473AD448","d896a946-17e7-5dd2-aa8c-68cf735caf23","CORPORATE","","EXPLICIT_COMPANY"
"1288","36509","ae697c70-373b-5079-beab-9e8b128f72b0","LEGACY-NAME-MR-ABHAY-MISHRA-FFB15FCD","4f53285a-0fdf-5d1e-8156-5b65dc2740f6","CORPORATE","","EXPLICIT_COMPANY"
"1300","95589","80910c55-5f80-58bf-8876-56ffb89aaef8","LEGACY-NAME-CCICAB-KOLKATA-C3094849","a7c1c346-3646-5086-88df-5c2859a72ac4","CORPORATE","","EXPLICIT_COMPANY"
"1320","96764","44cf2345-8f42-5bc0-918d-72a1037ac16e","LEGACY-NAME-KALINGA-CAR-RENTAL-3D507E5A","ef4a8253-8ac1-51c7-9761-24a929c7b117","CORPORATE","","EXPLICIT_COMPANY"
"1326","64202","144725db-d4bb-55f9-9305-b30c3f9ff7dc","LEGACY-NAME-MALIK-TRAVEL-B247E06F","4da6dd02-272f-5cd9-be19-1e3ee1c98c0d","CORPORATE","","EXPLICIT_COMPANY"
"1342","52312","144725db-d4bb-55f9-9305-b30c3f9ff7dc","LEGACY-NAME-MALIK-TRAVEL-B247E06F","13784fbe-6bfe-53db-9346-d9d8ff9e5d4e","CORPORATE","","EXPLICIT_COMPANY"
"1327","44390","20626848-b748-536f-93d6-0700c586ec1b","LEGACY-NAME-MS-ANAMIKA-TOUR-OPERATO-87A3A752","4f6a7ad1-4c7f-5968-96dc-531bc02172e5","CORPORATE","","EXPLICIT_COMPANY"
"1352","73921","70b4e13b-5af1-527b-a862-96186b926a02","LEGACY-NAME-SOMNATH-FLYWORLD-2CB3B5B9","d9f6eac0-77e8-5e47-a7f8-054af463adab","CORPORATE","","EXPLICIT_COMPANY"
"1362","92015","3db73a36-7a6a-5fe8-85e4-0a66a1f0dde0","LEGACY-NAME-COMFORT-CARS-B62E9AA4","b01b5b0e-55f6-54f1-96af-cf22c1ff8e15","CORPORATE","","EXPLICIT_COMPANY"
"1363","54864","b0e4454c-e662-5864-992e-9a946d495367","LEGACY-NAME-TRIP-CARNIVAL-DBD17537","59e3a23f-6e2f-5246-9ac9-4414537d4e4c","CORPORATE","","EXPLICIT_COMPANY"
"1365","36322","6ac9dffd-8686-53b8-a7a8-f736e15c755f","LEGACY-NAME-JEEVAN-DHAKNE-A846EB07","746990f5-5aa0-551d-9922-24e476c31e95","CORPORATE","","EXPLICIT_COMPANY"
"1371","15739","abef168d-c75e-5cb3-9749-c0843803d454","LEGACY-NAME-HITESH-GUNWANU-10F7C992","200ad850-c238-5e1d-b3ec-15755fc39a6c","CORPORATE","","EXPLICIT_COMPANY"
"1382","31444","483ffc3a-52ba-52e9-a624-942bebbc9d8b","LEGACY-NAME-MOHD-LARAIB-LUCKNOW-4E3B5F16","00b2e05f-5962-5aad-a596-91a946f4e981","CORPORATE","","EXPLICIT_COMPANY"
"1389","12598","82da2993-804c-5601-876d-83bdda59915f","LEGACY-NAME-KARIL-LUTHRA-057849DC","dd7aa97d-b735-5900-8077-ac1c659daa7a","CORPORATE","","EXPLICIT_COMPANY"
"1391","94466","acca3d91-a338-53f4-9a96-8a13409493b8","LEGACY-NAME-BANYAN-INFOMEDIA-PVT-LT-11098EAD","5acda630-6681-5a9a-b6b9-8adede30d9a7","CORPORATE","","EXPLICIT_COMPANY"
"1395","38649","73cc4ea8-b47f-5067-903c-154d14611a59","LEGACY-NAME-FAISAL-DANISH-CHAKIYA-675A6180","4f688adc-9b4e-5fa0-a9ec-23bea61ac4e1","CORPORATE","","EXPLICIT_COMPANY"
"1400","81845","65c46739-eebb-55eb-abd0-953d9e3e5d00","LEGACY-NAME-RK-TRAVEL-INDORE-BB7060F3","de83f7a8-a61c-53b9-b047-6637bd43c91d","CORPORATE","","EXPLICIT_COMPANY"
"1405","54105","5ebae4e5-1a44-54f6-80f2-1f33d28bfe3e","LEGACY-NAME-USEFUL-GARBAGE-CREATION-1246B896","1a948a07-ac4d-52a3-9fed-0782a4bac57c","CORPORATE","","EXPLICIT_COMPANY"
"1408","93245","8c3f80d4-81ea-5d9c-bc5e-3de353f9e1b7","LEGACY-NAME-JITENDRA-PARIHAR-EC36E5AD","b3d57690-48a7-56d4-943e-cd532205c583","CORPORATE","","EXPLICIT_COMPANY"
"1418","45390","9d73c815-c3fe-5381-8953-feacfab7c0d5","LEGACY-NAME-MR-KULDEEP-SHARMA-A2B5CE16","d437923d-4517-50ac-a682-64a45e4dab99","CORPORATE","","EXPLICIT_COMPANY"
"1423","98912","1c31e5f5-e7a6-5322-a649-0eb957c79296","LEGACY-NAME-RS-TRAVEL-CHATTISGARH-CDB1FAAF","5a7c79f7-890a-5a69-a879-eb8008cc989c","CORPORATE","","EXPLICIT_COMPANY"
"1438","33471","42d002df-b455-5985-b8ee-e258ffbc4618","LEGACY-NAME-CORNEA-4CC2B0BC","776ccbff-156d-51d0-9320-175bcf8545ec","CORPORATE","","EXPLICIT_COMPANY"
"1445","84694","58e55cc1-b8b6-571c-97e6-3a7db584801e","LEGACY-NAME-KANTA-TRAVELR-SERVICES-D43E261A","27a18706-3575-565a-b0a4-352e3a941823","CORPORATE","","EXPLICIT_COMPANY"
"1446","85380","75cfc25f-222d-5a62-a966-0c712608a899","LEGACY-NAME-MANGAL-YATRA-RAJESH-MAN-F5C70F02","ba3994cd-9753-53c7-996c-37cdf486c93f","CORPORATE","","EXPLICIT_COMPANY"
"1452","27309","ecc07fd6-c0c6-54e5-afd5-383a1dcb42b5","LEGACY-NAME-RN-HOSPITALITY-41EDEF0F","38a047f0-bccf-5757-ad04-1b0fd6fd7ea0","CORPORATE","","EXPLICIT_COMPANY"
"1456","25649","357f73b4-5aa7-560f-9970-dddaa9154d60","LEGACY-NAME-PREM-TOUR-TRAVELS-83147540","6ab6b59d-bc6e-56c1-91bd-0abdb3807f63","CORPORATE","","EXPLICIT_COMPANY"
"2189","62939","357f73b4-5aa7-560f-9970-dddaa9154d60","LEGACY-NAME-PREM-TOUR-TRAVELS-83147540","8fdc3b8a-3757-55c1-8a32-7301ff11cafc","CORPORATE","","EXPLICIT_COMPANY"
"2326","64311","357f73b4-5aa7-560f-9970-dddaa9154d60","LEGACY-NAME-PREM-TOUR-TRAVELS-83147540","11786dd3-7a08-54ed-a67c-c9b008b7af92","CORPORATE","","EXPLICIT_COMPANY"
"1459","31037","37b929c5-71ea-5b28-8ae8-091f1f2babf4","LEGACY-NAME-VT-CORP-PVT-LTD-5BC4AE6D","e65cda46-76e6-53ba-a05a-f36ef782f235","CORPORATE","","EXPLICIT_COMPANY"
"1470","77311","f16ec492-2a55-5ac4-a11b-0f444408f6e0","LEGACY-NAME-COMFORT-JOURNEY-491C66A5","298300db-5655-510f-8cf4-a5e9bbe6ed78","CORPORATE","","EXPLICIT_COMPANY"
"1478","84201","98c47a3f-87ec-598c-acec-7af9bd4319ca","LEGACY-NAME-KALINGA-TOUR-TRAVELS-D6C42A3A","0dd59299-4cfb-5595-b084-7d26ed880574","CORPORATE","","EXPLICIT_COMPANY"
"1481","86634","91042f6e-b191-5431-96dc-0bc1b25c9045","LEGACY-NAME-SKYVX-KAMLESH-SHARMA-DB7DCBA8","02946eca-f9da-5547-bc22-ee11886a5de8","CORPORATE","","EXPLICIT_COMPANY"
"1485","67908","6854dfd8-6b6e-54ea-8eb3-3a0e43d61dbe","LEGACY-NAME-MR-ANURAG-MALVIYA-CF4A6FEE","0b8fc72f-1db8-5bbd-9f5d-37cdc76cc22b","CORPORATE","","EXPLICIT_COMPANY"
"1490","30225","85285e2a-e089-5ddd-944b-f3a7eb526856","LEGACY-NAME-TRAVELO-21B686D0","6555ac4b-c80b-54cf-b141-b9b5fc41ba2a","CORPORATE","","EXPLICIT_COMPANY"
"1516","81872","85285e2a-e089-5ddd-944b-f3a7eb526856","LEGACY-NAME-TRAVELO-21B686D0","8e8262e8-2a13-539b-b2e3-05bea75d3404","CORPORATE","","EXPLICIT_COMPANY"
"1491","38912","f629ca56-6f67-5643-87ed-72381086d79d","LEGACY-NAME-MR-NEERAJ-SAXENA-88B5C789","98e6f230-c487-5405-b983-c02324876d0b","CORPORATE","","EXPLICIT_COMPANY"
"1493","45652","7208a6a0-1df4-5020-954a-5ae7f3060c00","LEGACY-NAME-HOLIDAY-DREAMS-TRAVELS-4B504EC4","325467c6-681b-5d63-898c-50372a5ddd19","CORPORATE","","EXPLICIT_COMPANY"
"1494","74699","072e897a-c319-5db3-ae1f-765e35a49fa8","LEGACY-NAME-ABID-TIMES-TRAVELS-0D2113C7","e3f75db4-a750-5c2f-98b1-1fd539408085","CORPORATE","","EXPLICIT_COMPANY"
"1498","50009","afedf258-df37-5de6-846b-366b34241d06","LEGACY-NAME-SAMRAT-TIWARI-70BE39BB","c2361da0-7ebf-5330-99e8-41f6b30604fc","CORPORATE","","EXPLICIT_COMPANY"
"1511","29007","d8391056-76ff-5688-8935-6f7644dadc33","LEGACY-NAME-AMIT-KUMAR-CHAUHAN-B9D263F0","177e1c6d-0ba0-5918-872d-967fbbead0ae","CORPORATE","","EXPLICIT_COMPANY"
"2515","52413","d8391056-76ff-5688-8935-6f7644dadc33","LEGACY-NAME-AMIT-KUMAR-CHAUHAN-B9D263F0","dd0f7cd4-8e28-578a-8882-a9949020d4b0","CORPORATE","","EXPLICIT_COMPANY"
"1918","13984","485b16fe-6433-5a8f-809c-d3d21dfcad3e","LEGACY-NAME-MR-NITIN-MAGGU-A6942EF4","b1fc2f35-9eb0-5073-8f79-9c4f48cfe886","CORPORATE","","EXPLICIT_COMPANY"
"1947","56022","478b9315-a321-550e-9f11-92522877299d","LEGACY-OVERRIDE-ASIAN-PAINTS-LTD-9B1259A8","99ccc552-4d14-50e2-9fd8-049e52dd4f55","CORPORATE","","EXPLICIT_COMPANY"
"1950","61176","478b9315-a321-550e-9f11-92522877299d","LEGACY-OVERRIDE-ASIAN-PAINTS-LTD-9B1259A8","37afb0f1-9b53-5cd3-8ea3-030879d5fbd5","CORPORATE","","EXPLICIT_COMPANY"
"1964","65147","478b9315-a321-550e-9f11-92522877299d","LEGACY-OVERRIDE-ASIAN-PAINTS-LTD-9B1259A8","e0a1193c-99c7-554a-bdc1-4a0836028d87","CORPORATE","","EXPLICIT_COMPANY"
"1986","51201","478b9315-a321-550e-9f11-92522877299d","LEGACY-OVERRIDE-ASIAN-PAINTS-LTD-9B1259A8","42b66dbf-0fd7-52c7-ab0f-b9e33afd62c5","CORPORATE","","EXPLICIT_COMPANY"
"1991","71193","478b9315-a321-550e-9f11-92522877299d","LEGACY-OVERRIDE-ASIAN-PAINTS-LTD-9B1259A8","face5747-a0c6-5259-8566-1ff45cb8d025","CORPORATE","","EXPLICIT_COMPANY"
"1993","52419","478b9315-a321-550e-9f11-92522877299d","LEGACY-OVERRIDE-ASIAN-PAINTS-LTD-9B1259A8","000470f8-af94-5795-8687-8c2888e338f8","CORPORATE","","EXPLICIT_COMPANY"
"1994","72681","478b9315-a321-550e-9f11-92522877299d","LEGACY-OVERRIDE-ASIAN-PAINTS-LTD-9B1259A8","554da5db-c46e-56df-ad5a-aee2b70bd4d0","CORPORATE","","EXPLICIT_COMPANY"
"1995","27125","478b9315-a321-550e-9f11-92522877299d","LEGACY-OVERRIDE-ASIAN-PAINTS-LTD-9B1259A8","b1ed251c-c0bc-5b4a-9bca-c764954a9d62","CORPORATE","","EXPLICIT_COMPANY"
"1996","57267","478b9315-a321-550e-9f11-92522877299d","LEGACY-OVERRIDE-ASIAN-PAINTS-LTD-9B1259A8","7666d9a6-1da6-56e0-a3d5-50a67f6f67b5","CORPORATE","","EXPLICIT_COMPANY"
"1998","52763","478b9315-a321-550e-9f11-92522877299d","LEGACY-OVERRIDE-ASIAN-PAINTS-LTD-9B1259A8","f2223f69-378d-5e15-8460-f8bde601042f","CORPORATE","","EXPLICIT_COMPANY"
"2004","86636","478b9315-a321-550e-9f11-92522877299d","LEGACY-OVERRIDE-ASIAN-PAINTS-LTD-9B1259A8","34f5ee08-a003-5552-bd8c-a668ba367a9c","CORPORATE","","EXPLICIT_COMPANY"
"2012","33247","478b9315-a321-550e-9f11-92522877299d","LEGACY-OVERRIDE-ASIAN-PAINTS-LTD-9B1259A8","bc6215a6-a950-5b99-a53b-ae8d9df5db85","CORPORATE","","EXPLICIT_COMPANY"
"2020","84923","478b9315-a321-550e-9f11-92522877299d","LEGACY-OVERRIDE-ASIAN-PAINTS-LTD-9B1259A8","b85348e8-0678-5d3a-ada0-3917c3ec947f","CORPORATE","","EXPLICIT_COMPANY"
"2063","42318","478b9315-a321-550e-9f11-92522877299d","LEGACY-OVERRIDE-ASIAN-PAINTS-LTD-9B1259A8","9b359351-1480-5930-8392-61e28dbddbea","CORPORATE","","EXPLICIT_COMPANY"
"1984","36369","6fa28528-b149-5ab9-8cac-6ae069229221","LEGACY-NAME-BPCL-A7EAB9E0","b6264988-f678-5b90-ac12-a0377c7595b3","CORPORATE","","EXPLICIT_COMPANY"
"1985","39384","c9373205-1fe8-5ff1-9895-0e48e2d63f2a","LEGACY-NAME-SAFARNAMA-EDUCATIONAL-T-4FF50312","19cec137-07ae-54f0-8ea3-fe1d98ed94a1","CORPORATE","","EXPLICIT_COMPANY"
"1999","53203","5ad2dcd1-b49d-541c-ab24-815d184404a5","LEGACY-NAME-ASIAN-PAINT-LTD-99ED74C2","6e19d365-689f-5e7f-9b80-6e5ec4001962","CORPORATE","","EXPLICIT_COMPANY"
"2000","39960","5ad2dcd1-b49d-541c-ab24-815d184404a5","LEGACY-NAME-ASIAN-PAINT-LTD-99ED74C2","b75b952f-b778-5b6f-a4cb-1cf681cd06a1","CORPORATE","","EXPLICIT_COMPANY"
"2001","99745","5ad2dcd1-b49d-541c-ab24-815d184404a5","LEGACY-NAME-ASIAN-PAINT-LTD-99ED74C2","259b995b-d09c-5199-9351-83a37cd2c1c2","CORPORATE","","EXPLICIT_COMPANY"
"2005","12813","6e8c6cca-a03b-5e61-93cf-38248e1ce391","LEGACY-NAME-C-O-ADEEL-HASAN-779D45F1","3b6075fc-4940-5e65-aa44-fc442101dd0d","CORPORATE","","EXPLICIT_COMPANY"
"2030","48708","5a180adb-db3e-519a-b44b-fb44a7ff5d43","LEGACY-NAME-MR-RAJEEV-RAI-E4AB8285","3733b435-51d2-5c87-b076-a075bcf3bb26","CORPORATE","","EXPLICIT_COMPANY"
"2031","95773","45ba029c-c71f-563a-a6d3-e8d5125ed1b2","LEGACY-NAME-MR-SANTOSH-VARANASI-6E1E1F47","e4310725-7b90-577a-b4fc-b1edac9e6c73","CORPORATE","","EXPLICIT_COMPANY"
"2044","63875","45ba029c-c71f-563a-a6d3-e8d5125ed1b2","LEGACY-NAME-MR-SANTOSH-VARANASI-6E1E1F47","99dd0bba-023b-5099-8576-5d556461ea28","CORPORATE","","EXPLICIT_COMPANY"
"2037","61911","c18ab36f-4755-5459-8290-52ad621e6db6","LEGACY-NAME-JP-CEMENT-2F8A6853","d64301b1-7d58-5828-832a-307edfcb2b7c","CORPORATE","","EXPLICIT_COMPANY"
"2062","42859","d50b39e6-14ce-5d04-99ef-42da2e2107fd","LEGACY-NAME-MT-YOGESH-UBITECH-13533DAE","a021a044-8c5d-552a-a506-716a89fd4a0f","CORPORATE","","EXPLICIT_COMPANY"
"2081","55145","5c9613f9-98a0-5f97-afc9-9527ca4bb6fd","LEGACY-NAME-MR-BHARAT-RAMNANI-7FEC3A47","54a423a3-1c84-5512-b632-0378cb0a10ca","CORPORATE","","EXPLICIT_COMPANY"
"2083","86485","34988517-02a7-5860-936b-08011b3f9cf9","LEGACY-NAME-MR-AKASH-SINGH-BAIKUNTH-92F7857E","19f81b05-012b-5cc9-a51a-bd047dc1f5ef","CORPORATE","","EXPLICIT_COMPANY"
"2085","91759","a801f097-ba45-504a-a3a5-3f610bf9f14d","LEGACY-NAME-VIDHYARTHI-KENDRA-0CB35095","0c62879f-7df3-5412-8676-d6b9d29a29da","CORPORATE","","EXPLICIT_COMPANY"
"2095","41930","cad8cc8e-7823-598a-af0e-89350720453f","LEGACY-NAME-MR-DINESH-JETHA-E5AB1869","dc993396-7b52-5ce6-b087-69201cd7f787","CORPORATE","","EXPLICIT_COMPANY"
"2096","72550","cad8cc8e-7823-598a-af0e-89350720453f","LEGACY-NAME-MR-DINESH-JETHA-E5AB1869","e745bbaa-25ca-5344-b899-b6ea7889d134","CORPORATE","","EXPLICIT_COMPANY"
"2097","71731","cad8cc8e-7823-598a-af0e-89350720453f","LEGACY-NAME-MR-DINESH-JETHA-E5AB1869","854a08b4-686d-55a0-a77d-31113a391cfe","CORPORATE","","EXPLICIT_COMPANY"
"2098","16005","cad8cc8e-7823-598a-af0e-89350720453f","LEGACY-NAME-MR-DINESH-JETHA-E5AB1869","eff748ed-584f-5cfe-8d43-e886d326bdad","CORPORATE","","EXPLICIT_COMPANY"
"2104","13512","e6bc88be-c1a7-5349-886c-86ac7afe84f2","LEGACY-NAME-DREAM-HOLIDAYS-BD9611E0","5c6f3f93-c79e-5e6b-998c-40d62792caac","CORPORATE","","EXPLICIT_COMPANY"
"2107","74827","7e5f026f-9558-54d2-a015-2bf98837f206","LEGACY-NAME-DISHA-HOLIDAYS-F9E6D273","2c56fb42-e026-564c-bb67-9e3a974ed039","CORPORATE","","EXPLICIT_COMPANY"
"2110","34780","cb3dc3b8-309a-56cd-b914-7ca840854eab","LEGACY-NAME-P-K-SHRIVASTAV-F0116CFF","ed79d878-b1ce-58a2-9e0d-cc6b8d414ed1","CORPORATE","","EXPLICIT_COMPANY"
"2113","14935","703c676f-4ac3-557c-a983-9c81c30936fe","LEGACY-NAME-MR-PIYUSH-SAKSHI-TRAVEL-4F54B977","2cbfaff8-213b-50db-811a-ba480c318d2d","CORPORATE","","EXPLICIT_COMPANY"
"2119","76433","c1dca28b-b7b2-525a-bb13-5f44392cadd0","LEGACY-NAME-EARTH-TRAVELS-4FBD864C","35a6681f-d3e3-5fb4-8be7-effe0c663387","CORPORATE","","EXPLICIT_COMPANY"
"2300","94680","c1dca28b-b7b2-525a-bb13-5f44392cadd0","LEGACY-NAME-EARTH-TRAVELS-4FBD864C","65235e50-9c59-5b18-8849-34ff8ee07ee1","CORPORATE","","EXPLICIT_COMPANY"
"2311","89951","c1dca28b-b7b2-525a-bb13-5f44392cadd0","LEGACY-NAME-EARTH-TRAVELS-4FBD864C","fa5d5ac7-0a67-5e55-bfe9-fc83939886d8","CORPORATE","","EXPLICIT_COMPANY"
"2126","50666","855701a2-c2fc-5f37-8132-b8ad7730616d","LEGACY-NAME-MR-AVINASH-FB388E3A","0db6c2d8-5ee0-5452-b1ed-3a31c08096f7","CORPORATE","","EXPLICIT_COMPANY"
"2142","80731","967e5e7d-c38b-5db0-b16d-3cec6709897f","LEGACY-NAME-MR-GAURAV-CHADDHA-C03FFDDC","d5ebf35a-96e5-5201-86d8-31f6fad12242","CORPORATE","","EXPLICIT_COMPANY"
"2235","86334","967e5e7d-c38b-5db0-b16d-3cec6709897f","LEGACY-NAME-MR-GAURAV-CHADDHA-C03FFDDC","6f6630f7-5f64-573f-9fcb-be7dbac30638","CORPORATE","","EXPLICIT_COMPANY"
"2144","43503","9bec75a4-887c-5757-90d5-2c07c8742881","LEGACY-NAME-TRAGITTO-CORPORATE-SOLU-C65026C4","0517d46b-972d-59a6-b376-639b020fcec7","CORPORATE","","EXPLICIT_COMPANY"
"2146","69318","19b0c017-517b-5f81-b6cb-bcda411eafc3","LEGACY-NAME-VAIBHAV-PACK-YOUR-LUGGA-D95BEA49","fb3f846f-537d-5258-b6fa-9747d32c65ef","CORPORATE","","EXPLICIT_COMPANY"
"2181","41967","ac04c507-d21a-5a95-84a5-bee000ffbc3a","LEGACY-NAME-HANINI-HOLIDAYS-D8EDA293","64d7405c-581e-5556-b778-31dbb198e6d3","CORPORATE","","EXPLICIT_COMPANY"
"2195","25915","dbd525db-29e6-52e2-ae15-87aa0e26a636","LEGACY-NAME-SERIOUS-FRAUD-INVESTIGA-22E89214","a9a9260e-086d-59f7-82cb-d3819f13841d","CORPORATE","","EXPLICIT_COMPANY"
"2199","87213","8fe653cb-5ec9-5a2a-be54-952708458a9a","LEGACY-NAME-VIJAY-RANA-TRAVEL-SUPPO-3472AAF2","aea3cd77-2b8c-52f1-86f2-db18720c883f","CORPORATE","","EXPLICIT_COMPANY"
"2214","99322","2e3c8b3f-c78f-5ffa-ab4b-ebca2f8626a4","LEGACY-NAME-SAMRUDH-TRAVEL-287896BB","89cb5a8c-f19f-562d-898e-ed37fea99549","CORPORATE","","EXPLICIT_COMPANY"
"2217","82170","bba3dcfc-a942-58bc-984b-ff4610a86e45","LEGACY-NAME-MR-ROHIT-F644BC80","fe7954d9-5abc-5a61-9c80-5cf14c65d811","CORPORATE","","EXPLICIT_COMPANY"
"2218","77954","5d510055-1034-5c1c-b30c-e7264532f1f3","LEGACY-NAME-SAMRUDH-TRAVELS-7E771768","ccaa3177-157e-592d-917f-bfd9ccc69223","CORPORATE","","EXPLICIT_COMPANY"
"2220","81038","a40e9505-8210-53a4-abf7-cfc9f1a69c08","LEGACY-NAME-TRAVEL-INDIA-GLOBAL-7C17647F","92801eb9-4f3e-55b5-94ac-8a2938cc9e8f","CORPORATE","","EXPLICIT_COMPANY"
"2221","98920","ec61f1ee-bf49-5ea9-a4e0-74010ce1879a","LEGACY-NAME-SAKSHI-TRAVEL-BHOPAL-F8BC0C68","74516ca5-db9e-569c-89da-ea0918bf3f1f","CORPORATE","","EXPLICIT_COMPANY"
"2224","50187","d1565307-db2c-527b-9239-9fb93620e2a1","LEGACY-NAME-SATBIR-SINGH-C3F5C725","9b4ebe0d-bf3f-5703-a129-81024d89e766","CORPORATE","","EXPLICIT_COMPANY"
"2225","30610","1bdbab0b-cbd9-59ae-8dc5-73e0e4d6b3e1","LEGACY-NAME-INDIA-TOUR-TRAVELS-6B8800E2","18db977b-86e8-52fe-803f-32413e2c6421","CORPORATE","","EXPLICIT_COMPANY"
"2230","28952","6cf7bccf-246d-58e8-8c24-01674668a119","LEGACY-NAME-OM-SAI-HOLIDAYS-552471C6","1103a9af-902b-5b03-95cc-b65570941f49","CORPORATE","","EXPLICIT_COMPANY"
"2231","40090","d2a12103-555f-5189-b55a-67769ca99ca2","LEGACY-NAME-M-S-BHOOMIHEEN-SEVA-SAM-2BA961DD","64cf3159-f462-51b2-a874-a7f5164ce3fb","CORPORATE","","EXPLICIT_COMPANY"
"2236","14988","7f889c76-5062-5d7f-a340-6cd581ec559e","LEGACY-NAME-VARAHA-TRAVEL-SOLUTION-D2E80854","40fadeca-968a-55b3-a7bb-3816f3095e37","CORPORATE","","EXPLICIT_COMPANY"
"2244","73060","0788a4ef-2d9a-54b6-a933-a9f126adff05","LEGACY-NAME-SUBHASH-SAINI-E3D247A6","1bede9a3-ef4f-59a4-b4cd-5db2cda2260d","CORPORATE","","EXPLICIT_COMPANY"
"2249","58875","3e827f13-2f8c-5479-a69b-f107b1b60fe9","LEGACY-NAME-MEHULI-ROY-3F9A7D7A","42e6174a-ae40-5385-89e3-e7599d18edd7","CORPORATE","","EXPLICIT_COMPANY"
"2260","80132","e32ff1df-fa92-58a8-a452-e1ff9470cc0f","LEGACY-NAME-YOUNGMEN-TOURS-D4056EF5","cccd6de3-3ab4-58d3-9264-709b9af111ed","CORPORATE","","EXPLICIT_COMPANY"
"2263","74611","5f91fb6b-0b4a-5fea-8611-9700908d8b06","LEGACY-NAME-MR-SANDEEP-VALECHA-76A1C709","5ab69631-f044-5f8f-9f35-106c27324bb9","CORPORATE","","EXPLICIT_COMPANY"
"2273","84387","82de53bf-3f3c-5ca3-9c72-f43d4d97aa87","LEGACY-NAME-INDO-TRAVEL-SANDEEP-SIN-FD1EA182","a34bef19-70d0-504b-a17f-7e04e6ee63be","CORPORATE","","EXPLICIT_COMPANY"
"2274","56114","cab4817e-be5a-545c-8c82-9191b96c0b1f","LEGACY-NAME-EARTH-TRAVEL-892F18AF","6e55703b-a6a0-548a-8975-564a794e0cf1","CORPORATE","","EXPLICIT_COMPANY"
"2278","49062","143212a4-d9b0-5582-abe4-16d05e2065e7","LEGACY-NAME-PURPLE-TRIP-6D2CCBE4","1df8c740-c1b4-5d91-9ab1-93122a2da51b","CORPORATE","","EXPLICIT_COMPANY"
"2291","14384","079fa4ee-71e1-5929-93a2-e8f8e6906c77","LEGACY-NAME-AYUSH-GOEL-32E045BD","6dac1097-1fbc-56c8-8de6-bab78f0286f8","CORPORATE","","EXPLICIT_COMPANY"
"2298","37856","07d45fca-7977-5a27-a79a-383ea886f140","LEGACY-NAME-ORIENTAL-INSURANCE-D5648421","0824aaed-9a7e-54dd-b194-d51e63abd636","CORPORATE","","EXPLICIT_COMPANY"
"2299","96105","8b86de7c-046e-5a47-9537-88596c4f294d","LEGACY-NAME-SAKSHI-TRAVEL-A07C4B2C","6d895e2f-c829-5bc0-ad16-556299539ab8","CORPORATE","","EXPLICIT_COMPANY"
"2312","71599","96ee08e9-d7ce-5fcb-b501-15deb41e7184","LEGACY-NAME-PUAAR-TRAVELS-NEW-DELHI-6C7AD89A","ae4d12bc-2d1c-5ab9-8212-651afc12a116","CORPORATE","","EXPLICIT_COMPANY"
"2315","60126","0217046d-54b2-5bd9-bfe1-92c9e2edd66e","LEGACY-NAME-WANDERCRAFT-ENTERPRISES-CACE7CFF","6e3bae82-c2b4-54c0-8137-d4c7cd7a1b43","CORPORATE","","EXPLICIT_COMPANY"
"2336","21504","68797d07-e771-5a27-8abb-483697ff3220","LEGACY-NAME-RAI-TRAVELS-CHATTISGARH-AE7BE0A1","944060e6-3817-5bbd-918c-ed7de6841182","CORPORATE","","EXPLICIT_COMPANY"
"2361","32316","d658da14-028d-5e0c-a920-cd36c022dc63","LEGACY-NAME-KULDEEP-TRAVELS-LUCKNOW-6BAFE78F","225186a1-bcb6-528f-bb5c-872ffcbc4f5c","CORPORATE","","EXPLICIT_COMPANY"
"2392","4193","c3524795-f660-56d1-b2b3-86e79bda1a06","LEGACY-NAME-RAJKUMAR-TIYA-TAXI-0D3D422D","32a8a683-16e4-5c93-9796-c4441d30f2af","CORPORATE","","EXPLICIT_COMPANY"
"2401","18423","b8a7b47b-42d9-5dbb-9968-1176b19f82a2","LEGACY-NAME-ARNICKA-BAHADUR-50D0AED0","482991b9-e00f-522e-aa72-4e08de59974e","CORPORATE","","EXPLICIT_COMPANY"
"2426","88478","8a6e0aa0-0b6d-5821-b3a2-5e01d53a77dd","LEGACY-NAME-SAI-TOURS-TRAVELS-4C701B1D","515e3711-28e4-5d81-9f0e-76380127aec6","CORPORATE","","EXPLICIT_COMPANY"
"2446","33140","6a1d742d-5dd4-5ad4-beeb-89b1ec54fdf3","LEGACY-NAME-ANKIT-SURYA-TRAVEL-6BE382F9","1feaf1df-33f8-5a5b-9dbd-50993537e4cb","CORPORATE","","EXPLICIT_COMPANY"
"2455","92736","cf12d70b-19b4-51de-b774-506d56abff39","LEGACY-NAME-NAMASTE-INDIA-TRAVEL-20E83D38","a43fa977-1f45-59c5-b067-577b90006bec","CORPORATE","","EXPLICIT_COMPANY"
"2462","51890","54fa8dba-8c49-53f5-9123-5ebb03adfc81","LEGACY-NAME-OTM-ADVENTURES-PVT-LTD-F00299AE","67c9563e-74be-5b50-8c27-3e2dc4cc37ef","CORPORATE","","EXPLICIT_COMPANY"
"2474","49886","c7d7ac5d-80e4-5a9f-8746-adaaacff3f81","LEGACY-NAME-KATKADE-TOURS-AND-TRAVE-3DFED684","e7f66d26-9a41-521d-b38f-98ce712bc2ec","CORPORATE","","EXPLICIT_COMPANY"
"2480","91215","d2854f80-efec-5055-b344-459d8f437dc0","LEGACY-NAME-AMIT-RAY-CO-D00022BB","ad2f3bc9-dc29-5849-a9ff-4545b402aa67","CORPORATE","","EXPLICIT_COMPANY"
"2493","11916","ac493bc3-8a1a-5d2a-af79-4998b030b89c","LEGACY-NAME-ANANT-TRAVELS-TECH-CABD101F","f02ddf48-8017-5f0d-abe0-17d5d546988b","CORPORATE","","EXPLICIT_COMPANY"
"2512","49152","8e53c889-9ee7-51c2-804d-389be5392d78","LEGACY-NAME-SPICE-ROUTE-EXPEDITIONS-238B861C","109d7447-38c2-58db-b7aa-290e876f9241","CORPORATE","","EXPLICIT_COMPANY"
"2524","69270","a8e69d44-3fa5-54cf-bbb3-77aa9f868064","LEGACY-NAME-TRAVEL-FRAME-C0D047A6","2cf1a5c6-dd96-57d1-9d84-37b31d2ea874","CORPORATE","","EXPLICIT_COMPANY"
"2526","46687","5aff7888-911f-5ed2-9b40-138c0b01e96a","LEGACY-NAME-B4T-HOLIDAYS-0D542653","b8f8b29e-a022-5d1d-8e42-53df23d720f2","CORPORATE","","EXPLICIT_COMPANY"
"2530","45905","18a34cec-5708-5777-9de6-2b62a7ab2e9e","LEGACY-NAME-SKY-YOUNG-HOLIDAYS-74A80B66","1e51c39d-9c70-54b6-91ec-14c700ff6f87","CORPORATE","","EXPLICIT_COMPANY"
"2532","35930","5816f937-11a8-58cc-a578-5a2696a53e05","LEGACY-NAME-TUK-TUK-TOUR-TRAVELS-50E1F366","320ae74e-1689-53ec-a491-783cd6b6dba3","CORPORATE","","EXPLICIT_COMPANY"
"2539","10336","636142b2-3812-5bb2-a527-4a7034dbe33b","LEGACY-NAME-VIVEK-HOLIDAYS-6FD5C6ED","8fca4197-669f-525c-aace-95bebadde1c4","CORPORATE","","EXPLICIT_COMPANY"
"2541","21262","a7de5f91-eb38-5e4e-a5eb-9aae180468fc","LEGACY-NAME-MR-PIYUSH-SHRIVASTAVA-01A62604","6ae4d0d7-3055-5342-a518-cdf50658b3c6","CORPORATE","","EXPLICIT_COMPANY"
"2545","63682","c414b376-9e7c-538f-8105-802633da39c2","LEGACY-NAME-SAKSHI-TRAVELS-874789A0","f3c0f824-8e6a-5063-86ce-87c3e44fd381","CORPORATE","","EXPLICIT_COMPANY"
"2557","50182","de76556d-4bd2-517d-bbfc-49fceb440c70","LEGACY-NAME-MR-SIDDARTH-BFAD0476","c8d80925-cfc8-55ef-a847-934307dd980b","CORPORATE","","EXPLICIT_COMPANY"
"2559","37153","bb280ce2-d96a-5e80-928f-3e7afd426105","LEGACY-NAME-SIDM-DELHI-8E08BC96","3fe3be4f-9f2f-5275-a1d2-e747f8196d49","CORPORATE","","EXPLICIT_COMPANY"
"2570","19319","02201269-0fe4-5ddc-b66c-194a90d702d5","LEGACY-NAME-HANANI-HOLIDAYS-F9CFAD37","9730faef-b480-53a7-80db-a2db9d0f32eb","CORPORATE","","EXPLICIT_COMPANY"
"2595","98433","02201269-0fe4-5ddc-b66c-194a90d702d5","LEGACY-NAME-HANANI-HOLIDAYS-F9CFAD37","146eb3fc-c92e-58b4-8cc2-db60d97052f2","CORPORATE","","EXPLICIT_COMPANY"
"2577","34893","e7b87c96-391d-57f3-a390-0ceeadc94849","LEGACY-NAME-METROHAM-INDIA-PVT-LTD-1F86AAC9","ea04dbba-321d-5087-b607-bf8f0a7ab927","CORPORATE","","EXPLICIT_COMPANY"
"2585","77095","e650b196-221a-523b-abf1-5db4246d6cd6","LEGACY-NAME-MR-SUNIT-SHRIVASTAVA-AFD773C1","582f0a1d-a442-504c-97a3-657146b6ed00","CORPORATE","","EXPLICIT_COMPANY"
"2592","86565","ad307253-ebe5-5fb5-aa10-28ba0b509d26","LEGACY-NAME-TAGBIN-327B57AE","895eb073-8fce-5f52-b0ad-cf1564861f54","CORPORATE","","EXPLICIT_COMPANY"
"2596","88389","50122db3-43db-5548-8186-bd401bf9263b","LEGACY-NAME-OBEROI-THERMIT-PVT-LTD-30031DD2","685b7cef-9c3a-53c0-bce0-d384fed110ff","CORPORATE","","EXPLICIT_COMPANY"
"2606","94665","0a66a2fc-11b9-563c-8fc8-44a5c5705a3b","LEGACY-NAME-BITS-TRAVELS-A9DBCE9E","3d5d5f5e-0171-535c-ae82-f4500992fe21","CORPORATE","","EXPLICIT_COMPANY"
"2633","64627","0a66a2fc-11b9-563c-8fc8-44a5c5705a3b","LEGACY-NAME-BITS-TRAVELS-A9DBCE9E","8ffe177a-bff7-5365-ba42-0191bf77339f","CORPORATE","","EXPLICIT_COMPANY"
"2679","29482","0a66a2fc-11b9-563c-8fc8-44a5c5705a3b","LEGACY-NAME-BITS-TRAVELS-A9DBCE9E","8bcb09a4-0d06-5b9b-91dd-cdd75113eec1","CORPORATE","","EXPLICIT_COMPANY"
"2696","59162","0a66a2fc-11b9-563c-8fc8-44a5c5705a3b","LEGACY-NAME-BITS-TRAVELS-A9DBCE9E","38c55f8a-c155-566a-a7ed-a9efafed557c","CORPORATE","","EXPLICIT_COMPANY"
"2697","90600","0a66a2fc-11b9-563c-8fc8-44a5c5705a3b","LEGACY-NAME-BITS-TRAVELS-A9DBCE9E","434ddbdd-2e49-5777-90a0-1d12ffe722aa","CORPORATE","","EXPLICIT_COMPANY"
"2698","16816","0a66a2fc-11b9-563c-8fc8-44a5c5705a3b","LEGACY-NAME-BITS-TRAVELS-A9DBCE9E","8baf5908-e1ce-5e85-bd21-0f9e3967ef33","CORPORATE","","EXPLICIT_COMPANY"
"2712","78582","0a66a2fc-11b9-563c-8fc8-44a5c5705a3b","LEGACY-NAME-BITS-TRAVELS-A9DBCE9E","52ccff3a-fc4f-5aa2-9772-69b995bf95de","CORPORATE","","EXPLICIT_COMPANY"
"2715","19605","0a66a2fc-11b9-563c-8fc8-44a5c5705a3b","LEGACY-NAME-BITS-TRAVELS-A9DBCE9E","d36b85f0-b885-5613-818c-a43740ca0f56","CORPORATE","","EXPLICIT_COMPANY"
"2718","80039","0a66a2fc-11b9-563c-8fc8-44a5c5705a3b","LEGACY-NAME-BITS-TRAVELS-A9DBCE9E","1620ae21-a906-5070-bea8-79fad02560b8","CORPORATE","","EXPLICIT_COMPANY"
"2719","84102","0a66a2fc-11b9-563c-8fc8-44a5c5705a3b","LEGACY-NAME-BITS-TRAVELS-A9DBCE9E","42711169-3f64-5519-b31b-4926e7413797","CORPORATE","","EXPLICIT_COMPANY"
"2725","46173","0a66a2fc-11b9-563c-8fc8-44a5c5705a3b","LEGACY-NAME-BITS-TRAVELS-A9DBCE9E","1b691ff6-4950-51bc-b7f9-ca325dd1909b","CORPORATE","","EXPLICIT_COMPANY"
"2730","95203","0a66a2fc-11b9-563c-8fc8-44a5c5705a3b","LEGACY-NAME-BITS-TRAVELS-A9DBCE9E","760f4781-0e15-55d9-b350-036986301881","CORPORATE","","EXPLICIT_COMPANY"
"2738","36836","0a66a2fc-11b9-563c-8fc8-44a5c5705a3b","LEGACY-NAME-BITS-TRAVELS-A9DBCE9E","7e923af5-fdd5-5a0f-96b6-7353092aa6f0","CORPORATE","","EXPLICIT_COMPANY"
"2745","38897","0a66a2fc-11b9-563c-8fc8-44a5c5705a3b","LEGACY-NAME-BITS-TRAVELS-A9DBCE9E","a2af2ea5-2e45-5742-9e44-2b1d2a1e7a8e","CORPORATE","","EXPLICIT_COMPANY"
"2751","14797","0a66a2fc-11b9-563c-8fc8-44a5c5705a3b","LEGACY-NAME-BITS-TRAVELS-A9DBCE9E","fb10b806-439a-54f8-bdc8-c2a10a83c7cd","CORPORATE","","EXPLICIT_COMPANY"
"2756","54378","0a66a2fc-11b9-563c-8fc8-44a5c5705a3b","LEGACY-NAME-BITS-TRAVELS-A9DBCE9E","f1874d41-6b3e-574d-a274-2c597fbbb27b","CORPORATE","","EXPLICIT_COMPANY"
"2764","70140","0a66a2fc-11b9-563c-8fc8-44a5c5705a3b","LEGACY-NAME-BITS-TRAVELS-A9DBCE9E","149279ca-2ce7-5b00-9cc4-9e17ecf710a1","CORPORATE","","EXPLICIT_COMPANY"
"2781","78067","0a66a2fc-11b9-563c-8fc8-44a5c5705a3b","LEGACY-NAME-BITS-TRAVELS-A9DBCE9E","c5513b2d-00b4-5100-95a3-19a5dffb093d","CORPORATE","","EXPLICIT_COMPANY"
"2788","68265","0a66a2fc-11b9-563c-8fc8-44a5c5705a3b","LEGACY-NAME-BITS-TRAVELS-A9DBCE9E","32575123-18c7-5fe4-ad7b-b3716f872b5b","CORPORATE","","EXPLICIT_COMPANY"
"2608","31280","83423b4a-c8a3-50f6-86ca-1e53140fbcb4","LEGACY-NAME-AMIT-REY-CO-D128A88E","efbdb50d-6330-5180-b04e-39eac64ab851","CORPORATE","","EXPLICIT_COMPANY"
"2609","83393","67731e75-876c-50f4-a287-357a5b39268d","LEGACY-NAME-PARAS-DEFENCE-A728A5F1","8346ed70-5262-5b3c-9fc3-1eb62930f7df","CORPORATE","","EXPLICIT_COMPANY"
"2611","46433","67731e75-876c-50f4-a287-357a5b39268d","LEGACY-NAME-PARAS-DEFENCE-A728A5F1","dec1a703-bc5f-5dee-8800-cc045ad10dcc","CORPORATE","","EXPLICIT_COMPANY"
"2621","58306","f482a9b8-5d05-5033-906d-e26436eaa67a","LEGACY-NAME-KALYAN-STRATEGIC-SYSTEM-0AE7993B","ccec9185-a76e-541e-bf98-cce961c237f6","CORPORATE","","EXPLICIT_COMPANY"
"2622","39013","1f2d87d4-bd44-5c44-b884-8a976d5b6803","LEGACY-NAME-IIT-ROPAR-4B4C73D4","060c912c-aaae-5cf8-9b46-d82612f663c3","CORPORATE","","EXPLICIT_COMPANY"
"2623","13865","88a42615-802a-502d-9d0f-6e24a1cff8b9","LEGACY-NAME-POLARIS-INDIA-84C5FE2F","3ec7a8cf-3ec2-5a92-b5d8-63082bf95375","CORPORATE","","EXPLICIT_COMPANY"
"2624","37634","c1a5f9b6-5540-56af-a9f7-f426ff1d2a7c","LEGACY-NAME-YUVA-TRAVELS-15C50175","dfbf4235-4a6c-59be-92c2-959b7b4a4599","CORPORATE","","EXPLICIT_COMPANY"
"2630","82738","2101009f-d32b-5528-a542-9c3ba45f9676","LEGACY-NAME-HOLIDAY-JUST4UINDIA-C02489E6","001a7ca8-94eb-562a-b7e4-7e03a75de0fc","CORPORATE","","EXPLICIT_COMPANY"
"2636","16665","39fa08c7-f34d-595b-895c-04f897b27a20","LEGACY-NAME-INDIA-TOUR-N-TRIP-000AECC3","cd40a8c6-3580-50f5-bd79-037b7902dfd0","CORPORATE","","EXPLICIT_COMPANY"
"2640","55160","d4968264-ff08-56e4-9677-29b7e1004a1f","LEGACY-NAME-XOMOX-SANMAR-LTD-TAMILN-E1973092","8a032c86-046d-5dd5-94d3-d69b05d1dfc1","CORPORATE","","EXPLICIT_COMPANY"
"2652","33944","0b733bd1-ecd0-5cea-b8a4-74635990bcc8","LEGACY-NAME-RTTS-PAVNEET-SINGH-E082F56F","9d927d4d-101c-5b30-8018-f2be2b750176","CORPORATE","","EXPLICIT_COMPANY"
"2742","68391","0b733bd1-ecd0-5cea-b8a4-74635990bcc8","LEGACY-NAME-RTTS-PAVNEET-SINGH-E082F56F","fa15f438-0a83-556a-8af8-172ec2a8993e","CORPORATE","","EXPLICIT_COMPANY"
"2665","14875","b6ec7b97-8baf-51a4-818d-dd6d97ef4967","LEGACY-NAME-CAPITAL-CABS-366BBDF4","d3eca709-48e6-5b30-9b27-8c68077d3337","CORPORATE","","EXPLICIT_COMPANY"
"2666","99097","12349675-3ced-5e5f-b0c6-5403cad2b213","LEGACY-NAME-ANUJ-BHAI-TRAVELLER-02F6DA5A","4cce63f7-92c4-5629-ac0d-80b2fbcd47ee","CORPORATE","","EXPLICIT_COMPANY"
"2677","36718","fac50bd9-4b84-56d2-8143-836dc43bbb82","LEGACY-NAME-PERFETTI-VAN-MELLE-69CA9EEA","ff332cd1-0460-55f4-afff-a2d4b72184c8","CORPORATE","","EXPLICIT_COMPANY"
"2681","87813","4e2cb04b-5b59-5c2a-b9df-54ff932b9281","LEGACY-NAME-360-DEGREE-TRAVEL-CONCI-5F9161CB","cb872909-40d0-5792-9c86-badf68c4a887","CORPORATE","","EXPLICIT_COMPANY"
"2733","29133","4e2cb04b-5b59-5c2a-b9df-54ff932b9281","LEGACY-NAME-360-DEGREE-TRAVEL-CONCI-5F9161CB","e8924592-dc30-52bf-8913-0ab955f74667","CORPORATE","","EXPLICIT_COMPANY"
"2685","71003","9c6ae6ed-baca-551a-a6f1-52e218aeb6e2","LEGACY-NAME-DASHMESH-TRAVELS-6CB9CF73","c5b67933-ce0b-5669-9bd7-844899759182","CORPORATE","","EXPLICIT_COMPANY"
"2686","53819","d780446b-0c33-56de-82ee-c0c7616bfeb4","LEGACY-NAME-C-O-MR-CHIKU-6CFB7CB8","c0363782-95cc-5f7e-b4ad-f622edb278c4","CORPORATE","","EXPLICIT_COMPANY"
"2692","56355","be374053-92b7-51b4-9eb4-6df72d6e0b73","LEGACY-NAME-BITS-TRAVELS-BANGLORE-47B8DFAB","2c6ef08a-f983-56f5-be81-cc0b9ad9846a","CORPORATE","","EXPLICIT_COMPANY"
"2704","80851","73123498-ff8f-5e4b-b50c-6d3bfadad15f","LEGACY-NAME-360-DEGREE-TRAVEL-A23D7485","516845da-6f2c-5150-9b4a-103a1aaf5969","CORPORATE","","EXPLICIT_COMPANY"
"2706","18516","a30bdd68-912f-54d3-ab28-92050fe493ee","LEGACY-NAME-OPERATION-EYESIGHT-88F5B6A5","c0b4f830-6971-5190-9fa7-41ff2bfb7869","CORPORATE","","EXPLICIT_COMPANY"
"2707","73850","d0b1612f-4364-5403-9e5b-714ed896a027","LEGACY-NAME-C-O-ABHIJIT-ROY-D0A44563","74571ac8-3d68-53b5-8581-fed45b2cd3be","CORPORATE","","EXPLICIT_COMPANY"
"2709","57258","050c516f-483c-5c33-b5e5-68f9293bbfe9","LEGACY-NAME-SWAPNODEEP-TRAVELS-8920D8C9","292b0c9e-eba3-538a-b676-8eaeaef62b25","CORPORATE","","EXPLICIT_COMPANY"
"2710","60845","050c516f-483c-5c33-b5e5-68f9293bbfe9","LEGACY-NAME-SWAPNODEEP-TRAVELS-8920D8C9","bff19819-39a9-5a60-aac2-fe865488bee4","CORPORATE","","EXPLICIT_COMPANY"
"2721","70939","050c516f-483c-5c33-b5e5-68f9293bbfe9","LEGACY-NAME-SWAPNODEEP-TRAVELS-8920D8C9","92c848d3-f670-5b41-9106-b2d330ce269e","CORPORATE","","EXPLICIT_COMPANY"
"2729","92253","050c516f-483c-5c33-b5e5-68f9293bbfe9","LEGACY-NAME-SWAPNODEEP-TRAVELS-8920D8C9","a5fa7da2-624d-5b0e-9e34-9a3cbb079740","CORPORATE","","EXPLICIT_COMPANY"
"2731","69210","050c516f-483c-5c33-b5e5-68f9293bbfe9","LEGACY-NAME-SWAPNODEEP-TRAVELS-8920D8C9","51520f70-9154-5555-bd86-3bf606d28841","CORPORATE","","EXPLICIT_COMPANY"
"2737","64401","050c516f-483c-5c33-b5e5-68f9293bbfe9","LEGACY-NAME-SWAPNODEEP-TRAVELS-8920D8C9","f29a18fa-e889-56ee-bb04-dd729ee847cf","CORPORATE","","EXPLICIT_COMPANY"
"2739","89062","050c516f-483c-5c33-b5e5-68f9293bbfe9","LEGACY-NAME-SWAPNODEEP-TRAVELS-8920D8C9","24161da5-3ba5-5dbd-b9f1-28a0e093fb62","CORPORATE","","EXPLICIT_COMPANY"
"2744","84314","050c516f-483c-5c33-b5e5-68f9293bbfe9","LEGACY-NAME-SWAPNODEEP-TRAVELS-8920D8C9","6350f9cb-3047-53c4-a509-40dc15302788","CORPORATE","","EXPLICIT_COMPANY"
"2747","44463","050c516f-483c-5c33-b5e5-68f9293bbfe9","LEGACY-NAME-SWAPNODEEP-TRAVELS-8920D8C9","19fe203b-6b6e-52b4-8663-874fdc3202c0","CORPORATE","","EXPLICIT_COMPANY"
"2757","73656","050c516f-483c-5c33-b5e5-68f9293bbfe9","LEGACY-NAME-SWAPNODEEP-TRAVELS-8920D8C9","06c8de82-abac-52c0-af3d-e0ef922504ea","CORPORATE","","EXPLICIT_COMPANY"
"2759","77189","050c516f-483c-5c33-b5e5-68f9293bbfe9","LEGACY-NAME-SWAPNODEEP-TRAVELS-8920D8C9","43ecbee4-ab49-54e9-babe-552cd95e9a05","CORPORATE","","EXPLICIT_COMPANY"
"2761","49610","050c516f-483c-5c33-b5e5-68f9293bbfe9","LEGACY-NAME-SWAPNODEEP-TRAVELS-8920D8C9","db8d9d87-faef-5844-8001-d560dbc6d12d","CORPORATE","","EXPLICIT_COMPANY"
"2763","42748","050c516f-483c-5c33-b5e5-68f9293bbfe9","LEGACY-NAME-SWAPNODEEP-TRAVELS-8920D8C9","8a3b8425-a698-581d-bf0f-2cbf9b2063ff","CORPORATE","","EXPLICIT_COMPANY"
"2771","26944","050c516f-483c-5c33-b5e5-68f9293bbfe9","LEGACY-NAME-SWAPNODEEP-TRAVELS-8920D8C9","e66a5ae8-b4b1-5ea3-b122-a28185f482b4","CORPORATE","","EXPLICIT_COMPANY"
"2779","10373","050c516f-483c-5c33-b5e5-68f9293bbfe9","LEGACY-NAME-SWAPNODEEP-TRAVELS-8920D8C9","ea6847ba-1394-5e28-99b5-1930958125b2","CORPORATE","","EXPLICIT_COMPANY"
"2780","17430","050c516f-483c-5c33-b5e5-68f9293bbfe9","LEGACY-NAME-SWAPNODEEP-TRAVELS-8920D8C9","57254247-51cc-568f-afb5-424afb72fb99","CORPORATE","","EXPLICIT_COMPANY"
"2783","60235","050c516f-483c-5c33-b5e5-68f9293bbfe9","LEGACY-NAME-SWAPNODEEP-TRAVELS-8920D8C9","40fdd7dd-3251-5828-80c3-713c1874dfb3","CORPORATE","","EXPLICIT_COMPANY"
"2786","94225","050c516f-483c-5c33-b5e5-68f9293bbfe9","LEGACY-NAME-SWAPNODEEP-TRAVELS-8920D8C9","93f4d427-2552-53f1-80c9-ff3f2ad09b45","CORPORATE","","EXPLICIT_COMPANY"
"2787","17693","050c516f-483c-5c33-b5e5-68f9293bbfe9","LEGACY-NAME-SWAPNODEEP-TRAVELS-8920D8C9","69d27165-99f0-5e1b-ba01-fa3a5b6f6ee6","CORPORATE","","EXPLICIT_COMPANY"
"2790","32666","050c516f-483c-5c33-b5e5-68f9293bbfe9","LEGACY-NAME-SWAPNODEEP-TRAVELS-8920D8C9","ea2d4f0c-47c3-5568-ac05-7da9e3196d7c","CORPORATE","","EXPLICIT_COMPANY"
"2792","80063","050c516f-483c-5c33-b5e5-68f9293bbfe9","LEGACY-NAME-SWAPNODEEP-TRAVELS-8920D8C9","87f85898-77d8-5471-ae32-6f0cd753bd12","CORPORATE","","EXPLICIT_COMPANY"
"2793","55700","050c516f-483c-5c33-b5e5-68f9293bbfe9","LEGACY-NAME-SWAPNODEEP-TRAVELS-8920D8C9","b261e5ca-dd03-578e-8608-409395efaed5","CORPORATE","","EXPLICIT_COMPANY"
"2794","60214","050c516f-483c-5c33-b5e5-68f9293bbfe9","LEGACY-NAME-SWAPNODEEP-TRAVELS-8920D8C9","b0510602-effc-5f5a-810d-67f61995b414","CORPORATE","","EXPLICIT_COMPANY"
"2795","53796","050c516f-483c-5c33-b5e5-68f9293bbfe9","LEGACY-NAME-SWAPNODEEP-TRAVELS-8920D8C9","c84fd446-b433-5b2f-8406-26717ab528a9","CORPORATE","","EXPLICIT_COMPANY"
"2796","39360","050c516f-483c-5c33-b5e5-68f9293bbfe9","LEGACY-NAME-SWAPNODEEP-TRAVELS-8920D8C9","b96aa15f-60c0-55ed-a1a7-9dc33d382a03","CORPORATE","","EXPLICIT_COMPANY"
"2799","94381","050c516f-483c-5c33-b5e5-68f9293bbfe9","LEGACY-NAME-SWAPNODEEP-TRAVELS-8920D8C9","28191486-a579-531b-a263-c73f02c32f3f","CORPORATE","","EXPLICIT_COMPANY"
"2800","21181","050c516f-483c-5c33-b5e5-68f9293bbfe9","LEGACY-NAME-SWAPNODEEP-TRAVELS-8920D8C9","920d64f3-da0b-5241-9a77-93d727e7c38a","CORPORATE","","EXPLICIT_COMPANY"
"2802","64832","050c516f-483c-5c33-b5e5-68f9293bbfe9","LEGACY-NAME-SWAPNODEEP-TRAVELS-8920D8C9","7274ea07-7d7a-52cd-8d55-d6ab812add2e","CORPORATE","","EXPLICIT_COMPANY"
"2803","95725","050c516f-483c-5c33-b5e5-68f9293bbfe9","LEGACY-NAME-SWAPNODEEP-TRAVELS-8920D8C9","5a19177f-f823-511d-b366-15b27bd61f27","CORPORATE","","EXPLICIT_COMPANY"
"2720","85555","c5100f4e-7ab4-5a1e-98bf-aeb1452611c9","LEGACY-NAME-360-DEGREE-TRAVELS-B125794C","5e9c6774-0307-555a-bfe8-e96044bcdb89","CORPORATE","","EXPLICIT_COMPANY"
"2723","48453","3320b1e0-52c9-51a5-b182-46c10cbef29e","LEGACY-NAME-KAKATIYA-GLOBAL-PVT-LTD-79AF4BC2","025c960b-7ec2-5209-a6b8-875bab0c381d","CORPORATE","","EXPLICIT_COMPANY"
"2748","89363","3fb0d130-8fe0-58c3-8154-252d2f636132","LEGACY-NAME-SIDDHI-HOLIDAYS-18D5F0CD","d088d655-3fb2-5874-9e99-049adf12314d","CORPORATE","","EXPLICIT_COMPANY"
"2749","50421","3fb0d130-8fe0-58c3-8154-252d2f636132","LEGACY-NAME-SIDDHI-HOLIDAYS-18D5F0CD","945807b3-3c76-5de8-b773-808685a702e6","CORPORATE","","EXPLICIT_COMPANY"
"2766","42830","94709646-80c9-5eaa-9445-9e85997c64a1","LEGACY-NAME-BITS-TRAVEL-279ED821","8b059f55-589a-55f8-b07e-749155877cc9","CORPORATE","","EXPLICIT_COMPANY"
"2767","35116","94709646-80c9-5eaa-9445-9e85997c64a1","LEGACY-NAME-BITS-TRAVEL-279ED821","d36c93ba-e580-5212-a9d0-c1e27924c6a0","CORPORATE","","EXPLICIT_COMPANY"
"2772","91551","94709646-80c9-5eaa-9445-9e85997c64a1","LEGACY-NAME-BITS-TRAVEL-279ED821","d9b90849-711e-5711-82c4-54783fcb6c9d","CORPORATE","","EXPLICIT_COMPANY"
"2773","95821","94709646-80c9-5eaa-9445-9e85997c64a1","LEGACY-NAME-BITS-TRAVEL-279ED821","11d1a1ca-3997-586f-a569-887697e46ff1","CORPORATE","","EXPLICIT_COMPANY"
"2774","95855","94709646-80c9-5eaa-9445-9e85997c64a1","LEGACY-NAME-BITS-TRAVEL-279ED821","2b98ee0c-7880-5962-a0e5-52cd12a3fe4a","CORPORATE","","EXPLICIT_COMPANY"
"2791","36289","94709646-80c9-5eaa-9445-9e85997c64a1","LEGACY-NAME-BITS-TRAVEL-279ED821","951ce34f-5bec-58f6-b636-eccab90adf1a","CORPORATE","","EXPLICIT_COMPANY"
"2801","58114","94709646-80c9-5eaa-9445-9e85997c64a1","LEGACY-NAME-BITS-TRAVEL-279ED821","b8e52549-763a-5a9c-9bcc-d761076ac0ac","CORPORATE","","EXPLICIT_COMPANY"
"2776","75796","8e9930a4-28d2-5036-9a10-d6e237a51922","LEGACY-NAME-K-R-CABS-77727C0E","ef64e8a8-215c-57a6-9e53-a847dce3c222","CORPORATE","","EXPLICIT_COMPANY"
"2778","97972","3b89ffb2-0afe-52b6-8315-475a01f0259c","LEGACY-NAME-AWAITING-ADVENTURES-D461C35E","edec3d74-c0db-5e93-8628-db948fce7835","CORPORATE","","EXPLICIT_COMPANY"
"2784","80317","83797d99-d470-5b8f-bb58-00f0cd63427e","LEGACY-NAME-ABHIR-ROY-A7D24F5C","3095cb34-1ddf-57f5-a402-180914f0746e","CORPORATE","","EXPLICIT_COMPANY"
"1","53549","1bb508a2-6d16-5e3a-869d-ed75033e54b1","LEGACY-53549-1-DD6C5897","","RETAIL","","INDIVIDUAL"
"2","53079","4a015cd2-a932-59a0-b9b9-9a4d0e836a49","LEGACY-53079-2-7CC7DD91","","RETAIL","","INDIVIDUAL"
"3","35249","165850e3-1aed-5f0b-8e18-e2cce1d2158d","LEGACY-35249-3-C12DFBC7","","RETAIL","","INDIVIDUAL"
"4","56031","97b9df2f-1bd7-5369-8b4d-5450db4e383c","LEGACY-56031-4-1304C266","","RETAIL","","INDIVIDUAL"
"5","80037","b5247088-3bdf-5cd0-a17a-1f0431b05115","LEGACY-80037-5-04689886","","RETAIL","","INDIVIDUAL"
"6","47702","0c6d68c7-d39b-532c-bb33-f50014ac0b58","LEGACY-47702-6-494B586A","","RETAIL","","INDIVIDUAL"
"7","98290","85323dde-6fdb-50f2-8907-1ddcea5a8d54","LEGACY-98290-7-38CB5690","","RETAIL","","INDIVIDUAL"
"8","57416","130ddd49-16d3-54f8-a155-4e6103424fbe","LEGACY-57416-8-3BB91D54","","RETAIL","","INDIVIDUAL"
"9","98696","132e84e3-8b90-519b-813d-7f548a42cd65","LEGACY-98696-9-704516DD","","RETAIL","","INDIVIDUAL"
"10","15460","843d7588-4831-5564-8d8e-7bb7712a48fa","LEGACY-15460-10-009AFEA0","","RETAIL","","INDIVIDUAL"
"11","64149","e1ab0318-d035-515a-9469-be6b42ce5304","LEGACY-64149-11-206449F5","","RETAIL","","INDIVIDUAL"
"12","37513","7815a1c3-78fc-5fe2-99ca-3b48aac28afa","LEGACY-37513-12-6FCC228E","","RETAIL","","INDIVIDUAL"
"13","20208","cd5949b4-a5c9-50e9-967e-c726a5f85259","LEGACY-20208-13-7CB5A7DB","","RETAIL","","INDIVIDUAL"
"14","14514","0580ccf8-c5b5-5d64-8354-fe82e700111f","LEGACY-14514-14-6B85B5FD","","RETAIL","","INDIVIDUAL"
"15","64035","ba15eb17-c6c8-521f-8deb-3ff845eaa62c","LEGACY-64035-15-530DE93F","","RETAIL","","INDIVIDUAL"
"16","24558","88d40b4c-93f1-5238-9dff-9acb4d72c482","LEGACY-24558-16-E67789F8","","RETAIL","","INDIVIDUAL"
"17","97409","833517eb-e2a5-5076-b9f1-442c1beb043f","LEGACY-97409-17-9E35A541","","RETAIL","","INDIVIDUAL"
"19","30985","33a4b007-1fc3-5938-8bbf-178d5aab085f","LEGACY-30985-19-9AA2D396","","RETAIL","","INDIVIDUAL"
"21","28538","bc4e810f-9b3c-5970-a765-cd957af33771","LEGACY-28538-21-881E54B0","","RETAIL","","INDIVIDUAL"
"22","15810","0a18866b-2210-59c6-b2f1-8f45641b2f38","LEGACY-15810-22-F9128956","","RETAIL","","INDIVIDUAL"
"23","15455","fe7dccfd-9023-507c-831d-25361dbcd925","LEGACY-15455-23-22ACD904","","RETAIL","","INDIVIDUAL"
"24","82805","81ada7f0-550e-5365-983e-3d0555770651","LEGACY-82805-24-3CE11B01","","RETAIL","","INDIVIDUAL"
"25","61832","37871871-d246-5aa6-a865-9bf735ec14bb","LEGACY-61832-25-CF91ED49","","RETAIL","","INDIVIDUAL"
"26","41308","4c1702e4-564f-5b1e-acc1-345c1c79ea7b","LEGACY-41308-26-7773BCEE","","RETAIL","","INDIVIDUAL"
"27","25329","49f591cf-f4c0-5745-ba8f-f47422e78969","LEGACY-25329-27-F1DD234A","","RETAIL","","INDIVIDUAL"
"28","55991","695e4e77-ccdb-5b9f-aa45-119b08d9e6bc","LEGACY-55991-28-51783A84","","RETAIL","","INDIVIDUAL"
"29","43225","332c3d42-9abb-5b59-b238-e6b29a93fc2a","LEGACY-43225-29-87AB0D51","","RETAIL","","INDIVIDUAL"
"30","27025","8d3dd20c-8998-50c3-88c6-aec5bd3cc3e2","LEGACY-27025-30-A585367A","","RETAIL","","INDIVIDUAL"
"31","45184","8e045944-958d-50e5-902c-4c65f2b2315d","LEGACY-45184-31-AE981229","","RETAIL","","INDIVIDUAL"
"32","89955","5656fcd1-607e-56b9-ab8c-4e46687784a6","LEGACY-89955-32-EE41CE6D","","RETAIL","","INDIVIDUAL"
"33","49561","5eb29d83-54d5-561e-a846-aade7fae8326","LEGACY-49561-33-18433015","","RETAIL","","INDIVIDUAL"
"34","55103","78eef03c-4cb3-543c-b628-c03da289424e","LEGACY-55103-34-F13C79A9","","RETAIL","","INDIVIDUAL"
"35","67572","edafdaa9-61e4-58dd-8450-fb8066df4ae9","LEGACY-67572-35-D625EEFC","","RETAIL","","INDIVIDUAL"
"36","40364","cfe0e1c4-ccad-5f88-8a57-67f52fac7286","LEGACY-40364-36-A6B63855","","RETAIL","","INDIVIDUAL"
"37","52628","202f7417-7f0a-5f79-8a36-4782288ae89d","LEGACY-52628-37-9A65C580","","RETAIL","","INDIVIDUAL"
"38","48548","848a63ba-a044-5672-b4ca-3b036cbc4571","LEGACY-48548-38-8E232CA4","","RETAIL","","INDIVIDUAL"
"39","90263","d8dbf045-3515-5a91-b3d1-d665ed6847b7","LEGACY-90263-39-2D80214D","","RETAIL","","INDIVIDUAL"
"40","34800","13c612ef-2efb-545f-b294-8fa2806cb5c8","LEGACY-34800-40-B365066A","","RETAIL","","INDIVIDUAL"
"41","58981","f0a1a010-b788-5745-bbbb-fd18db6c6b26","LEGACY-58981-41-E2FFBBC4","","RETAIL","","INDIVIDUAL"
"44","66566","ac2c1dfc-fe2c-51f1-9bd5-efeb35b6f375","LEGACY-66566-44-62376922","","RETAIL","","INDIVIDUAL"
"45","34898","0a7c545c-1c31-5b18-8657-fd7c2347674b","LEGACY-34898-45-45AB7D61","","RETAIL","","INDIVIDUAL"
"46","55491","6c8fab1d-e187-53c0-99c7-0546902b694f","LEGACY-55491-46-43481836","","RETAIL","","INDIVIDUAL"
"48","14106","76c4d320-0042-5fcb-b527-a84ef1ad13d9","LEGACY-14106-48-E51CA491","","RETAIL","","INDIVIDUAL"
"49","84386","f818c01d-84c6-54bf-914b-0606b8c494de","LEGACY-84386-49-1BDF053A","","RETAIL","","INDIVIDUAL"
"52","82323","50a4971f-998c-5b38-92c5-632094db0462","LEGACY-82323-52-5E8B992B","","RETAIL","","INDIVIDUAL"
"53","11598","d7ee5e9c-fb72-5203-bdbb-6c5f4dfa46f6","LEGACY-11598-53-41C6E5E8","","RETAIL","","INDIVIDUAL"
"54","65941","4b7fffae-e8b8-5600-95a1-2b72873de4d6","LEGACY-65941-54-12797853","","RETAIL","","INDIVIDUAL"
"56","35717","ae76a01c-cac5-5e3b-9e61-63fafaf61db1","LEGACY-35717-56-D90924F3","","RETAIL","","INDIVIDUAL"
"57","21220","09263016-e7ed-5af9-b775-004ecf74152e","LEGACY-21220-57-BA79970A","","RETAIL","","INDIVIDUAL"
"61","87929","bd9a9ace-bc65-5c06-a4a5-f5ddd337c099","LEGACY-87929-61-0064D0EB","","RETAIL","","INDIVIDUAL"
"62","17843","f3321c4d-31b4-5040-85c6-48be6896908b","LEGACY-17843-62-403694C6","","RETAIL","","INDIVIDUAL"
"63","34099","ccc7972a-6702-5735-9995-fdc609d78d48","LEGACY-34099-63-3D33BEBD","","RETAIL","","INDIVIDUAL"
"67","84767","9058cf77-b51a-527f-8136-f966bc937289","LEGACY-84767-67-C452F393","","RETAIL","","INDIVIDUAL"
"73","88732","a69e3879-0b04-5f42-85ce-b15bab281fa9","LEGACY-88732-73-D3BA0D19","","RETAIL","","INDIVIDUAL"
"74","94071","72f56d7c-79ac-54ad-9ac2-c1d88a8189b6","LEGACY-94071-74-66C71104","","RETAIL","","INDIVIDUAL"
"75","41194","2699d3e7-0c32-593c-8d2c-79e82fe9ce97","LEGACY-41194-75-FDAE847F","","RETAIL","","INDIVIDUAL"
"76","80461","d7cb8362-80d6-5ce9-9d24-496118132b98","LEGACY-80461-76-3AAC87A9","","RETAIL","","INDIVIDUAL"
"78","99460","f07ddbd2-71a6-53c7-b84f-0094352b6940","LEGACY-99460-78-344F1B9A","","RETAIL","","INDIVIDUAL"
"79","42810","b49b2368-46a2-5515-b558-9ce91d349f64","LEGACY-42810-79-97421D5F","","RETAIL","","INDIVIDUAL"
"80","96010","19e49b6f-a554-5249-9de8-f0b0902911fc","LEGACY-96010-80-A5384433","","RETAIL","","INDIVIDUAL"
"81","46166","8082191b-41d2-5a80-b9cb-5c1a13b73864","LEGACY-46166-81-6D763ACF","","RETAIL","","INDIVIDUAL"
"82","48210","8c488914-ef42-5ecf-b5d1-52f587ab6b60","LEGACY-48210-82-62E447CA","","RETAIL","","INDIVIDUAL"
"83","60092","ecc02b73-7a88-5c3a-8606-f5c7966562a1","LEGACY-60092-83-B73F05DC","","RETAIL","","INDIVIDUAL"
"84","39769","4462c163-1519-5bd4-8a4a-6b3132ba38e8","LEGACY-39769-84-2D216083","","RETAIL","","INDIVIDUAL"
"85","81199","73518363-2a09-53d0-8bed-97c44d3de7e9","LEGACY-81199-85-A29BD0BA","","RETAIL","","INDIVIDUAL"
"86","14337","36257053-625d-5b52-8635-76e6da320594","LEGACY-14337-86-8709A105","","RETAIL","","INDIVIDUAL"
"88","56981","1dba17e6-4afb-54d7-8b1a-df50e4f19d7e","LEGACY-56981-88-C32586E2","","RETAIL","","INDIVIDUAL"
"89","27450","1fca2ea4-f58e-518f-acf4-4ad281d94c29","LEGACY-27450-89-35A392E1","","RETAIL","","INDIVIDUAL"
"91","69310","13c4f78e-34e3-5109-98b7-9a545e55f63a","LEGACY-69310-91-31F2875B","","RETAIL","","INDIVIDUAL"
"92","49730","90fc48c8-0f33-5d43-b38d-bc45bec332a6","LEGACY-49730-92-5DBC0F5C","","RETAIL","","INDIVIDUAL"
"94","99055","ad8921a4-13f5-5525-a673-0d708299e992","LEGACY-99055-94-10C69321","","RETAIL","","INDIVIDUAL"
"95","61735","90b7820b-d07a-5765-b637-4b80b1aa260b","LEGACY-61735-95-11196455","","RETAIL","","INDIVIDUAL"
"96","74619","de725b93-16da-5413-a4e1-b036f07ec4b9","LEGACY-74619-96-9D5FB985","","RETAIL","","INDIVIDUAL"
"97","61944","0420d8cb-9759-5b3f-90f7-1c3732bf7c0d","LEGACY-61944-97-8E57420D","","RETAIL","","INDIVIDUAL"
"98","62628","e239187b-473d-5ff9-a0e7-6047acfc5c2c","LEGACY-62628-98-225DAFE7","","RETAIL","","INDIVIDUAL"
"99","47227","2c023555-2d79-57bc-8784-5aafebce52eb","LEGACY-47227-99-919C932C","","RETAIL","","INDIVIDUAL"
"100","75825","727bcd3f-55f6-575c-855a-729edc22127d","LEGACY-75825-100-EFB0032C","","RETAIL","","INDIVIDUAL"
"101","28979","ceb7c0b8-e8dc-5e90-aa8d-a481ca753ec0","LEGACY-28979-101-57A06572","","RETAIL","","INDIVIDUAL"
"102","25235","1ab7f75c-d405-5d60-a4d4-00c367495041","LEGACY-25235-102-D8065E0D","","RETAIL","","INDIVIDUAL"
"103","73065","28d0bab1-95f8-524f-9cf4-eaa5a6d44a85","LEGACY-73065-103-EBB087C6","","RETAIL","","INDIVIDUAL"
"104","39047","60977933-6030-53e0-854d-7682274c0214","LEGACY-39047-104-291E8299","","RETAIL","","INDIVIDUAL"
"106","42640","aa902acb-9261-5f80-878c-729385a2d7e8","LEGACY-42640-106-0A211E8B","","RETAIL","","INDIVIDUAL"
"108","48408","f3ed4f21-278d-5b1a-a524-559ddd15c129","LEGACY-48408-108-D6ECD2EA","","RETAIL","","INDIVIDUAL"
"110","58054","1f5fe0e2-1b9c-5a74-9e5c-77cbb35989ee","LEGACY-58054-110-9FDD7283","","RETAIL","","INDIVIDUAL"
"111","94113","634f0fba-aaac-56cf-abf2-7fb3a7a46792","LEGACY-94113-111-7BFD4DDA","","RETAIL","","INDIVIDUAL"
"112","58225","54f38a2c-2c69-5b5c-b318-6579f0ccc4ca","LEGACY-58225-112-CE1F8F3E","","RETAIL","","INDIVIDUAL"
"113","61394","dc8d39d5-9694-521e-b10b-0599f4808abc","LEGACY-61394-113-1998ECF9","","RETAIL","","INDIVIDUAL"
"114","74687","f67b17f4-b2ab-5af5-9343-0bdbde8e71c8","LEGACY-74687-114-AD153671","","RETAIL","","INDIVIDUAL"
"116","25836","6f27f498-4c49-537e-848e-b6856da9416f","LEGACY-25836-116-FFA0E96D","","RETAIL","","INDIVIDUAL"
"117","91641","cd405222-3747-535b-b835-91e9803938c2","LEGACY-91641-117-F4645E73","","RETAIL","","INDIVIDUAL"
"118","31553","a4abdca5-d6d1-518b-921c-93672df66648","LEGACY-31553-118-8D455514","","RETAIL","","INDIVIDUAL"
"119","31073","3a6f608f-3125-574d-9208-b9b80c63c966","LEGACY-31073-119-B7D5CDFD","","RETAIL","","INDIVIDUAL"
"121","97297","14f74b54-a937-510e-aa51-925237841aee","LEGACY-97297-121-4CA0BB71","","RETAIL","","INDIVIDUAL"
"122","43953","e088298d-a1c8-5756-951e-cd93441645b7","LEGACY-43953-122-1EA91187","","RETAIL","","INDIVIDUAL"
"123","73119","c96a1d00-c604-5fc1-9383-6838402b98b7","LEGACY-73119-123-67F61FDB","","RETAIL","","INDIVIDUAL"
"124","23333","ddbc5f1b-2c35-51c5-8a9a-b948c497ae11","LEGACY-23333-124-06C003F0","","RETAIL","","INDIVIDUAL"
"129","95363","fb008957-f86c-5aac-861a-b8084b091a3c","LEGACY-95363-129-6BEEF0FD","","RETAIL","","INDIVIDUAL"
"130","87341","b6a09c89-3a0e-5a30-ae45-090a22cb9a0c","LEGACY-87341-130-6AAC6273","","RETAIL","","INDIVIDUAL"
"131","98482","f0f10964-d32a-528e-bdb2-86471c5abe9d","LEGACY-98482-131-AB78FD20","","RETAIL","","INDIVIDUAL"
"132","30551","4bac1cc8-2de9-5459-9b95-af7b8fceaeee","LEGACY-30551-132-362B75E9","","RETAIL","","INDIVIDUAL"
"133","28368","a96b0739-b95e-5233-b3e0-1339f807cf64","LEGACY-28368-133-DFE18B35","","RETAIL","","INDIVIDUAL"
"135","69918","57f15760-aff7-5460-8158-e673fbd69c74","LEGACY-69918-135-505D0D67","","RETAIL","","INDIVIDUAL"
"136","82749","beeccf39-9f9a-5043-98f2-690bc77a49bf","LEGACY-82749-136-610CB35B","","RETAIL","","INDIVIDUAL"
"137","66030","3eabe302-1342-5671-a1de-e97b1427e07a","LEGACY-66030-137-F70A2D5E","","RETAIL","","INDIVIDUAL"
"138","91436","bfa4bcfe-6b6f-5690-8be7-a94af1b89777","LEGACY-91436-138-24AED3E1","","RETAIL","","INDIVIDUAL"
"139","85960","848233a4-1d80-524f-8614-8ade4685aab9","LEGACY-85960-139-9D2A8448","","RETAIL","","INDIVIDUAL"
"140","38855","b7092748-4160-5778-b2d2-0fa081564e32","LEGACY-38855-140-FFC3B53E","","RETAIL","","INDIVIDUAL"
"141","54362","fe0840bb-dddb-5aef-8ceb-dbc512bcd40c","LEGACY-54362-141-E2FE4C5C","","RETAIL","","INDIVIDUAL"
"143","43990","68d914d9-baf6-530f-8c43-1994140c0206","LEGACY-43990-143-559F5CC8","","RETAIL","","INDIVIDUAL"
"144","97474","c758fbd9-7f71-57ce-9305-b70f11bc5ee4","LEGACY-97474-144-20CF0473","","RETAIL","","INDIVIDUAL"
"145","64085","433a7a5f-b514-530c-859e-aabc11267442","LEGACY-64085-145-EFE873B8","","RETAIL","","INDIVIDUAL"
"146","86145","85b66c6d-8dc0-513d-8a52-2963c1a1ff22","LEGACY-86145-146-04C08609","","RETAIL","","INDIVIDUAL"
"147","97695","e85472c4-6a38-5c27-85e7-1342ae4eed1c","LEGACY-97695-147-F3B8915E","","RETAIL","","INDIVIDUAL"
"148","71062","9ffdb3fd-de3f-54b2-88a5-f9bd1dbdcd38","LEGACY-71062-148-234C40C9","","RETAIL","","INDIVIDUAL"
"151","20752","aee01c18-b0b0-56b0-98c3-0942686ca4ec","LEGACY-20752-151-F0169856","","RETAIL","","INDIVIDUAL"
"152","64118","813de819-4988-5e2e-a35e-23dfa23a3d5e","LEGACY-64118-152-441AF76D","","RETAIL","","INDIVIDUAL"
"153","62477","6ecd866f-fa85-5e6d-84df-a0151579e20f","LEGACY-62477-153-B11B8811","","RETAIL","","INDIVIDUAL"
"154","97243","27be0c60-abea-5e48-af12-dfa9af59e427","LEGACY-97243-154-14647284","","RETAIL","","INDIVIDUAL"
"155","99845","62d48916-93ff-55ca-b7c6-96c941024469","LEGACY-99845-155-EC00F9C7","","RETAIL","","INDIVIDUAL"
"156","78624","6558d0be-022b-5733-94b6-3adaa40eb817","LEGACY-78624-156-42BA3D0B","","RETAIL","","INDIVIDUAL"
"157","16430","3c8b3098-074a-5ee5-8a68-b6c1d9db9d98","LEGACY-16430-157-6D034FED","","RETAIL","","INDIVIDUAL"
"158","68497","47bfee88-0513-56c3-985a-83278f140053","LEGACY-68497-158-4AFF6DC5","","RETAIL","","INDIVIDUAL"
"159","84649","58afc785-1446-5dc8-921f-e5aa0ce79ffe","LEGACY-84649-159-19A5C045","","RETAIL","","INDIVIDUAL"
"160","19207","af135f24-9d10-5d72-92b4-3b8f4a531371","LEGACY-19207-160-EDB70434","","RETAIL","","INDIVIDUAL"
"161","61280","e8fd67d2-631c-5307-90ed-1d24eafdca0c","LEGACY-61280-161-00BE70C1","","RETAIL","","INDIVIDUAL"
"162","23938","bf6c999f-cc1b-50c9-a356-84bd81aa0147","LEGACY-23938-162-42D464B9","","RETAIL","","INDIVIDUAL"
"163","83756","4547df11-1614-5be4-9593-c853241a3bd7","LEGACY-83756-163-6681F1DD","","RETAIL","","INDIVIDUAL"
"164","32745","5f8321c8-1c39-5763-a671-e2f53450c1a9","LEGACY-32745-164-6720FD75","","RETAIL","","INDIVIDUAL"
"165","71086","35da7aab-6c9d-51a5-8dde-da9d8c968fcc","LEGACY-71086-165-848BC8D6","","RETAIL","","INDIVIDUAL"
"166","39185","deaacf93-ede0-5ee6-839a-a5fda3646a91","LEGACY-39185-166-A91FE0B5","","RETAIL","","INDIVIDUAL"
"167","77915","1f281b53-9ccd-5545-8901-0abcb8d32cec","LEGACY-77915-167-FE0D45DF","","RETAIL","","INDIVIDUAL"
"168","38780","c0b6fc2d-0491-5a8c-9fb8-15f14df63739","LEGACY-38780-168-5E0F24AD","","RETAIL","","INDIVIDUAL"
"169","10119","7765d22c-ba5b-5233-b18d-e0c774ea7fd7","LEGACY-10119-169-2A662547","","RETAIL","","INDIVIDUAL"
"170","48664","50073689-529d-54cf-8738-9b4e96fe31d3","LEGACY-48664-170-07023CFD","","RETAIL","","INDIVIDUAL"
"171","23861","73c5890f-1b8a-5aad-98fc-cb7c05988d0a","LEGACY-23861-171-AE44FAB1","","RETAIL","","INDIVIDUAL"
"172","85644","f8281f77-9c80-5e20-bd6c-c834fd5f39f1","LEGACY-85644-172-B76BDF33","","RETAIL","","INDIVIDUAL"
"173","82385","bd6927a6-d892-57f7-b94c-f25905ac07b8","LEGACY-82385-173-AE9CA4DA","","RETAIL","","INDIVIDUAL"
"174","67179","ccde0c13-2f8b-5880-bd24-2f376265bde0","LEGACY-67179-174-80812F92","","RETAIL","","INDIVIDUAL"
"175","68010","cb44f6c0-9025-58d2-b8e3-27910816ed9b","LEGACY-68010-175-6A666683","","RETAIL","","INDIVIDUAL"
"176","11889","d52855d7-8160-5a34-b188-ce4e2c6f6e7e","LEGACY-11889-176-3457582B","","RETAIL","","INDIVIDUAL"
"177","28409","2c98e4f5-59eb-554b-a8d6-0e28d5254a26","LEGACY-28409-177-9A7370EF","","RETAIL","","INDIVIDUAL"
"178","26002","cf93e1a6-7654-5e7b-9586-af7cd0de5761","LEGACY-26002-178-ECCCD9D8","","RETAIL","","INDIVIDUAL"
"179","72608","edee2723-7510-5e75-a3e5-03f1c353239a","LEGACY-72608-179-0AD1F5C2","","RETAIL","","INDIVIDUAL"
"180","74173","45faffda-0b10-5063-81e6-7f14cef36408","LEGACY-74173-180-EC463102","","RETAIL","","INDIVIDUAL"
"181","54482","d67473e9-5c0e-5c45-b4cf-77a7963d9540","LEGACY-54482-181-237F49F1","","RETAIL","","INDIVIDUAL"
"184","32493","fed0c388-b64a-5801-ac7f-6377309488f0","LEGACY-32493-184-97E20B8F","","RETAIL","","INDIVIDUAL"
"185","38802","8a42c8ba-1f2a-5b80-92fe-c7ad42a87330","LEGACY-38802-185-C439D587","","RETAIL","","INDIVIDUAL"
"186","85327","2ff48e4c-3f03-5e5d-b9ee-bf6a9d78a54f","LEGACY-85327-186-4CCFC9D5","","RETAIL","","INDIVIDUAL"
"187","57504","09a419bf-e4fd-5a82-846b-dd1a5aa5f982","LEGACY-57504-187-F046B215","","RETAIL","","INDIVIDUAL"
"188","94023","cbeb9bd7-1e76-5f22-a5a0-485d83fdda91","LEGACY-94023-188-B1A199CF","","RETAIL","","INDIVIDUAL"
"189","77566","b9748138-f14c-5c1b-9d7b-93cff99945e0","LEGACY-77566-189-EB56F686","","RETAIL","","INDIVIDUAL"
"190","36024","52d8572b-5ae5-500c-bf2d-9df7c6fda0af","LEGACY-36024-190-9243D6C5","","RETAIL","","INDIVIDUAL"
"191","45169","00a535c7-2dbd-5812-8bb1-158a775354bc","LEGACY-45169-191-B6BCB4E2","","RETAIL","","INDIVIDUAL"
"192","31781","7cc5c6eb-e55b-5157-a8c2-e35b08fb914d","LEGACY-31781-192-BC17211D","","RETAIL","","INDIVIDUAL"
"193","25670","5451964a-0128-5185-8919-5006a923c980","LEGACY-25670-193-1562709A","","RETAIL","","INDIVIDUAL"
"194","15168","de98587a-21fe-5750-8145-078692128eb9","LEGACY-15168-194-8E1C0893","","RETAIL","","INDIVIDUAL"
"195","76536","ed4e127b-1a08-53d2-b2c9-3aad6ee9ae31","LEGACY-76536-195-F7260AD3","","RETAIL","","INDIVIDUAL"
"196","42121","f8aff0e9-bbca-5888-80d3-c5d604472efc","LEGACY-42121-196-B6F39A30","","RETAIL","","INDIVIDUAL"
"197","97914","4e36bda7-8e07-5979-80f3-5588b4f726db","LEGACY-97914-197-A0BD106F","","RETAIL","","INDIVIDUAL"
"198","51462","45dd77b6-9a42-50be-8f1f-2dae6fa5c619","LEGACY-51462-198-05287237","","RETAIL","","INDIVIDUAL"
"199","95011","42e81b5f-a420-50ef-a420-bbebd6cbbc6a","LEGACY-95011-199-D458FAAF","","RETAIL","","INDIVIDUAL"
"200","46130","c0be9d4a-afd1-5511-a471-655ec9d86c3e","LEGACY-46130-200-95DFF712","","RETAIL","","INDIVIDUAL"
"201","42513","61c334fd-6025-59d4-b141-e3d1ccc767fd","LEGACY-42513-201-F94A161D","","RETAIL","","INDIVIDUAL"
"202","80994","275d19f3-8eec-5da5-a50a-d5fd3237d758","LEGACY-80994-202-19BEEF1D","","RETAIL","","INDIVIDUAL"
"203","14889","497fd0ba-83d0-5794-b2f8-46b6c97141db","LEGACY-14889-203-3CB20DB4","","RETAIL","","INDIVIDUAL"
"205","12636","9f9986dc-787f-5342-afc5-a7f76c6d121d","LEGACY-12636-205-7131DE99","","RETAIL","","INDIVIDUAL"
"206","30609","6c90a9a1-677f-5ddc-8d4c-d770f9d6415d","LEGACY-30609-206-280B6520","","RETAIL","","INDIVIDUAL"
"207","70999","2be58177-aff4-5476-a296-7e99bb6856cf","LEGACY-70999-207-3A342003","","RETAIL","","INDIVIDUAL"
"208","44211","15674d9f-2384-5d47-824e-9cd23db8b1ab","LEGACY-44211-208-31A28A0C","","RETAIL","","INDIVIDUAL"
"209","24345","edb991d6-8826-525c-8017-70c4a5b806a8","LEGACY-24345-209-0493B386","","RETAIL","","INDIVIDUAL"
"210","42201","cc56d92f-7e00-5982-b1aa-2cad7ce71760","LEGACY-42201-210-1B14A3EA","","RETAIL","","INDIVIDUAL"
"212","72933","731825e2-426f-575b-b51b-e8b8a2eea84b","LEGACY-72933-212-04C7373B","","RETAIL","","INDIVIDUAL"
"213","54336","7f39110f-5df4-520d-96be-033dbdd72f3d","LEGACY-54336-213-D1168293","","RETAIL","","INDIVIDUAL"
"215","55762","308d6221-caca-581e-9a8a-0644141a7325","LEGACY-55762-215-BABB0901","","RETAIL","","INDIVIDUAL"
"216","14920","4abf4e07-4f4b-5d1d-999e-d0af723e7b47","LEGACY-14920-216-E58C614D","","RETAIL","","INDIVIDUAL"
"217","99765","0682aee7-43d8-5e73-9f89-97c66d98ff39","LEGACY-99765-217-46208EE3","","RETAIL","","INDIVIDUAL"
"218","94131","f22868eb-b16e-5646-983d-8dec11796c2a","LEGACY-94131-218-4A87D429","","RETAIL","","INDIVIDUAL"
"219","27626","b8ac718f-e14e-5aae-8ec5-74c20ae259b3","LEGACY-27626-219-8DDDD881","","RETAIL","","INDIVIDUAL"
"221","57710","7cb25cbb-010f-59e8-90c0-ae73c9f7fa2c","LEGACY-57710-221-C5F5FA9B","","RETAIL","","INDIVIDUAL"
"222","66935","73e90de1-bc79-5738-b025-ae46da0e6466","LEGACY-66935-222-B2743260","","RETAIL","","INDIVIDUAL"
"223","29565","6b160b51-372c-5ef2-a14a-8b0f4f274088","LEGACY-29565-223-466D7925","","RETAIL","","INDIVIDUAL"
"224","22578","450e3a76-7547-56c0-b4ff-a5cdab05b7a4","LEGACY-22578-224-1026542C","","RETAIL","","INDIVIDUAL"
"225","52092","9b757ed4-d836-5396-8338-a7f468858a36","LEGACY-52092-225-98B10538","","RETAIL","","INDIVIDUAL"
"226","78174","270b8af7-4421-5e9d-afe5-bd72befb8a7f","LEGACY-78174-226-259D2CB6","","RETAIL","","INDIVIDUAL"
"227","71371","6ce51ae1-275c-59c4-a0d8-1bd223370807","LEGACY-71371-227-DC4F2003","","RETAIL","","INDIVIDUAL"
"228","60665","b7cd9fd8-b654-5a33-ace9-1816ce363214","LEGACY-60665-228-BF9B9816","","RETAIL","","INDIVIDUAL"
"229","10179","c47ec28d-c9be-54ab-b7f3-ee3226b142ab","LEGACY-10179-229-F9882BB4","","RETAIL","","INDIVIDUAL"
"230","19594","0473fa49-1532-52e5-a9d0-5021f6f7a1d7","LEGACY-19594-230-FB6459AB","","RETAIL","","INDIVIDUAL"
"231","62523","c40a0d14-4fcd-537c-8f8a-58215a0f7223","LEGACY-62523-231-15961239","","RETAIL","","INDIVIDUAL"
"232","57412","c7c59833-6277-50fc-a041-611cb440a544","LEGACY-57412-232-E8D5487B","","RETAIL","","INDIVIDUAL"
"233","77343","3b6300db-a949-5abf-840a-d0a007422d79","LEGACY-77343-233-86F67145","","RETAIL","","INDIVIDUAL"
"234","98242","94ebf51a-bb8f-54f9-970b-efafd67e1125","LEGACY-98242-234-36C93A52","","RETAIL","","INDIVIDUAL"
"235","45938","8d4d4cee-3e95-5bee-b3da-1d26f3dd2bda","LEGACY-45938-235-6BEC4084","","RETAIL","","INDIVIDUAL"
"236","22606","07edb236-0dd0-5d5f-a05a-92b1a8c1f50f","LEGACY-22606-236-75FC072E","","RETAIL","","INDIVIDUAL"
"237","35176","b69ba34a-cd24-55bf-89ca-d59ea464b232","LEGACY-35176-237-3D1A5BCE","","RETAIL","","INDIVIDUAL"
"238","89524","653bcef0-c13f-58fd-8bb3-881edf6f4d87","LEGACY-89524-238-CCA05EB0","","RETAIL","","INDIVIDUAL"
"239","63315","d305b992-c807-5295-8763-c13aac6262a3","LEGACY-63315-239-A30EB136","","RETAIL","","INDIVIDUAL"
"240","13449","57d630e4-a680-5943-91d6-d4f336dfac82","LEGACY-13449-240-85100A8A","","RETAIL","","INDIVIDUAL"
"241","80439","865bff82-51bd-560e-b956-fec21398bbb2","LEGACY-80439-241-6A56EE59","","RETAIL","","INDIVIDUAL"
"242","29032","eaad1eeb-11c9-565c-8b43-1502b9c311d7","LEGACY-29032-242-CD4E0F80","","RETAIL","","INDIVIDUAL"
"243","88645","416afa9a-482d-5903-9cd9-4ebb85b715a3","LEGACY-88645-243-44A2D9D0","","RETAIL","","INDIVIDUAL"
"244","93521","8b5c1f6a-4cac-5091-ac3f-34922f079b68","LEGACY-93521-244-FB90F445","","RETAIL","","INDIVIDUAL"
"245","60008","d9702521-ffd3-5700-b9d0-e1b6aa022a94","LEGACY-60008-245-B488F2BC","","RETAIL","","INDIVIDUAL"
"246","38757","bf96fb81-f637-5163-9a05-648182e8d845","LEGACY-38757-246-290967DF","","RETAIL","","INDIVIDUAL"
"247","94191","56d85427-e3e3-5a23-9636-650da834ffbe","LEGACY-94191-247-7BC3BE94","","RETAIL","","INDIVIDUAL"
"248","83293","7daa1e76-c56a-5219-9492-1e6f30c9c5b8","LEGACY-83293-248-045DE5AF","","RETAIL","","INDIVIDUAL"
"249","41015","0c779bcf-5bd2-58b1-ab25-abbde3eabdd2","LEGACY-41015-249-EE59BF10","","RETAIL","","INDIVIDUAL"
"250","78148","f3a3e40b-7694-5d4c-9212-af4c7343dd62","LEGACY-78148-250-25F6BB7A","","RETAIL","","INDIVIDUAL"
"252","97032","3a4c07f1-c5b4-5cd0-9078-bdf9e6620562","LEGACY-97032-252-0B16BD5E","","RETAIL","","INDIVIDUAL"
"253","74201","13bdfcd7-f114-56be-ac9c-025902dde926","LEGACY-74201-253-37427D67","","RETAIL","","INDIVIDUAL"
"255","14740","6740a803-04fe-5a81-ae00-a3ab2b6410c0","LEGACY-14740-255-C266BBB8","","RETAIL","","INDIVIDUAL"
"257","11240","46f9f9cb-93db-54a7-b5eb-797905915f6c","LEGACY-11240-257-94433DE8","","RETAIL","","INDIVIDUAL"
"258","49725","8faca35c-bebd-5484-9b46-8db4c452a07c","LEGACY-49725-258-9083EA67","","RETAIL","","INDIVIDUAL"
"261","90619","847073b9-8274-5d52-8535-0e0992e3c26b","LEGACY-90619-261-9DC5DF11","","RETAIL","","INDIVIDUAL"
"262","47116","1fd0db56-49af-5e2c-bcae-0f399d3b6997","LEGACY-47116-262-515EB166","","RETAIL","","INDIVIDUAL"
"263","47485","42fabd9d-4e02-5cd4-927c-95018c5650b0","LEGACY-47485-263-4C0B262F","","RETAIL","","INDIVIDUAL"
"264","20184","ffce8f47-da07-53e7-ab7c-a106d1c99b03","LEGACY-20184-264-5B6076BA","","RETAIL","","INDIVIDUAL"
"265","92404","501be47b-f904-5635-8c75-7bccacc5874b","LEGACY-92404-265-6BA93387","","RETAIL","","INDIVIDUAL"
"266","98673","b72fa5a7-9aa5-5c03-907f-e2a49c66fc31","LEGACY-98673-266-4726137B","","RETAIL","","INDIVIDUAL"
"267","86656","1fac1d5c-7117-5471-8cf1-ea5984186c10","LEGACY-86656-267-25401456","","RETAIL","","INDIVIDUAL"
"268","66241","6d714272-c95a-5d94-88d5-83cb2a184e3d","LEGACY-66241-268-BFEC6DD7","","RETAIL","","INDIVIDUAL"
"269","40104","a00633ca-f367-5894-9311-c0fba427b8a6","LEGACY-40104-269-4AB051E6","","RETAIL","","INDIVIDUAL"
"270","47067","2d3480af-86c0-5ef8-a6d9-cbd3f9c39abf","LEGACY-47067-270-CEEBAFF8","","RETAIL","","INDIVIDUAL"
"271","76651","7a799033-74bf-5e93-b7b5-e8a7eb3c5e7f","LEGACY-76651-271-AB1DADFC","","RETAIL","","INDIVIDUAL"
"273","36384","24ed4224-1927-5335-938a-28555b24f24d","LEGACY-36384-273-7A7E642E","","RETAIL","","INDIVIDUAL"
"274","48010","a96bedaa-4c82-5bc9-9697-c27ff78d2e5e","LEGACY-48010-274-D0F9D115","","RETAIL","","INDIVIDUAL"
"275","61545","7cefb8e0-eec3-5791-ab5e-efc99e5c51c7","LEGACY-61545-275-7EA01F9C","","RETAIL","","INDIVIDUAL"
"276","11485","0d61c895-202d-52ca-8951-e058b867298a","LEGACY-11485-276-4D52790E","","RETAIL","","INDIVIDUAL"
"277","11050","92f424b4-ff86-56f0-821b-8e05f4324c74","LEGACY-11050-277-2B057D7E","","RETAIL","","INDIVIDUAL"
"278","12766","95f6fc5f-77f7-5c68-bda1-21617322b652","LEGACY-12766-278-FB3A7A93","","RETAIL","","INDIVIDUAL"
"279","45024","4a0d47ea-1e1d-547c-a48c-79ec416b4712","LEGACY-45024-279-C7E5D436","","RETAIL","","INDIVIDUAL"
"280","84354","1d52a072-ed78-51c9-9635-8ad683cf765a","LEGACY-84354-280-70781EC0","","RETAIL","","INDIVIDUAL"
"281","67077","6f4338c2-3c07-5825-a52f-393ec2c34488","LEGACY-67077-281-923133D3","","RETAIL","","INDIVIDUAL"
"282","59650","5579af1c-edb3-5c43-854a-4f08eb50d13a","LEGACY-59650-282-8F5E60D9","","RETAIL","","INDIVIDUAL"
"283","42283","a849aed7-c74c-521c-a930-7275a5a67cae","LEGACY-42283-283-AEF5751E","","RETAIL","","INDIVIDUAL"
"284","92897","451d660b-34d5-5eba-b328-c78dc72911a5","LEGACY-92897-284-ACB35BFC","","RETAIL","","INDIVIDUAL"
"285","86688","42e337f0-ec2e-5718-bfe1-54ffbfcc4f00","LEGACY-86688-285-9652084D","","RETAIL","","INDIVIDUAL"
"286","79316","d8053fb6-23ce-5b19-afa3-6fde0c0c8ded","LEGACY-79316-286-C988EA29","","RETAIL","","INDIVIDUAL"
"287","16257","952f6fe3-b1c4-5d91-9b9a-98f90ed287ed","LEGACY-16257-287-E5832395","","RETAIL","","INDIVIDUAL"
"288","34818","cc69fb01-f25e-5116-bb94-062d49e995eb","LEGACY-34818-288-2469D028","","RETAIL","","INDIVIDUAL"
"289","72145","820b708e-d43a-5092-b102-2d235b9f2a80","LEGACY-72145-289-10BCA087","","RETAIL","","INDIVIDUAL"
"290","44104","bc6f33d5-b540-5b93-b8d2-8b114e50cfe5","LEGACY-44104-290-6685A5D5","","RETAIL","","INDIVIDUAL"
"291","83151","130eb217-7c8c-59f8-8f61-0bdb847aa34c","LEGACY-83151-291-A92E9E72","","RETAIL","","INDIVIDUAL"
"292","29955","e8ad16a5-29d9-5a3c-b1b6-bdc10c8e9015","LEGACY-29955-292-CC31E291","","RETAIL","","INDIVIDUAL"
"293","10239","f856fe10-eeb3-5422-a0c8-2f6bd4ef1340","LEGACY-10239-293-78AE4DF7","","RETAIL","","INDIVIDUAL"
"294","41456","479c0195-c4e1-54ee-8733-f1126a12f3ab","LEGACY-41456-294-4529DC9C","","RETAIL","","INDIVIDUAL"
"295","71340","612cce1b-9c45-558a-a4fe-724bb86ea67d","LEGACY-71340-295-F8AF246A","","RETAIL","","INDIVIDUAL"
"296","73989","3370a238-8c3b-5815-a7d6-c71395c70acb","LEGACY-73989-296-AE7ED4B2","","RETAIL","","INDIVIDUAL"
"297","37305","a8d0efe7-e6dd-583b-819b-25c596dd36c6","LEGACY-37305-297-266D6120","","RETAIL","","INDIVIDUAL"
"298","77845","e913f450-59c2-54c8-a139-29cf10cf0fb5","LEGACY-77845-298-EAD4B0C2","","RETAIL","","INDIVIDUAL"
"299","16114","b66e1668-471f-5297-be22-a17464e1e8aa","LEGACY-16114-299-1E09DBB6","","RETAIL","","INDIVIDUAL"
"300","61140","daee4830-a59a-54ed-8acb-ecb43e305c19","LEGACY-61140-300-79C719B2","","RETAIL","","INDIVIDUAL"
"302","90049","db2b7fde-5e81-5834-aec7-2daf7ab9131c","LEGACY-90049-302-26863A9C","","RETAIL","","INDIVIDUAL"
"303","73595","50d0007f-84b2-5601-9c01-00d296063fa7","LEGACY-73595-303-8A26B479","","RETAIL","","INDIVIDUAL"
"304","25406","48bf5a69-0244-571d-87c3-e12c667712f9","LEGACY-25406-304-8EF52306","","RETAIL","","INDIVIDUAL"
"305","85289","016f79f7-69d3-5335-b0ba-f8ff4e894c02","LEGACY-85289-305-98C468F6","","RETAIL","","INDIVIDUAL"
"306","58968","aa6ba6cc-4a20-557e-96de-b6fc43f26b45","LEGACY-58968-306-A7C237D5","","RETAIL","","INDIVIDUAL"
"307","71403","e003144e-6acb-5adc-8a89-8ae6c617e33d","LEGACY-71403-307-B3502AC5","","RETAIL","","INDIVIDUAL"
"308","83243","026d6092-9ddc-5030-95b6-fcc3bb3ab683","LEGACY-83243-308-864C0291","","RETAIL","","INDIVIDUAL"
"309","92635","bbe785f2-991b-5167-9b7d-756e0e392798","LEGACY-92635-309-B2CD9FA1","","RETAIL","","INDIVIDUAL"
"310","28553","aed352a4-bc5e-50f6-8cb7-5e540fd84178","LEGACY-28553-310-50E7A335","","RETAIL","","INDIVIDUAL"
"311","26303","f9568b56-11a2-5211-81b5-40eb0844ed58","LEGACY-26303-311-72B6AA82","","RETAIL","","INDIVIDUAL"
"312","24121","2ce83772-9caa-5bd3-914b-6c2c58d74a0e","LEGACY-24121-312-61BBE555","","RETAIL","","INDIVIDUAL"
"313","94814","199ebe47-411a-5e04-a6b1-b1546af3c6f7","LEGACY-94814-313-15C02F96","","RETAIL","","INDIVIDUAL"
"314","94599","e12030d8-f3ea-50d1-a27c-2f1dfc09e400","LEGACY-94599-314-CDC45930","","RETAIL","","INDIVIDUAL"
"315","35152","dfdd46c8-6ab4-5477-92cf-d182901d43b0","LEGACY-35152-315-B3BE537A","","RETAIL","","INDIVIDUAL"
"316","29618","e15c6b03-a6ef-5037-834a-646ec81a1af4","LEGACY-29618-316-D0134F2A","","RETAIL","","INDIVIDUAL"
"322","50938","84fb539a-d3f0-5eee-8a31-208d120f98cf","LEGACY-50938-322-83E5F776","","RETAIL","","INDIVIDUAL"
"323","82292","19eb3beb-8a20-5e50-956a-17e1d345c2ca","LEGACY-82292-323-670D18DB","","RETAIL","","INDIVIDUAL"
"324","70006","e7d923b6-2e60-5116-b829-084f1d79c287","LEGACY-70006-324-2B00F695","","RETAIL","","INDIVIDUAL"
"325","53127","86f8d798-b80a-5ab2-b749-a9badc8bf4f5","LEGACY-53127-325-57841868","","RETAIL","","INDIVIDUAL"
"326","97964","cec8335d-80f6-51e5-b81e-4b09c45a4b2e","LEGACY-97964-326-758E91D3","","RETAIL","","INDIVIDUAL"
"327","95843","581a2969-ddb7-5529-ae44-9f021c9b77c7","LEGACY-95843-327-7B850366","","RETAIL","","INDIVIDUAL"
"328","89193","cb63ca9f-73cc-5436-9fc1-8a082cebbd1a","LEGACY-89193-328-15A128EE","","RETAIL","","INDIVIDUAL"
"329","77019","822367b5-2094-53b4-b570-29503e43fccc","LEGACY-77019-329-B665BDBA","","RETAIL","","INDIVIDUAL"
"330","81259","0871df7c-1678-5ab3-96d0-07616aae1cda","LEGACY-81259-330-22F3466A","","RETAIL","","INDIVIDUAL"
"332","92290","8bf0e7f5-1886-57b2-99fe-7c54e72fc6ba","LEGACY-92290-332-AAF2FE9E","","RETAIL","","INDIVIDUAL"
"333","68329","e951f866-2c9c-5a72-aec7-0e2d3948c8a6","LEGACY-68329-333-A76F4EFE","","RETAIL","","INDIVIDUAL"
"334","56344","0b060576-4736-56c4-a9f0-e4de73ddfb6d","LEGACY-56344-334-F0FAD170","","RETAIL","","INDIVIDUAL"
"335","79692","c5b5322f-d7ae-5428-a38e-7683f42baf02","LEGACY-79692-335-4C59A559","","RETAIL","","INDIVIDUAL"
"336","10398","69d79681-e8f8-5243-94a1-aa5d32376c05","LEGACY-10398-336-ADADB2DF","","RETAIL","","INDIVIDUAL"
"338","82489","0bda8546-65dc-51da-a433-50fbb6aa7814","LEGACY-82489-338-CFB7E4D2","","RETAIL","","INDIVIDUAL"
"339","89848","b8031d27-9fb1-546a-87be-760508cee646","LEGACY-89848-339-D98C4BCA","","RETAIL","","INDIVIDUAL"
"341","22292","ef14ed24-80cc-59c8-b446-96439d0c3664","LEGACY-22292-341-0684342F","","RETAIL","","INDIVIDUAL"
"343","35937","72337de7-73b3-50d9-b95e-e66665b9ac20","LEGACY-35937-343-7EEF6B77","","RETAIL","","INDIVIDUAL"
"344","79180","09cab198-db9e-5e8b-ae99-9f35198cbeb3","LEGACY-79180-344-3BBCD39F","","RETAIL","","INDIVIDUAL"
"345","76626","bf310767-d768-57c9-8a08-d74645531b60","LEGACY-76626-345-6E54FAD9","","RETAIL","","INDIVIDUAL"
"346","18572","6402057f-da30-57e7-befa-456fa7950ef9","LEGACY-18572-346-3390FBD2","","RETAIL","","INDIVIDUAL"
"347","55535","d042c0e5-457b-55d0-ae9b-59f2420c7a48","LEGACY-55535-347-7C0B5FC0","","RETAIL","","INDIVIDUAL"
"348","61424","db4702d8-a721-5b7b-b184-de630ba3c3c2","LEGACY-61424-348-0D7D0471","","RETAIL","","INDIVIDUAL"
"349","46848","f06964b8-de37-5432-864c-eb640880f76e","LEGACY-46848-349-C80EE6AF","","RETAIL","","INDIVIDUAL"
"350","63919","427a5c4e-f2e7-5f64-a8e3-812ee0c44c5a","LEGACY-63919-350-76DE7CA8","","RETAIL","","INDIVIDUAL"
"352","85770","496cc137-a7a1-5cc4-9238-de65662fbe99","LEGACY-85770-352-646AAD5E","","RETAIL","","INDIVIDUAL"
"354","22303","94439a25-e366-5bbf-817c-4f6a6df33409","LEGACY-22303-354-CA195FB3","","RETAIL","","INDIVIDUAL"
"356","39470","6d213f35-020b-5078-a2ba-7ebf2ad6fcaf","LEGACY-39470-356-600AF5C4","","RETAIL","","INDIVIDUAL"
"357","97247","d30b2612-112a-5cab-b892-44c3fa461548","LEGACY-97247-357-DF868060","","RETAIL","","INDIVIDUAL"
"358","53534","857f3d0a-17a3-5c9c-a40b-76ea08660dc1","LEGACY-53534-358-BE86AC19","","RETAIL","","INDIVIDUAL"
"360","10814","a07751c9-5a64-51d1-a8b5-018cce57402d","LEGACY-10814-360-A631E4D5","","RETAIL","","INDIVIDUAL"
"361","68729","a9a4783c-c79a-5bef-8462-2060b46e78da","LEGACY-68729-361-394D820E","","RETAIL","","INDIVIDUAL"
"362","96706","79bfb044-cb63-51e6-8921-fd7038231685","LEGACY-96706-362-FB109DD2","","RETAIL","","INDIVIDUAL"
"363","23597","0d9f9a16-cd7a-59df-993b-9808a21aee05","LEGACY-23597-363-368127EC","","RETAIL","","INDIVIDUAL"
"364","82346","3b036491-5c0a-5630-8fa9-f98ea6d25ef5","LEGACY-82346-364-9B519603","","RETAIL","","INDIVIDUAL"
"365","53633","8d535e7a-6642-5630-b3ad-810f8718de5c","LEGACY-53633-365-ED5FB2C3","","RETAIL","","INDIVIDUAL"
"366","42383","ff74e825-894e-5120-8699-d6c94165ab7a","LEGACY-42383-366-4189B21E","","RETAIL","","INDIVIDUAL"
"367","46318","e247c658-57df-5ef4-8838-3933fcefe688","LEGACY-46318-367-D3E2484F","","RETAIL","","INDIVIDUAL"
"368","84453","6b6b5bbf-2f86-5640-bb1f-5be67ddc887d","LEGACY-84453-368-E33F8B1A","","RETAIL","","INDIVIDUAL"
"369","12010","eb852caa-fcc5-5fd1-81d5-35f9ce77ab04","LEGACY-12010-369-E89260F1","","RETAIL","","INDIVIDUAL"
"370","67741","8e58ef80-b377-5de7-b17f-7c4dd6f4f227","LEGACY-67741-370-BF06962A","","RETAIL","","INDIVIDUAL"
"371","63898","0d6bd640-8d6e-5d2f-bbbc-5ed0d21a6959","LEGACY-63898-371-635818DB","","RETAIL","","INDIVIDUAL"
"372","35909","7057c8d8-aefa-5677-8367-a0b8ef54ef46","LEGACY-35909-372-0C42BE5A","","RETAIL","","INDIVIDUAL"
"373","10274","d43d41ac-34ca-5265-a7ac-56b45623015e","LEGACY-10274-373-1903E06A","","RETAIL","","INDIVIDUAL"
"375","36298","ce6b764e-57f8-5f7d-afbf-4aaa501dc5ba","LEGACY-36298-375-FFDB09D6","","RETAIL","","INDIVIDUAL"
"377","76468","a1829dcd-4f3b-597d-8730-663c1ad79eab","LEGACY-76468-377-DAF80D33","","RETAIL","","INDIVIDUAL"
"378","37472","26dc5779-9bdb-5751-933e-e5fd02287d09","LEGACY-37472-378-D5B78AA1","","RETAIL","","INDIVIDUAL"
"379","95336","5240d325-5bb7-5e52-ba70-72d0607196b2","LEGACY-95336-379-6CE813E3","","RETAIL","","INDIVIDUAL"
"382","20454","12a81106-c276-5030-92b1-d6420cc626d7","LEGACY-20454-382-FCCED864","","RETAIL","","INDIVIDUAL"
"383","67067","4eef1c4c-e7fa-57cc-934f-d6cd51c65d87","LEGACY-67067-383-0D636A35","","RETAIL","","INDIVIDUAL"
"384","66948","39584a9d-b6c4-5000-9597-b07ed0947644","LEGACY-66948-384-AB172229","","RETAIL","","INDIVIDUAL"
"385","86247","1a0ad73e-904a-560e-9695-550190f31596","LEGACY-86247-385-A31AD7D4","","RETAIL","","INDIVIDUAL"
"386","85189","ba3fc306-449c-5b10-9028-e2eae1ac0bba","LEGACY-85189-386-51B420DD","","RETAIL","","INDIVIDUAL"
"387","77290","86923ac5-7d45-5f0f-92ce-fe19727c27df","LEGACY-77290-387-34F413B7","","RETAIL","","INDIVIDUAL"
"388","36203","43bcd3bd-a2d1-5200-b1bc-01e0e4428858","LEGACY-36203-388-9D8E36C0","","RETAIL","","INDIVIDUAL"
"389","43368","04f47be9-acce-5b3c-ba2d-0bddd90c76d2","LEGACY-43368-389-E1A9337B","","RETAIL","","INDIVIDUAL"
"391","79594","ccaf027b-9b20-594e-9289-e05033f57513","LEGACY-79594-391-7D53AA37","","RETAIL","","INDIVIDUAL"
"392","49049","c484a25c-31f7-53b6-b4e3-761dc8b45bd2","LEGACY-49049-392-BB8CC398","","RETAIL","","INDIVIDUAL"
"393","25767","8a233faa-e684-5b46-8a60-632fca280b38","LEGACY-25767-393-5860350D","","RETAIL","","INDIVIDUAL"
"395","75812","ac6d3719-51bc-5d8b-871d-99a2dd7ff8d2","LEGACY-75812-395-F1629EF5","","RETAIL","","INDIVIDUAL"
"396","24747","06906708-a87c-5179-a262-76d4ee236acc","LEGACY-24747-396-C86A84AE","","RETAIL","","INDIVIDUAL"
"397","35281","899d119a-b174-59a3-9de5-f5318c0a522d","LEGACY-35281-397-66B30191","","RETAIL","","INDIVIDUAL"
"399","15649","8b36ae39-6dd4-5a3d-aea4-22017d286efc","LEGACY-15649-399-C0DCB225","","RETAIL","","INDIVIDUAL"
"400","97799","b4b6a724-38c3-5749-9516-9e7aea84887c","LEGACY-97799-400-F4792E2E","","RETAIL","","INDIVIDUAL"
"401","76106","553f6f5d-a929-5c4f-a60c-fe39a2546375","LEGACY-76106-401-020EF411","","RETAIL","","INDIVIDUAL"
"402","58888","de169125-149a-53d6-9fdc-8ceca04bf80d","LEGACY-58888-402-C6AD4FCD","","RETAIL","","INDIVIDUAL"
"403","72040","bb101977-381f-591a-b7f1-02bf2ea54454","LEGACY-72040-403-0B1E9986","","RETAIL","","INDIVIDUAL"
"404","70067","430d4dc6-c0ac-5cf1-8739-e7f061caa4e5","LEGACY-70067-404-E8C08333","","RETAIL","","INDIVIDUAL"
"406","98452","439648b6-8b74-5d02-9dc3-5eeb09cae4af","LEGACY-98452-406-46F4BDE0","","RETAIL","","INDIVIDUAL"
"407","44760","de3ac33d-57c3-5fe2-a273-51c5ed4adcaf","LEGACY-44760-407-7FFC7750","","RETAIL","","INDIVIDUAL"
"408","61316","6bbd18ef-ff43-5cf6-9130-7b3642c66d3c","LEGACY-61316-408-31387BD0","","RETAIL","","INDIVIDUAL"
"409","64183","bda04f4b-c553-5b58-b9bb-987ce3775308","LEGACY-64183-409-CBFA4889","","RETAIL","","INDIVIDUAL"
"410","59288","2fd1e3b0-073e-55a3-abe6-d0bed64883dc","LEGACY-59288-410-EE0F4648","","RETAIL","","INDIVIDUAL"
"411","53808","448c58c8-494a-5263-b498-1da379679653","LEGACY-53808-411-A523C8EA","","RETAIL","","INDIVIDUAL"
"412","55448","739941be-61b8-51be-a55b-e34e7408e23f","LEGACY-55448-412-0F3F5700","","RETAIL","","INDIVIDUAL"
"413","15693","1a4a1dd6-bbe8-58f6-8bd1-5d1ac11724fb","LEGACY-15693-413-75148969","","RETAIL","","INDIVIDUAL"
"414","55878","6e93b8da-2109-5ff3-a762-9bdfacf5b95f","LEGACY-55878-414-F4BA96D6","","RETAIL","","INDIVIDUAL"
"416","23666","25b30b26-4bb2-50fd-b3a0-03a692468c12","LEGACY-23666-416-2F66B5CB","","RETAIL","","INDIVIDUAL"
"417","74146","afbd4577-630f-50c3-80da-35b1d3d21f91","LEGACY-74146-417-EA00E1F1","","RETAIL","","INDIVIDUAL"
"421","81203","17e751aa-60cc-5726-a56c-91001b8f759c","LEGACY-81203-421-D5B0DBE8","","RETAIL","","INDIVIDUAL"
"422","16174","a878e03c-a73a-5479-a1c0-b0555582fb1f","LEGACY-16174-422-02803F0C","","RETAIL","","INDIVIDUAL"
"423","56959","7c9affe3-01ae-535d-8b3a-9ff94c7b055f","LEGACY-56959-423-288F84CF","","RETAIL","","INDIVIDUAL"
"424","70783","586a876b-0832-58b0-ac15-b18d312f7473","LEGACY-70783-424-032E4568","","RETAIL","","INDIVIDUAL"
"425","55618","ab649976-3834-5edd-ac56-9c0f0934c728","LEGACY-55618-425-D4A2B8C9","","RETAIL","","INDIVIDUAL"
"426","32034","6e6158ff-c1cb-5e4d-aba9-8e68540d876a","LEGACY-32034-426-11B3C394","","RETAIL","","INDIVIDUAL"
"428","49007","38f35d2a-6692-58c4-bebe-a5cadf75bfcd","LEGACY-49007-428-E7CCEE30","","RETAIL","","INDIVIDUAL"
"429","74440","284331b0-fce3-5e7a-81f3-4390524371de","LEGACY-74440-429-1C6E3063","","RETAIL","","INDIVIDUAL"
"430","26255","bd7be8f7-3083-5437-b31e-45c8383243af","LEGACY-26255-430-9B238D0F","","RETAIL","","INDIVIDUAL"
"431","87078","c55d51c8-ef00-508a-a9c8-2e4a72f20b77","LEGACY-87078-431-0019D1C4","","RETAIL","","INDIVIDUAL"
"432","71655","9e203d6f-64b4-5a0f-b0ad-d328cc921584","LEGACY-71655-432-04715782","","RETAIL","","INDIVIDUAL"
"433","82868","3bdd406c-734f-5632-84f4-3bd4441042a3","LEGACY-82868-433-A31B5F27","","RETAIL","","INDIVIDUAL"
"434","70891","981d4a85-2151-5e73-857a-15cc5b138ac1","LEGACY-70891-434-BE5D0375","","RETAIL","","INDIVIDUAL"
"435","92514","e2b28d49-8a29-580f-b81a-7b0428805fbc","LEGACY-92514-435-72A2D422","","RETAIL","","INDIVIDUAL"
"437","76924","530a91ef-63f2-5492-9657-c0702a721883","LEGACY-76924-437-2CD6E6A8","","RETAIL","","INDIVIDUAL"
"438","99114","30899db1-2b8b-513f-8690-509473aaa28b","LEGACY-99114-438-6A914E3E","","RETAIL","","INDIVIDUAL"
"439","22837","1235b7b2-8b25-513d-94e5-e05f6819aa47","LEGACY-22837-439-42D741FC","","RETAIL","","INDIVIDUAL"
"440","70206","b2d989e5-976a-5b80-a087-942ca2ad11b6","LEGACY-70206-440-083AC40A","","RETAIL","","INDIVIDUAL"
"441","74647","c4971a15-78a7-579f-a730-7e17479062af","LEGACY-74647-441-01AC9353","","RETAIL","","INDIVIDUAL"
"443","98964","9b98a37d-d892-5706-b7d5-2e8b56425c86","LEGACY-98964-443-FD5BEE5C","","RETAIL","","INDIVIDUAL"
"444","61127","0ae9ab3e-6476-5ef8-8126-65b6d20bb025","LEGACY-61127-444-B6336AD9","","RETAIL","","INDIVIDUAL"
"445","73482","56339404-f0bf-5258-97ec-595c72f96259","LEGACY-73482-445-CCFA1297","","RETAIL","","INDIVIDUAL"
"446","20230","8739794d-c0ed-5424-8041-0f1679a4e318","LEGACY-20230-446-A8F5885C","","RETAIL","","INDIVIDUAL"
"447","91751","693b5d11-0702-54bf-aeae-0bdb8a327ea6","LEGACY-91751-447-4818FC2E","","RETAIL","","INDIVIDUAL"
"448","64601","322d63a7-11d1-520e-9dbb-a074b2a9ed3e","LEGACY-64601-448-0722BAED","","RETAIL","","INDIVIDUAL"
"449","25725","a3cae5cb-3d67-57d0-a20d-f08bc48c2fca","LEGACY-25725-449-F85D8989","","RETAIL","","INDIVIDUAL"
"450","15963","89451874-3269-5b8e-b36b-a8db70249954","LEGACY-15963-450-61607F59","","RETAIL","","INDIVIDUAL"
"451","11042","ea7c16a0-3d12-5997-9393-e612cedbe080","LEGACY-11042-451-B2EF1B9A","","RETAIL","","INDIVIDUAL"
"452","17944","24851381-2f4b-533b-8042-47d66bbef9b5","LEGACY-17944-452-004388E2","","RETAIL","","INDIVIDUAL"
"453","95739","dd9173e6-99d8-5bb2-92d5-81901a478a51","LEGACY-95739-453-5D14AABB","","RETAIL","","INDIVIDUAL"
"454","48503","17a2765c-774a-536f-b523-09fe55bef3e5","LEGACY-48503-454-6F45E2F5","","RETAIL","","INDIVIDUAL"
"455","48005","91e51481-a951-50e3-8fbf-072d0842af7d","LEGACY-48005-455-993EEF22","","RETAIL","","INDIVIDUAL"
"456","22323","70edfca0-055f-5243-8e49-f81bb9ec1faf","LEGACY-22323-456-BDC7D3E4","","RETAIL","","INDIVIDUAL"
"457","27683","7ef79571-2d3f-557f-9367-2499d6ca2310","LEGACY-27683-457-7165A25B","","RETAIL","","INDIVIDUAL"
"458","77984","bb31fcaa-cc17-5d6d-97a7-2d92d42674b5","LEGACY-77984-458-9266278C","","RETAIL","","INDIVIDUAL"
"459","35416","68e09474-4374-5d13-a797-ac4c7e6413d7","LEGACY-35416-459-0DD1CEF6","","RETAIL","","INDIVIDUAL"
"460","18884","a076bc33-4167-55a6-8cd1-c403e0833c98","LEGACY-18884-460-46B66E48","","RETAIL","","INDIVIDUAL"
"461","60767","af6d9d2d-a34b-5b0a-a78b-87c3a659e3ad","LEGACY-60767-461-07B36524","","RETAIL","","INDIVIDUAL"
"462","36716","e07d4171-8b53-50dc-a378-7a15944da9d4","LEGACY-36716-462-D13C6C64","","RETAIL","","INDIVIDUAL"
"463","39447","a91c3f01-cd24-5fce-b6c5-fa371b7a2629","LEGACY-39447-463-D5A5FD34","","RETAIL","","INDIVIDUAL"
"465","62226","a12a9c83-98d9-55cc-891d-9ffb6cf8d69f","LEGACY-62226-465-A3ED59DF","","RETAIL","","INDIVIDUAL"
"466","37630","9da10a4b-263b-5593-92c4-b7145da7d85c","LEGACY-37630-466-EEFCE2F2","","RETAIL","","INDIVIDUAL"
"467","76156","68f21064-ce8c-555c-9f0f-8fd79a9aa81e","LEGACY-76156-467-5A706FD3","","RETAIL","","INDIVIDUAL"
"468","73393","0b6f9c7c-a7b0-5274-8081-4d939da802ab","LEGACY-73393-468-8F70047E","","RETAIL","","INDIVIDUAL"
"469","10234","cbde6e7d-71b1-52b0-92b7-5b641762c69e","LEGACY-10234-469-A71F50CD","","RETAIL","","INDIVIDUAL"
"470","20002","a9253956-b15d-5c79-9119-422c7d142874","LEGACY-20002-470-C4957A61","","RETAIL","","INDIVIDUAL"
"471","78879","10ca9e18-099c-5abc-8eb9-583b87e4a3da","LEGACY-78879-471-D21DE262","","RETAIL","","INDIVIDUAL"
"472","46931","c492808d-3214-51f2-b829-667d191f03f9","LEGACY-46931-472-678BA47B","","RETAIL","","INDIVIDUAL"
"473","39680","ea643a06-50dd-54de-a37f-63bd57d4c5ef","LEGACY-39680-473-96C6ADE8","","RETAIL","","INDIVIDUAL"
"475","41933","adc90bba-01e2-5ff9-a55a-14fe3c9d88c2","LEGACY-41933-475-DA2704D8","","RETAIL","","INDIVIDUAL"
"476","40292","6aa3fbf8-c8cf-52b6-8e7c-469540d13f76","LEGACY-40292-476-0091C577","","RETAIL","","INDIVIDUAL"
"477","24278","ffc2e547-9295-5365-a047-2962beb55b97","LEGACY-24278-477-0BB0DF0C","","RETAIL","","INDIVIDUAL"
"478","95044","c2d7e168-1b0e-5a70-9e98-c45cb2dbb815","LEGACY-95044-478-B456A8C6","","RETAIL","","INDIVIDUAL"
"479","15471","4b225c91-734b-5cad-ad27-10d7d27de1c6","LEGACY-15471-479-230FD074","","RETAIL","","INDIVIDUAL"
"480","47035","60065b1d-7572-58c1-b90e-70300b58dfba","LEGACY-47035-480-21F84A19","","RETAIL","","INDIVIDUAL"
"482","21545","35496100-7ef7-57b3-969f-5bac447643f6","LEGACY-21545-482-E41EE20E","","RETAIL","","INDIVIDUAL"
"483","54983","9fdaadb6-f65a-5415-b5c9-64a26eb1e69b","LEGACY-54983-483-030DECA5","","RETAIL","","INDIVIDUAL"
"484","46221","040e8f5a-025b-5064-8301-482041667d70","LEGACY-46221-484-D347307F","","RETAIL","","INDIVIDUAL"
"485","33280","dd08a403-18a4-521b-a678-f6c489879e85","LEGACY-33280-485-F083D44A","","RETAIL","","INDIVIDUAL"
"486","56726","bddd5cf6-d748-52b4-995a-ed5662dd379e","LEGACY-56726-486-FE4CAA40","","RETAIL","","INDIVIDUAL"
"488","31660","34352b84-01c9-5146-887c-eb8bdade3c41","LEGACY-31660-488-11927B3D","","RETAIL","","INDIVIDUAL"
"491","15439","c753abef-9526-5faa-adad-762b9eeb005f","LEGACY-15439-491-9C06D693","","RETAIL","","INDIVIDUAL"
"492","60625","814f5079-4b43-556d-87f3-d92b0f1b45a8","LEGACY-60625-492-3DB628A0","","RETAIL","","INDIVIDUAL"
"493","76841","73c1375e-a7b2-5bc9-8338-b8131b2a56ee","LEGACY-76841-493-AE9905BD","","RETAIL","","INDIVIDUAL"
"494","79044","f57770ef-6b72-5698-8f59-3071be26a20b","LEGACY-79044-494-5A175386","","RETAIL","","INDIVIDUAL"
"495","61766","cd214b6f-808d-5a35-b0e5-aec83c357c34","LEGACY-61766-495-C43B846F","","RETAIL","","INDIVIDUAL"
"497","52779","bb8aa910-a24e-5114-8dc6-b45d8d369dad","LEGACY-52779-497-261133A3","","RETAIL","","INDIVIDUAL"
"499","52782","d9b1f56d-9c64-5395-91d9-3d303f731fd5","LEGACY-52782-499-6BC5894C","","RETAIL","","INDIVIDUAL"
"500","96419","5c2cc3cf-5e7e-5929-a984-79e099e1bde3","LEGACY-96419-500-AB2F32F3","","RETAIL","","INDIVIDUAL"
"501","73759","1ad34303-f91d-5ac4-8d9e-8cfe0d92a679","LEGACY-73759-501-DF563CA6","","RETAIL","","INDIVIDUAL"
"504","10500","c999d8e2-e3b9-5fc6-a4e6-72b2217c3bc6","LEGACY-10500-504-2AC964AA","","RETAIL","","INDIVIDUAL"
"505","63051","fd3a90e0-8fee-5b5b-9a1e-24c360cc2696","LEGACY-63051-505-B086F812","","RETAIL","","INDIVIDUAL"
"506","81382","8f1be437-2ac9-5c7e-aed9-01db7795891c","LEGACY-81382-506-88933F0A","","RETAIL","","INDIVIDUAL"
"508","45163","56a8dcbf-810d-5f65-81a8-ad03e27bbd45","LEGACY-45163-508-2242D833","","RETAIL","","INDIVIDUAL"
"510","51328","5783a550-41bd-59f7-8bde-b33290343e00","LEGACY-51328-510-2517AEE1","","RETAIL","","INDIVIDUAL"
"511","86545","db8c1cdc-b896-5ce2-b50d-58526ad35fdd","LEGACY-86545-511-2AB864AE","","RETAIL","","INDIVIDUAL"
"512","49864","9d63d354-0816-525f-979f-f7939f7b4ae5","LEGACY-49864-512-3E6A806E","","RETAIL","","INDIVIDUAL"
"513","33730","45889983-3d17-5c60-90ae-f862aff15686","LEGACY-33730-513-B19015DB","","RETAIL","","INDIVIDUAL"
"515","76382","bd0958c5-b64c-59ef-8c3d-a7fc4a01f484","LEGACY-76382-515-C0B0E9CB","","RETAIL","","INDIVIDUAL"
"516","53476","5dcf1406-af67-5d21-8e65-f891889bb76d","LEGACY-53476-516-FEDD52C3","","RETAIL","","INDIVIDUAL"
"518","99557","35477658-f496-5dcb-9a50-a9b4c2d6e5b8","LEGACY-99557-518-F2507E23","","RETAIL","","INDIVIDUAL"
"519","71038","17341453-e9b5-596a-a82f-8a0e38364c8a","LEGACY-71038-519-1EE63B1E","","RETAIL","","INDIVIDUAL"
"520","75950","f7cce358-168b-5663-86bf-b0c37ebeeffa","LEGACY-75950-520-5827DBB6","","RETAIL","","INDIVIDUAL"
"521","24440","9b83a40b-3032-5dfc-b362-fe05a87e8fd1","LEGACY-24440-521-0EC03C31","","RETAIL","","INDIVIDUAL"
"522","78702","2d414293-b8aa-5f09-afff-6c229dd7be54","LEGACY-78702-522-9DEEFA48","","RETAIL","","INDIVIDUAL"
"523","75785","727adc62-a97d-5b8d-b18b-f2c4cbdb6dce","LEGACY-75785-523-456933FC","","RETAIL","","INDIVIDUAL"
"524","46943","23057691-574a-5d47-8260-f13fdb82f5f5","LEGACY-46943-524-FF8C0B26","","RETAIL","","INDIVIDUAL"
"525","95819","4f1961fc-f3f2-5dfc-9e06-a1af038e43ce","LEGACY-95819-525-3E22B558","","RETAIL","","INDIVIDUAL"
"527","25801","7e6fb124-c02d-50c7-bebb-bb3c5df91e84","LEGACY-25801-527-E012C8F6","","RETAIL","","INDIVIDUAL"
"528","92204","4c9f6044-a1d7-554a-9852-bb9b8209ba6e","LEGACY-92204-528-ED184E31","","RETAIL","","INDIVIDUAL"
"529","19755","274e03a8-d3a6-5382-93cf-23ebe199d105","LEGACY-19755-529-6EC824F3","","RETAIL","","INDIVIDUAL"
"530","52417","d3a42055-bd5f-5194-85bc-85e6cef9bc82","LEGACY-52417-530-6C79C2D4","","RETAIL","","INDIVIDUAL"
"531","14185","46453817-9828-5f99-9546-a9b06383c784","LEGACY-14185-531-E90ED430","","RETAIL","","INDIVIDUAL"
"532","21846","b0354740-94a7-5e5f-978c-b7c2cffacdbb","LEGACY-21846-532-8FC3F80C","","RETAIL","","INDIVIDUAL"
"533","83356","36f20d04-1aa5-50c1-ace5-4e051a8841de","LEGACY-83356-533-DCB79200","","RETAIL","","INDIVIDUAL"
"534","48597","55a68b33-e43e-5eba-bad0-f861caa732a5","LEGACY-48597-534-741228FB","","RETAIL","","INDIVIDUAL"
"535","72903","02e68d00-b36a-537f-addc-1cfb304ade09","LEGACY-72903-535-F7DC22EA","","RETAIL","","INDIVIDUAL"
"536","65839","1305cd2b-b788-5bd5-9eda-19893064f971","LEGACY-65839-536-BC790BEB","","RETAIL","","INDIVIDUAL"
"537","52021","aedf4bc2-2bb4-596a-b381-77036071921b","LEGACY-52021-537-E746B177","","RETAIL","","INDIVIDUAL"
"538","95503","a8e4f813-2c22-5272-9022-a7285b6fe507","LEGACY-95503-538-98BF7C09","","RETAIL","","INDIVIDUAL"
"540","37332","1127ebd4-88e2-5216-9af3-b2d36a2437c7","LEGACY-37332-540-192DFE59","","RETAIL","","INDIVIDUAL"
"541","60116","601dab80-d3bc-555b-8e5e-56d45ac13a7c","LEGACY-60116-541-3D949F83","","RETAIL","","INDIVIDUAL"
"544","32363","66541c4c-6510-5327-b0d9-f67d558fe223","LEGACY-32363-544-D5127503","","RETAIL","","INDIVIDUAL"
"546","46237","097431be-b03e-55e3-8996-0f83b00e2a64","LEGACY-46237-546-3E955343","","RETAIL","","INDIVIDUAL"
"547","50167","35aafb03-a42b-5496-bca2-a0750740f372","LEGACY-50167-547-8B1B9C47","","RETAIL","","INDIVIDUAL"
"548","95464","afa47b1e-1357-523e-8f3b-14c584f4e975","LEGACY-95464-548-BD823F38","","RETAIL","","INDIVIDUAL"
"549","78916","f1bf57c4-244c-5ef8-a808-940cb80f59bd","LEGACY-78916-549-641DA935","","RETAIL","","INDIVIDUAL"
"550","69225","ac3f5966-30c1-5e78-bca9-c3ca9b7c6f67","LEGACY-69225-550-D6DA00E8","","RETAIL","","INDIVIDUAL"
"551","83969","e025512c-7611-588c-805a-45e8c350a338","LEGACY-83969-551-EF987373","","RETAIL","","INDIVIDUAL"
"553","94805","b5199a30-5f66-5d1e-a0e6-c8fa2796478a","LEGACY-94805-553-819CDF7A","","RETAIL","","INDIVIDUAL"
"554","99522","cd7246c5-3954-5453-a08a-62e982162256","LEGACY-99522-554-37432CB8","","RETAIL","","INDIVIDUAL"
"555","58863","9928813b-7f69-5e0f-bec8-47c582aa42af","LEGACY-58863-555-CBE1A4D2","","RETAIL","","INDIVIDUAL"
"556","90503","31204eb2-3c55-5cb5-aecb-dda01b4ecc69","LEGACY-90503-556-E5747E8A","","RETAIL","","INDIVIDUAL"
"557","84104","e28a9c8b-17f1-5947-bf8f-b5209d7dadcf","LEGACY-84104-557-FFB9C696","","RETAIL","","INDIVIDUAL"
"558","79581","7075643b-fb95-549b-834d-4060cf13c2c6","LEGACY-79581-558-E374F1D6","","RETAIL","","INDIVIDUAL"
"559","89569","77587ae6-7d51-59e9-8aeb-d0139dc59e24","LEGACY-89569-559-15B8F802","","RETAIL","","INDIVIDUAL"
"560","36630","514ccd68-5eb0-5e53-9d80-b651a425c02f","LEGACY-36630-560-9C673D6B","","RETAIL","","INDIVIDUAL"
"561","14346","79da6d44-3c59-5922-8178-0bfa876edacd","LEGACY-14346-561-50198190","","RETAIL","","INDIVIDUAL"
"562","97448","a2328a03-c62c-57ae-b30a-4d9fde847731","LEGACY-97448-562-517C1905","","RETAIL","","INDIVIDUAL"
"563","16742","75d33fde-d8ee-5f2f-9076-917351ae9783","LEGACY-16742-563-735D7299","","RETAIL","","INDIVIDUAL"
"565","46564","43e98a9b-8b02-5c9c-8754-fc9e2992ff89","LEGACY-46564-565-77F9E511","","RETAIL","","INDIVIDUAL"
"566","62940","6b9682aa-2beb-5a3e-bba5-be9d4f8abc54","LEGACY-62940-566-1432FC0C","","RETAIL","","INDIVIDUAL"
"567","34990","71b3b48b-d179-5f86-8ae2-55aaf67da60e","LEGACY-34990-567-496BD1CF","","RETAIL","","INDIVIDUAL"
"569","19571","91e66b93-e484-5567-b9c4-ebce2d3493a6","LEGACY-19571-569-358513DB","","RETAIL","","INDIVIDUAL"
"570","76875","25143599-f258-5ffa-af53-02bc5c78eccf","LEGACY-76875-570-A9B518E9","","RETAIL","","INDIVIDUAL"
"571","83790","33ddc3ed-8741-504d-8b27-7f1e779dc3ee","LEGACY-83790-571-CF790FAE","","RETAIL","","INDIVIDUAL"
"572","62996","5fd4ddbf-f2a5-5797-b982-00e01764f528","LEGACY-62996-572-CCAF43C2","","RETAIL","","INDIVIDUAL"
"573","29846","17f18adc-9eda-55c2-9adc-604e9b0ce8b5","LEGACY-29846-573-DEF39F20","","RETAIL","","INDIVIDUAL"
"574","42905","e42cd54f-ffdb-5595-a8bc-a9051f5eff94","LEGACY-42905-574-96D4603C","","RETAIL","","INDIVIDUAL"
"575","68070","78a36401-6de0-5369-8fa3-d64e05d9b3be","LEGACY-68070-575-092CF5D4","","RETAIL","","INDIVIDUAL"
"576","18665","be2104e6-57bb-5149-8bca-e14b1f7d2928","LEGACY-18665-576-4EC993ED","","RETAIL","","INDIVIDUAL"
"577","22140","6599049d-c1f0-56d6-b5e1-8fa32fb6c1c6","LEGACY-22140-577-9A075BDB","","RETAIL","","INDIVIDUAL"
"578","62976","f20a10ad-33c3-5bec-ad32-b9c7c5fb652e","LEGACY-62976-578-511A84B9","","RETAIL","","INDIVIDUAL"
"579","53158","50da81ac-74be-5b45-af1d-7f5127d53574","LEGACY-53158-579-DF62ECE2","","RETAIL","","INDIVIDUAL"
"581","36044","5472dd36-ad6e-5f8b-b0b0-dca04bedc156","LEGACY-36044-581-A066C93E","","RETAIL","","INDIVIDUAL"
"583","68715","0314cbf2-1b2c-543c-b76b-2b55d1ab2bdf","LEGACY-68715-583-E3908B80","","RETAIL","","INDIVIDUAL"
"584","22798","a373f8b7-8fc9-5947-9ac0-bba6e954d5d5","LEGACY-22798-584-F14482BE","","RETAIL","","INDIVIDUAL"
"585","62794","952c288e-f4c5-5518-8eb3-e110f4d64dc7","LEGACY-62794-585-B16C07CF","","RETAIL","","INDIVIDUAL"
"586","90487","d94dc89d-5c80-55d5-838a-5e63d006c957","LEGACY-90487-586-A2709E72","","RETAIL","","INDIVIDUAL"
"587","22514","eba609c9-2b2d-5a19-a2ca-8c72e4827229","LEGACY-22514-587-72E49AFB","","RETAIL","","INDIVIDUAL"
"589","44691","b6ab9eed-e5d5-5d64-9030-334fa9087c12","LEGACY-44691-589-2985959A","","RETAIL","","INDIVIDUAL"
"591","28012","25451ca4-4101-5d3b-8948-c1ad5aeacea3","LEGACY-28012-591-1F49AA13","","RETAIL","","INDIVIDUAL"
"592","43899","8d39a3d6-c8ee-5f69-b9b0-0677ac422126","LEGACY-43899-592-3B6C219F","","RETAIL","","INDIVIDUAL"
"593","54826","e5938edd-27b8-515b-97d1-d066b897219d","LEGACY-54826-593-DE0FFA44","","RETAIL","","INDIVIDUAL"
"594","43066","501ff3e0-5ce6-532c-88ba-601d36aeded4","LEGACY-43066-594-B4D312EE","","RETAIL","","INDIVIDUAL"
"595","85844","88a81272-9a7e-5539-9910-05b5337b5759","LEGACY-85844-595-64387D54","","RETAIL","","INDIVIDUAL"
"596","39972","b7fd4453-2a20-57c7-b78a-44733900ba79","LEGACY-39972-596-CFA3CB5D","","RETAIL","","INDIVIDUAL"
"597","76494","6e585f2e-6701-5882-a9bf-58ba0f42e2f2","LEGACY-76494-597-63423205","","RETAIL","","INDIVIDUAL"
"598","24538","4fe38756-bde0-5b5d-88b7-173de9dfd42f","LEGACY-24538-598-9EBD3ABD","","RETAIL","","INDIVIDUAL"
"599","22466","d9a32715-6d8e-5fd7-a587-264ef03662d7","LEGACY-22466-599-FB7E703E","","RETAIL","","INDIVIDUAL"
"601","50402","585e5ade-2358-50c4-8739-bd6a776159cb","LEGACY-50402-601-224C039E","","RETAIL","","INDIVIDUAL"
"604","70147","0b7ab29a-39d8-5870-9e02-067cb38260f1","LEGACY-70147-604-60423E13","","RETAIL","","INDIVIDUAL"
"605","24295","2f04e813-0cb3-5edf-b8a1-6f17801d2adb","LEGACY-24295-605-9A2B0FBD","","RETAIL","","INDIVIDUAL"
"606","58700","3ba6a5be-4735-5a2c-8b6d-f2b97f2de698","LEGACY-58700-606-663EA389","","RETAIL","","INDIVIDUAL"
"608","22727","22bbf3a3-c72a-56b2-9754-ce03681bc642","LEGACY-22727-608-E4F1CA3B","","RETAIL","","INDIVIDUAL"
"609","33544","40f71325-af0c-5c66-ba99-45874ab6f3ed","LEGACY-33544-609-D1602E91","","RETAIL","","INDIVIDUAL"
"610","12803","4dbc37d0-575e-5e9c-a1f6-68bb6b11cb49","LEGACY-12803-610-B322D1A9","","RETAIL","","INDIVIDUAL"
"611","38138","e2a99766-1164-50dc-a587-d8048904825a","LEGACY-38138-611-41CF2496","","RETAIL","","INDIVIDUAL"
"613","75649","1000a569-489c-5e4b-927a-b8246deed0d5","LEGACY-75649-613-EEA98922","","RETAIL","","INDIVIDUAL"
"614","85880","4403caf5-dee0-5105-9102-9a375d050908","LEGACY-85880-614-0C7C92FB","","RETAIL","","INDIVIDUAL"
"615","15360","6d217250-9f17-521c-b5bd-d6951b97b25a","LEGACY-15360-615-E9276420","","RETAIL","","INDIVIDUAL"
"616","83595","88b3fbd6-7648-5329-b227-b04cd2b7510e","LEGACY-83595-616-9D5E587D","","RETAIL","","INDIVIDUAL"
"618","93966","778aa43d-ca72-5315-9546-0eb47bad1832","LEGACY-93966-618-CC3C8D22","","RETAIL","","INDIVIDUAL"
"619","74625","dd907cf2-b9f7-5b30-a009-897e59825105","LEGACY-74625-619-0975C1B1","","RETAIL","","INDIVIDUAL"
"621","74850","373d46d9-54dd-5b20-9445-1c8931c59108","LEGACY-74850-621-1B31E1AB","","RETAIL","","INDIVIDUAL"
"622","12333","d43a8eb7-6ab0-5905-be96-cf87a7b5d2c8","LEGACY-12333-622-04F72433","","RETAIL","","INDIVIDUAL"
"624","44772","4f933003-db22-5ce1-a5b6-ab96b7e4e1a4","LEGACY-44772-624-DBCE6B4B","","RETAIL","","INDIVIDUAL"
"625","50401","b9ea0c24-54dd-5128-83c3-21e0829075d8","LEGACY-50401-625-E45F6B28","","RETAIL","","INDIVIDUAL"
"626","14032","0bc4de0b-7396-54d3-8086-fad8322fec76","LEGACY-14032-626-0263D191","","RETAIL","","INDIVIDUAL"
"627","73855","89c0ae33-6833-5d44-936d-fdfeb05dbee6","LEGACY-73855-627-E789B982","","RETAIL","","INDIVIDUAL"
"629","89238","4441bbe7-969c-53f1-8582-59e1dfe26386","LEGACY-89238-629-434461C1","","RETAIL","","INDIVIDUAL"
"634","80844","90b6ebf6-c28f-5ec7-ad6b-edef5e509937","LEGACY-80844-634-6C938D0C","","RETAIL","","INDIVIDUAL"
"635","88081","62b6347e-b9f7-5ff8-9866-1fdc55d23d4b","LEGACY-88081-635-D85F1F0F","","RETAIL","","INDIVIDUAL"
"636","10005","24eb6d92-02ca-5426-b081-a811a36235e0","LEGACY-10005-636-C2DA2AD4","","RETAIL","","INDIVIDUAL"
"638","75484","17ab41c1-fd4e-5372-9751-d4cd1f7f79b0","LEGACY-75484-638-2E9E1D56","","RETAIL","","INDIVIDUAL"
"641","23168","eda730ac-5848-5698-84d5-9a226f6f84d8","LEGACY-23168-641-EBA65EC7","","RETAIL","","INDIVIDUAL"
"642","34085","de1373e1-7c61-5416-b804-ade40fb06530","LEGACY-34085-642-DA96A092","","RETAIL","","INDIVIDUAL"
"643","88577","6a587da0-0075-57f0-a3e9-2d1af8afba48","LEGACY-88577-643-33ED6FC9","","RETAIL","","INDIVIDUAL"
"644","23946","2d41f401-2116-581e-ba8f-6ef10d885192","LEGACY-23946-644-170BC626","","RETAIL","","INDIVIDUAL"
"645","26108","62eda5ff-5b37-5ce2-8e46-f06475b27828","LEGACY-26108-645-32BC943F","","RETAIL","","INDIVIDUAL"
"646","88391","54119d62-42c8-5fb1-84eb-e6c1d6c0f171","LEGACY-88391-646-780A7B23","","RETAIL","","INDIVIDUAL"
"647","32413","a9055e67-8b6f-59b8-a59d-69bb31f62e70","LEGACY-32413-647-A4F29918","","RETAIL","","INDIVIDUAL"
"648","41922","5716d978-cc67-5b8b-b73b-90b8e892614c","LEGACY-41922-648-19B60846","","RETAIL","","INDIVIDUAL"
"649","65369","e530d03a-2a45-54ca-a6e4-69afdb24409e","LEGACY-65369-649-99CB2A59","","RETAIL","","INDIVIDUAL"
"650","85737","9291e263-95d4-551d-8d05-9ae5ef7cd6c7","LEGACY-85737-650-13CB60D5","","RETAIL","","INDIVIDUAL"
"651","97397","3ff3eec4-2e48-577e-9440-18a823ea1c83","LEGACY-97397-651-33260102","","RETAIL","","INDIVIDUAL"
"652","74726","415f0d17-303d-5247-9edf-1d7472523095","LEGACY-74726-652-EF891375","","RETAIL","","INDIVIDUAL"
"653","81471","db5bb2d7-1fac-563d-8d61-cb9dc02ae5cb","LEGACY-81471-653-CF58BE94","","RETAIL","","INDIVIDUAL"
"654","66640","128ba12c-6c24-581d-9f42-7c629e856a84","LEGACY-66640-654-AF2DABE3","","RETAIL","","INDIVIDUAL"
"655","74466","d88e3e35-e6a9-5ed5-9708-6f9bb4bbef58","LEGACY-74466-655-83B391EF","","RETAIL","","INDIVIDUAL"
"656","11987","9ab05433-62db-5a3f-a8c0-3a018a5fd01c","LEGACY-11987-656-B878D9E6","","RETAIL","","INDIVIDUAL"
"657","15521","9233492f-a34c-59ba-b4ec-673cf1efe578","LEGACY-15521-657-694D4AAB","","RETAIL","","INDIVIDUAL"
"658","28653","0ed8157a-c8ba-53f7-9148-39b274e26ed8","LEGACY-28653-658-85E63A51","","RETAIL","","INDIVIDUAL"
"659","53160","4e05f6e4-21d0-556d-b440-ac9dafacacd6","LEGACY-53160-659-5A78DBA4","","RETAIL","","INDIVIDUAL"
"660","71138","be56c240-3763-5ed5-b912-41ea7de74a85","LEGACY-71138-660-2F4C6540","","RETAIL","","INDIVIDUAL"
"661","55367","b9f44aa6-68ed-5848-8ab5-b1221c12c20a","LEGACY-55367-661-2FD11D79","","RETAIL","","INDIVIDUAL"
"662","44000","89221eb6-05d9-5413-b219-90b38f364e49","LEGACY-44000-662-35AAE921","","RETAIL","","INDIVIDUAL"
"663","91480","153dd059-1fbd-5f53-8b63-876a181bb406","LEGACY-91480-663-EE9B3B2F","","RETAIL","","INDIVIDUAL"
"664","47012","67307611-d4f3-5a7e-9ae0-902049853656","LEGACY-47012-664-224D0B7C","","RETAIL","","INDIVIDUAL"
"665","49631","0c67c0e4-ea5f-576c-ab4f-c2e508aafa07","LEGACY-49631-665-AD0DE864","","RETAIL","","INDIVIDUAL"
"666","92424","7d7e418b-bbb4-5b16-87cf-855d9f16abd0","LEGACY-92424-666-FFA52850","","RETAIL","","INDIVIDUAL"
"667","33490","e30376be-8a80-52a5-9b25-b48ea47b9a5a","LEGACY-33490-667-49CE9385","","RETAIL","","INDIVIDUAL"
"669","79421","a3a3f663-306c-5417-86b9-8fd91e3d0370","LEGACY-79421-669-08679BFD","","RETAIL","","INDIVIDUAL"
"670","36351","b38d0d5f-db32-53d7-88be-ca79f31cb3ba","LEGACY-36351-670-FAB400A6","","RETAIL","","INDIVIDUAL"
"671","61046","9353970d-ee67-52de-936c-87ae07694c76","LEGACY-61046-671-85B6D3CE","","RETAIL","","INDIVIDUAL"
"673","67952","e4d47d5b-d562-51dd-a310-1ad230d1103d","LEGACY-67952-673-9FDBB320","","RETAIL","","INDIVIDUAL"
"675","44237","29ca08e6-f3fa-5dd6-a576-69a48ecc63ff","LEGACY-44237-675-0F7BF0B2","","RETAIL","","INDIVIDUAL"
"676","64887","bcfd290e-8af9-5de2-ab85-ace685278286","LEGACY-64887-676-88B0A82B","","RETAIL","","INDIVIDUAL"
"677","83459","2443a643-7b6a-5b56-81c0-152e72f444a9","LEGACY-83459-677-2739C4FB","","RETAIL","","INDIVIDUAL"
"678","15086","37915ece-ae32-5f0d-bfba-64d620d41cba","LEGACY-15086-678-70522F0C","","RETAIL","","INDIVIDUAL"
"680","35857","531e9fba-fba0-51ff-bce5-ef10c9642e7c","LEGACY-35857-680-DA037CCE","","RETAIL","","INDIVIDUAL"
"681","37988","6b6730de-8a07-557f-9165-c09b88d717b4","LEGACY-37988-681-24F51421","","RETAIL","","INDIVIDUAL"
"682","50617","503e4792-e646-5918-9bfb-260553355216","LEGACY-50617-682-0DE90785","","RETAIL","","INDIVIDUAL"
"683","93770","0a67d8e4-c88a-5735-b13b-0f7e3998b70a","LEGACY-93770-683-D37A423E","","RETAIL","","INDIVIDUAL"
"685","66676","065b1c7f-4f80-5379-a60b-69946b7240ce","LEGACY-66676-685-BC721DCB","","RETAIL","","INDIVIDUAL"
"687","21153","cccada81-b8dd-5211-8273-5b9c14b49f22","LEGACY-21153-687-17546DDD","","RETAIL","","INDIVIDUAL"
"688","44151","a5ccbf70-8d4b-518c-aed4-416f96268b29","LEGACY-44151-688-AB671D6D","","RETAIL","","INDIVIDUAL"
"689","44775","252a943c-a3c6-54a0-8104-a0a69353251d","LEGACY-44775-689-EF86AEA4","","RETAIL","","INDIVIDUAL"
"690","86582","65e6e765-75b5-5636-860e-8d1e05cf7f27","LEGACY-86582-690-9CEC1584","","RETAIL","","INDIVIDUAL"
"691","65834","0dfc8560-6388-55fd-9adf-4393412e300a","LEGACY-65834-691-1671219F","","RETAIL","","INDIVIDUAL"
"692","84985","daac95b0-5a07-53f9-a2c5-bf237b5422a0","LEGACY-84985-692-CE0EAAA8","","RETAIL","","INDIVIDUAL"
"693","68150","685315c3-81ad-5378-93bb-b0ab24799c95","LEGACY-68150-693-79F7A929","","RETAIL","","INDIVIDUAL"
"694","69275","a0a3e4ba-cde3-5a23-98a0-f24c83d6b630","LEGACY-69275-694-1F48738B","","RETAIL","","INDIVIDUAL"
"695","12332","7948fd67-da8e-50c3-b1ea-56cf6854df60","LEGACY-12332-695-99459DC7","","RETAIL","","INDIVIDUAL"
"696","48044","93cfa86d-a374-51f7-a7cb-1707cf69ad8a","LEGACY-48044-696-D25D0596","","RETAIL","","INDIVIDUAL"
"697","53489","363df325-7ed1-505f-9948-44c3b69f0c0a","LEGACY-53489-697-19D4F2B6","","RETAIL","","INDIVIDUAL"
"698","29053","276e16cd-f160-55d6-a290-c2e88c6ea633","LEGACY-29053-698-63F0DB51","","RETAIL","","INDIVIDUAL"
"700","68986","69056f4f-ba1f-5721-87fa-c96a8026e835","LEGACY-68986-700-86E156E9","","RETAIL","","INDIVIDUAL"
"701","26785","4147859a-7d71-599d-90b3-4708837ef6d7","LEGACY-26785-701-DB1FAB14","","RETAIL","","INDIVIDUAL"
"702","36022","85d7ea8f-f431-54c5-831d-11935463dc38","LEGACY-36022-702-DEF177EB","","RETAIL","","INDIVIDUAL"
"703","51150","03878ca6-e111-5a6a-9d99-2fe4e5961dab","LEGACY-51150-703-315F1B7C","","RETAIL","","INDIVIDUAL"
"705","92397","34761714-3dc2-57b2-8579-d69f9dc8024d","LEGACY-92397-705-03CB87D6","","RETAIL","","INDIVIDUAL"
"706","18578","84161297-aaac-5483-b26d-ddb212d397cb","LEGACY-18578-706-280C217E","","RETAIL","","INDIVIDUAL"
"707","93054","13249f11-357b-5269-92c9-0f6762464af0","LEGACY-93054-707-FCA46772","","RETAIL","","INDIVIDUAL"
"709","46030","448d6124-77aa-5ab0-ba55-f7d2ca867c92","LEGACY-46030-709-D5F3CB20","","RETAIL","","INDIVIDUAL"
"710","45391","c485d477-3626-5c54-b403-342604cbd9d1","LEGACY-45391-710-391BC4BD","","RETAIL","","INDIVIDUAL"
"711","89140","915d25bb-801d-5aa9-86b9-fedfb5f210aa","LEGACY-89140-711-0F977CF7","","RETAIL","","INDIVIDUAL"
"712","76487","0408f625-4d61-596d-9839-d4673e2c4b2c","LEGACY-76487-712-6DB3B592","","RETAIL","","INDIVIDUAL"
"713","54808","e8b41092-94d0-5583-b6a3-9a0ad02b68eb","LEGACY-54808-713-A9288D48","","RETAIL","","INDIVIDUAL"
"714","69177","ccb3f4d3-2b00-5f7c-9f0e-85140edbc35e","LEGACY-69177-714-8A223C35","","RETAIL","","INDIVIDUAL"
"715","36785","e3f18aea-f139-51aa-8a58-11788ee87bc7","LEGACY-36785-715-E6C4FC78","","RETAIL","","INDIVIDUAL"
"717","53229","1c8b24e4-8dd2-563f-b22a-6c32fcbda818","LEGACY-53229-717-F3AC6376","","RETAIL","","INDIVIDUAL"
"718","90134","340231dc-289e-5f43-9a6b-e2a4a9852af1","LEGACY-90134-718-0801F0C7","","RETAIL","","INDIVIDUAL"
"720","44580","de0a77a3-1942-5a97-9ad9-4b9536183fbf","LEGACY-44580-720-32611561","","RETAIL","","INDIVIDUAL"
"721","23900","edd04344-e9a2-56f0-a2d4-ef22240486d0","LEGACY-23900-721-55AB8862","","RETAIL","","INDIVIDUAL"
"722","21316","0f8d92df-805e-58ae-a809-9a2508b9ebba","LEGACY-21316-722-FDEEAAE9","","RETAIL","","INDIVIDUAL"
"724","35153","fad0466b-f437-5795-ac98-88ba07ac89ab","LEGACY-35153-724-AAE107B5","","RETAIL","","INDIVIDUAL"
"726","56111","2978fa82-0ec6-5453-a253-361d3ec31384","LEGACY-56111-726-AB393DF3","","RETAIL","","INDIVIDUAL"
"727","67138","d634fb55-d2fb-5681-a7e6-2176ab7dd79a","LEGACY-67138-727-4584CE2A","","RETAIL","","INDIVIDUAL"
"728","93034","2607268b-e976-5234-8025-ae9c2f6c1d6c","LEGACY-93034-728-1B2BC635","","RETAIL","","INDIVIDUAL"
"732","91943","1087fe23-1af1-5e41-97fb-b94f332c73df","LEGACY-91943-732-05D73D8E","","RETAIL","","INDIVIDUAL"
"733","26851","bcb1f595-e580-50ce-895d-8435bc6fdaa1","LEGACY-26851-733-C2A8F8B9","","RETAIL","","INDIVIDUAL"
"735","60070","7806678e-dadd-5ec0-842b-ca9913fb8298","LEGACY-60070-735-345271C5","","RETAIL","","INDIVIDUAL"
"737","18866","9f83500e-47ce-573b-8edd-9e2f6e2d4968","LEGACY-18866-737-D1AE7A18","","RETAIL","","INDIVIDUAL"
"738","39848","04c30c10-ad5f-5daa-a6cc-f0067efc7f34","LEGACY-39848-738-CC053D0B","","RETAIL","","INDIVIDUAL"
"739","74465","79539815-0060-5229-b5a0-f3ad76deb456","LEGACY-74465-739-29411466","","RETAIL","","INDIVIDUAL"
"740","52841","cdd3f939-2512-566b-8236-e39cc75c56d2","LEGACY-52841-740-F6D84030","","RETAIL","","INDIVIDUAL"
"741","60299","8e1f7f0e-0dc4-5d7b-b5dd-81a5113e13da","LEGACY-60299-741-C6BE6D87","","RETAIL","","INDIVIDUAL"
"742","57580","8fe9cb05-0767-505a-817e-284c2ef5c6a9","LEGACY-57580-742-6945CD29","","RETAIL","","INDIVIDUAL"
"743","48903","36595d48-80eb-5a12-8d27-a06f57705d84","LEGACY-48903-743-756AF2D3","","RETAIL","","INDIVIDUAL"
"744","95698","a4d54686-29d4-508c-8a17-972163efe633","LEGACY-95698-744-BFEB5D85","","RETAIL","","INDIVIDUAL"
"746","96883","6b9f4f44-f6c8-574d-96a6-b6f6280f9980","LEGACY-96883-746-197E0C28","","RETAIL","","INDIVIDUAL"
"747","88730","7ca3c75e-1b53-5e76-bedd-11ecc735b8ba","LEGACY-88730-747-D1F392A4","","RETAIL","","INDIVIDUAL"
"748","29653","6400db65-5de1-5e87-a2ee-ce475746633e","LEGACY-29653-748-F7CAA847","","RETAIL","","INDIVIDUAL"
"749","14946","690a3b79-945d-5ad5-af01-70a3e2c83945","LEGACY-14946-749-9F75CBA5","","RETAIL","","INDIVIDUAL"
"750","96063","869d81d5-721e-5716-9e16-3d4321f29281","LEGACY-96063-750-003D70E0","","RETAIL","","INDIVIDUAL"
"751","80167","13e081f9-1a0e-56da-af3e-b5865456433d","LEGACY-80167-751-AAD5A946","","RETAIL","","INDIVIDUAL"
"752","63404","9a7b7658-b089-53a8-bf3b-a43025c3fa27","LEGACY-63404-752-81169C34","","RETAIL","","INDIVIDUAL"
"754","94639","da91f466-5d9f-5d25-90f3-547d6572bcdb","LEGACY-94639-754-6D95C59B","","RETAIL","","INDIVIDUAL"
"755","45168","3756b641-45de-5239-a8fa-ed94eccc5814","LEGACY-45168-755-0EE2D6CA","","RETAIL","","INDIVIDUAL"
"756","84247","83ad0ee0-7595-55aa-a609-4e1de560e31d","LEGACY-84247-756-49CC7F9F","","RETAIL","","INDIVIDUAL"
"757","89254","f760f2dc-9881-55f3-82c4-ac087af60701","LEGACY-89254-757-9BDB41D5","","RETAIL","","INDIVIDUAL"
"758","51053","3fc104f4-0f74-5491-8bbf-5d95a32075d9","LEGACY-51053-758-63AD7CA3","","RETAIL","","INDIVIDUAL"
"759","97506","dccc3d08-5aff-59fb-9a7c-bcf014fbad7c","LEGACY-97506-759-C7CBE9EB","","RETAIL","","INDIVIDUAL"
"761","16656","4c38af4a-2a1a-5d4b-bb6f-9042786fe698","LEGACY-16656-761-50B4F49C","","RETAIL","","INDIVIDUAL"
"763","97418","1f348f37-2359-5765-89f7-2a9c5eea64f7","LEGACY-97418-763-8E80BD37","","RETAIL","","INDIVIDUAL"
"764","26575","f9536f09-3e10-52c9-8e7c-445e15159efb","LEGACY-26575-764-5ABA42C4","","RETAIL","","INDIVIDUAL"
"765","33658","35e34de5-8924-5430-be82-ae212be52665","LEGACY-33658-765-879D9BF7","","RETAIL","","INDIVIDUAL"
"766","34018","7d4dbda7-3aac-543f-a4ea-dbb9b77eb31e","LEGACY-34018-766-035ABE11","","RETAIL","","INDIVIDUAL"
"767","35839","f51c63fb-75ac-5607-b919-cbd9b2db71fd","LEGACY-35839-767-136D9148","","RETAIL","","INDIVIDUAL"
"768","40700","34426d5c-6703-5034-9e6e-226e8f5311f4","LEGACY-40700-768-10556F34","","RETAIL","","INDIVIDUAL"
"769","74001","a50bafb9-645f-5df2-b51f-44ae246ec10b","LEGACY-74001-769-8C74FDE1","","RETAIL","","INDIVIDUAL"
"770","39874","4bb8d998-0dc1-5998-8bad-ded9c271c346","LEGACY-39874-770-B00E9080","","RETAIL","","INDIVIDUAL"
"771","92853","375f9200-0c00-56e4-b39e-b1c45971a2e4","LEGACY-92853-771-FE57B39A","","RETAIL","","INDIVIDUAL"
"773","57914","fc5ce888-6de4-5d59-9f1a-7c05fb0b778a","LEGACY-57914-773-B5B6C921","","RETAIL","","INDIVIDUAL"
"775","51199","a9092455-3e78-5fca-b766-3390244b36d2","LEGACY-51199-775-E276D3B8","","RETAIL","","INDIVIDUAL"
"776","12827","8ec74291-4b57-53e0-9d78-5be38a360ff6","LEGACY-12827-776-5D2C5024","","RETAIL","","INDIVIDUAL"
"777","30143","54d2c511-67f2-5bba-9d26-b9a87858f73d","LEGACY-30143-777-B48C27C9","","RETAIL","","INDIVIDUAL"
"779","55537","df067c50-5b0c-5f4f-a752-0b49d8a013dc","LEGACY-55537-779-F323FABF","","RETAIL","","INDIVIDUAL"
"780","91802","97121d91-2f93-5add-bf1c-90f011005d38","LEGACY-91802-780-404371D5","","RETAIL","","INDIVIDUAL"
"781","94394","0477e9d2-7680-534f-995b-6482820fb9ee","LEGACY-94394-781-D732E7CD","","RETAIL","","INDIVIDUAL"
"783","12461","fa967388-c63f-52eb-b0c2-a73050b47eb5","LEGACY-12461-783-2254C077","","RETAIL","","INDIVIDUAL"
"784","86763","1723292e-3fe0-50bd-abbc-7d482056eed2","LEGACY-86763-784-7E5D71D8","","RETAIL","","INDIVIDUAL"
"785","84266","d126c33b-f805-538e-9783-15c5827fadeb","LEGACY-84266-785-240F634E","","RETAIL","","INDIVIDUAL"
"788","16687","bbfd1f14-9fa4-5dc4-90f8-ca101236f909","LEGACY-16687-788-B7B050DA","","RETAIL","","INDIVIDUAL"
"789","61879","bbc5b4aa-9b76-513a-ae7f-f6442d5608a3","LEGACY-61879-789-434E38FC","","RETAIL","","INDIVIDUAL"
"790","52353","24f2af65-733f-5ffe-a881-e302f9a9d588","LEGACY-52353-790-A8E77E39","","RETAIL","","INDIVIDUAL"
"791","75503","ca8d42df-bdef-5e99-b95a-152b261762d0","LEGACY-75503-791-47770D75","","RETAIL","","INDIVIDUAL"
"793","55757","35fb33f4-398e-5918-a5fa-5b1239b12f65","LEGACY-55757-793-F7DE6480","","RETAIL","","INDIVIDUAL"
"794","49590","b0a9fa31-a8c9-596e-bb6f-b3444354f3e9","LEGACY-49590-794-263BB173","","RETAIL","","INDIVIDUAL"
"798","61828","d62f184a-383a-5fce-ba41-86455df635f5","LEGACY-61828-798-7A779460","","RETAIL","","INDIVIDUAL"
"799","72111","ee63a48e-49f2-5571-9e1f-ede2884fbe71","LEGACY-72111-799-55AEA686","","RETAIL","","INDIVIDUAL"
"801","35573","c5dd41d3-ff5b-588c-bf4f-457d80a19326","LEGACY-35573-801-ECA89AD2","","RETAIL","","INDIVIDUAL"
"802","47655","81b63b76-bab7-5a56-b368-f05fbc7487f4","LEGACY-47655-802-92153DC6","","RETAIL","","INDIVIDUAL"
"803","71305","93b418fa-5c07-5525-a4c0-f00b50ce0b78","LEGACY-71305-803-4CFC802B","","RETAIL","","INDIVIDUAL"
"805","15361","8af012a7-073a-5e78-a8cd-25d0a1e40985","LEGACY-15361-805-8B23C18A","","RETAIL","","INDIVIDUAL"
"806","46753","3584bc85-dd5a-5926-8963-a4f6d865cb9c","LEGACY-46753-806-845909EF","","RETAIL","","INDIVIDUAL"
"807","32444","4ea52747-a16e-5158-981f-c177078a1fb6","LEGACY-32444-807-5CDDA5EC","","RETAIL","","INDIVIDUAL"
"808","13910","a25453c6-441e-50b2-a348-422c7f3d9efe","LEGACY-13910-808-AA158197","","RETAIL","","INDIVIDUAL"
"809","33065","72e2e3c5-bd68-5ac1-a7e9-ac0ff203eb14","LEGACY-33065-809-45D55257","","RETAIL","","INDIVIDUAL"
"810","73748","e52e46bc-fdf5-55c0-a079-9439fac6defe","LEGACY-73748-810-C74709B4","","RETAIL","","INDIVIDUAL"
"811","51665","7d46a4d2-7ef7-5c6e-b093-7535cb6a0cc3","LEGACY-51665-811-973F33BC","","RETAIL","","INDIVIDUAL"
"812","36702","7d981f75-c54d-5cc7-a624-9cb73c17ca18","LEGACY-36702-812-5FC149BA","","RETAIL","","INDIVIDUAL"
"813","85508","c647fe34-307d-5264-b10f-8166ba325f1a","LEGACY-85508-813-D9C6D0F5","","RETAIL","","INDIVIDUAL"
"815","66440","3d844f7d-0874-57a7-bb43-b3659f0b6d4d","LEGACY-66440-815-068C351B","","RETAIL","","INDIVIDUAL"
"816","91995","f632900f-29ac-587c-b6bb-f53bac33e983","LEGACY-91995-816-23CF9887","","RETAIL","","INDIVIDUAL"
"817","63014","1041f829-df9c-557e-a41b-b39d5a47b64e","LEGACY-63014-817-AF3000DF","","RETAIL","","INDIVIDUAL"
"818","12227","ef83927f-39a6-5ef4-9d93-38b706ca2b76","LEGACY-12227-818-7123D7F3","","RETAIL","","INDIVIDUAL"
"819","34621","0c858373-22c1-599b-8122-2b54cbb242ac","LEGACY-34621-819-3248D8D9","","RETAIL","","INDIVIDUAL"
"822","89834","5e96d650-9393-58f8-8c7c-9b6c82a7b717","LEGACY-89834-822-6D4338A1","","RETAIL","","INDIVIDUAL"
"824","77096","755fcaf7-adb9-576a-a5e0-952ebcdedd1d","LEGACY-77096-824-499CD1FA","","RETAIL","","INDIVIDUAL"
"826","97976","3898d6ba-8eb2-55f0-ad7f-2ba634a4b157","LEGACY-97976-826-8AA87B4B","","RETAIL","","INDIVIDUAL"
"829","20790","cb46bbbd-bc65-5667-afe9-6dbdb4694662","LEGACY-20790-829-513C18C9","","RETAIL","","INDIVIDUAL"
"830","72923","6fd0ef62-b62d-5935-87d6-3e4442c36d1a","LEGACY-72923-830-B9C3700A","","RETAIL","","INDIVIDUAL"
"832","39482","0cd49a93-3aaa-5b03-8757-0317e2ee0f5a","LEGACY-39482-832-EB4AAC75","","RETAIL","","INDIVIDUAL"
"833","94217","68d9a406-dcbd-5e97-b994-0968503ac9a9","LEGACY-94217-833-CD713FE4","","RETAIL","","INDIVIDUAL"
"834","54517","2845127e-5d6c-5714-a377-2ef94ce7021b","LEGACY-54517-834-5C2DF19D","","RETAIL","","INDIVIDUAL"
"835","77602","8f91697d-5431-5903-a175-3195ff61ad10","LEGACY-77602-835-8E830882","","RETAIL","","INDIVIDUAL"
"836","91773","351e29b4-0e49-5c51-b2fd-64849d4e41a0","LEGACY-91773-836-287EBDB3","","RETAIL","","INDIVIDUAL"
"837","59968","b3908589-cf18-537c-be8d-4d9c8bbec1cd","LEGACY-59968-837-D4EBF18D","","RETAIL","","INDIVIDUAL"
"838","37773","a6cc6234-618e-5610-af11-d2633fcc2c94","LEGACY-37773-838-E7129E0B","","RETAIL","","INDIVIDUAL"
"839","79918","3ab56d48-0cef-5a2c-af4c-6215a5748e19","LEGACY-79918-839-F59354D3","","RETAIL","","INDIVIDUAL"
"840","49433","5b373e6e-9960-5943-9841-3a51651f6e34","LEGACY-49433-840-19218938","","RETAIL","","INDIVIDUAL"
"842","18150","5ed2bc0e-cdb0-52eb-957c-e39197fe3be9","LEGACY-18150-842-37FB1AA9","","RETAIL","","INDIVIDUAL"
"843","90956","b5c96b29-361d-5e5c-8ca9-85311d8af36a","LEGACY-90956-843-D8B59430","","RETAIL","","INDIVIDUAL"
"845","72284","897e30b2-f797-56f3-bf5f-190f171d05c6","LEGACY-72284-845-1703A68E","","RETAIL","","INDIVIDUAL"
"846","53418","a447c70b-6e44-50a2-bdc9-249d86a1170b","LEGACY-53418-846-B55BC102","","RETAIL","","INDIVIDUAL"
"847","49013","45c94ad0-b684-5a71-bf11-d9c57083a758","LEGACY-49013-847-EF89A519","","RETAIL","","INDIVIDUAL"
"848","18372","b33f0006-115d-5619-9303-2aa1d6739af3","LEGACY-18372-848-EFAE48A1","","RETAIL","","INDIVIDUAL"
"849","50765","16746cbd-6414-575a-a2bd-5b7a9578a47b","LEGACY-50765-849-173F2A00","","RETAIL","","INDIVIDUAL"
"850","39307","8e0a94a6-c928-55af-bde1-94c00a939881","LEGACY-39307-850-47EDF3FA","","RETAIL","","INDIVIDUAL"
"851","47986","fb99f968-31b4-57ef-95e5-69f46b0fe7ab","LEGACY-47986-851-B0BC99FB","","RETAIL","","INDIVIDUAL"
"852","33506","d54b788f-79bc-5c6c-b5c3-56972eac0a10","LEGACY-33506-852-FB52D5B5","","RETAIL","","INDIVIDUAL"
"853","31918","be9c9bf4-7758-5d5a-aa37-911307948a9f","LEGACY-31918-853-0973B01F","","RETAIL","","INDIVIDUAL"
"855","33138","ae0da017-1250-5b46-be01-2c3a9e0c5524","LEGACY-33138-855-AF245436","","RETAIL","","INDIVIDUAL"
"856","24320","de193980-095d-5f00-bf75-f243f2c2987a","LEGACY-24320-856-62321E76","","RETAIL","","INDIVIDUAL"
"858","34555","4a8ff19b-c54e-56e7-b57d-53e50c1447e0","LEGACY-34555-858-606A9EC3","","RETAIL","","INDIVIDUAL"
"859","80619","db52e911-0831-5bdc-ad50-c2c65e1d53c2","LEGACY-80619-859-B1544AB3","","RETAIL","","INDIVIDUAL"
"860","37383","d3e502cf-0f45-5e2e-8bee-74ef78cfe37a","LEGACY-37383-860-F7F42333","","RETAIL","","INDIVIDUAL"
"861","56813","32153a9d-8d47-5a5c-87bd-8c1caa859729","LEGACY-56813-861-03E8E44E","","RETAIL","","INDIVIDUAL"
"862","48440","2de60fd9-ae84-52de-8f31-5330facbc5e3","LEGACY-48440-862-3B7CD2CA","","RETAIL","","INDIVIDUAL"
"863","72341","32597003-fae1-5959-8305-0d21545318cb","LEGACY-72341-863-B2A95096","","RETAIL","","INDIVIDUAL"
"864","21793","7625f23d-4b4c-5461-8c25-5c6c65d622d7","LEGACY-21793-864-94AEA817","","RETAIL","","INDIVIDUAL"
"866","20368","7754b7e5-0f07-54ed-bfe1-11e29405186a","LEGACY-20368-866-87EA2FE0","","RETAIL","","INDIVIDUAL"
"867","26198","84c0acad-5060-52fd-a573-fa0100b44e29","LEGACY-26198-867-AD437C5C","","RETAIL","","INDIVIDUAL"
"868","27479","3df2dfa6-59dc-54c5-a6c0-4600276c04fe","LEGACY-27479-868-F26439AE","","RETAIL","","INDIVIDUAL"
"872","46519","a858ca45-3086-56fa-b3bb-1bb09c74ec40","LEGACY-46519-872-C6A97B25","","RETAIL","","INDIVIDUAL"
"874","29723","a15e40b0-fdc0-5aca-a2fb-837a73a29538","LEGACY-29723-874-A0E7609F","","RETAIL","","INDIVIDUAL"
"875","55809","b2b3563c-40e8-5611-b061-60c0e798509c","LEGACY-55809-875-D8606D32","","RETAIL","","INDIVIDUAL"
"877","76422","f02bfc1e-da77-5cdf-bd81-20989cf5683f","LEGACY-76422-877-C208F2C3","","RETAIL","","INDIVIDUAL"
"878","63753","9a06bbfc-2499-5a8e-941e-85addb480c04","LEGACY-63753-878-C3B4CAAD","","RETAIL","","INDIVIDUAL"
"879","23023","8fe4b654-9bdc-54b8-9bca-42e95fa742a1","LEGACY-23023-879-05043D91","","RETAIL","","INDIVIDUAL"
"881","26162","d09abdc6-2553-50d0-ad15-758bf2bde54e","LEGACY-26162-881-28017CCB","","RETAIL","","INDIVIDUAL"
"884","52678","b4de0e44-7352-5e31-ab75-770997bb79bc","LEGACY-52678-884-9A47C898","","RETAIL","","INDIVIDUAL"
"885","71782","7ba1ffda-9724-5691-9516-c337095e23d8","LEGACY-71782-885-E60BF2C6","","RETAIL","","INDIVIDUAL"
"888","68124","ebf9ff86-e6da-53f5-ae89-2e19edbf490b","LEGACY-68124-888-4A847FFD","","RETAIL","","INDIVIDUAL"
"889","10011","0687d498-3583-57e0-83d6-da37bb14ecf6","LEGACY-10011-889-71A0BDBD","","RETAIL","","INDIVIDUAL"
"890","78246","a982131b-4a5c-5cc6-80a4-bbec451f53a6","LEGACY-78246-890-AAAECFD2","","RETAIL","","INDIVIDUAL"
"892","72893","0812a73c-997e-5d3e-9504-f1a1ef752cfd","LEGACY-72893-892-130D92FB","","RETAIL","","INDIVIDUAL"
"893","39943","d6c54792-727d-5472-bfc8-b5976479d4e3","LEGACY-39943-893-C6A800D5","","RETAIL","","INDIVIDUAL"
"894","15554","28b792bb-0715-5cda-8245-5f0858545eee","LEGACY-15554-894-EC40B935","","RETAIL","","INDIVIDUAL"
"896","32167","23857afe-b237-554a-98c1-5d5aebe23031","LEGACY-32167-896-462E03AB","","RETAIL","","INDIVIDUAL"
"897","28010","89284133-8c77-515b-bd9c-56e79e61db07","LEGACY-28010-897-CEF7615B","","RETAIL","","INDIVIDUAL"
"898","53793","36e93822-c5e4-5db2-bfac-ef40dc58278b","LEGACY-53793-898-C04A14A0","","RETAIL","","INDIVIDUAL"
"899","78981","d135a4b9-8630-5590-9b8d-27a5b0148546","LEGACY-78981-899-966B8424","","RETAIL","","INDIVIDUAL"
"900","49618","06168e23-7682-5677-9746-1699f0514dc9","LEGACY-49618-900-7FA26EE8","","RETAIL","","INDIVIDUAL"
"901","86626","0da4fad3-435a-5578-9185-a467c526ff00","LEGACY-86626-901-66F9B281","","RETAIL","","INDIVIDUAL"
"902","93698","564d7b1c-c22e-5de9-b3b4-177781e1c200","LEGACY-93698-902-82FF9C18","","RETAIL","","INDIVIDUAL"
"903","68004","ad4d7235-f0b7-5737-8115-fd2d3ea43dbe","LEGACY-68004-903-0DE64C39","","RETAIL","","INDIVIDUAL"
"904","46245","4ce9b08b-630b-5d81-8350-0bbae30ee92f","LEGACY-46245-904-4429F48E","","RETAIL","","INDIVIDUAL"
"905","64094","d5de1299-6add-5bfb-9e01-88dbbda19d4f","LEGACY-64094-905-36FBA7F9","","RETAIL","","INDIVIDUAL"
"907","40934","5199d71e-9273-5d2f-a5e1-2f5e0f5a3987","LEGACY-40934-907-C95951CD","","RETAIL","","INDIVIDUAL"
"909","29643","1fa2a518-0fe2-5571-adb9-80e57633851e","LEGACY-29643-909-708A9755","","RETAIL","","INDIVIDUAL"
"910","57371","33118ae7-5851-508b-9797-d4ba924a901a","LEGACY-57371-910-7CF510D8","","RETAIL","","INDIVIDUAL"
"911","27299","6be57cab-e05d-5007-b189-8a807e2c053e","LEGACY-27299-911-80051680","","RETAIL","","INDIVIDUAL"
"912","35323","52e5b96a-48da-5964-88f7-a9363f6a4080","LEGACY-35323-912-4EECC301","","RETAIL","","INDIVIDUAL"
"913","94418","9a9bae32-cc73-53dd-b96f-8fe6657bf492","LEGACY-94418-913-1F4EC0C9","","RETAIL","","INDIVIDUAL"
"914","45181","01e020af-0ebf-5bd5-bb25-475b36c763e3","LEGACY-45181-914-91E1303D","","RETAIL","","INDIVIDUAL"
"915","52715","430f41d3-8861-56ec-893d-49707d5f69c1","LEGACY-52715-915-24C0AA3D","","RETAIL","","INDIVIDUAL"
"917","74019","3ab4278f-72d3-5032-be16-147d82144dea","LEGACY-74019-917-B6C5D655","","RETAIL","","INDIVIDUAL"
"918","75584","433c2a48-ae39-5840-bad7-0f00a3034e5d","LEGACY-75584-918-8630A029","","RETAIL","","INDIVIDUAL"
"919","40575","6b24a4b1-3c5e-55a9-ae80-daa221bb3aea","LEGACY-40575-919-48D97513","","RETAIL","","INDIVIDUAL"
"921","28399","ac68e599-6ca6-5d08-80a1-32d46ec1f704","LEGACY-28399-921-E8CD1CC7","","RETAIL","","INDIVIDUAL"
"922","45834","a404a5b4-1af6-5777-b6b8-bf18fd64ca9d","LEGACY-45834-922-2701D967","","RETAIL","","INDIVIDUAL"
"923","65104","e7aee853-cf31-51a9-b805-f45cd8129dff","LEGACY-65104-923-674FFF28","","RETAIL","","INDIVIDUAL"
"924","99002","a810aaa8-9b7e-5bdc-a5f4-7f7c70d3a82c","LEGACY-99002-924-7BABDB24","","RETAIL","","INDIVIDUAL"
"925","27753","956ffc35-65ba-51e9-8987-5d6828978247","LEGACY-27753-925-E5A2E87C","","RETAIL","","INDIVIDUAL"
"926","17748","e4dda515-1c85-5592-b900-d21fbf69d436","LEGACY-17748-926-1C9BFCCA","","RETAIL","","INDIVIDUAL"
"927","50571","8eb57f7a-36b9-53d9-bc9f-4560642eb641","LEGACY-50571-927-7C07FEC3","","RETAIL","","INDIVIDUAL"
"928","58847","178d183c-cc4d-51d7-839f-b448b24eb7de","LEGACY-58847-928-62CF6434","","RETAIL","","INDIVIDUAL"
"929","74080","04cf38fc-18e0-562a-addf-b2793bd3b7df","LEGACY-74080-929-4953DC77","","RETAIL","","INDIVIDUAL"
"930","64119","b4287e1b-14d8-5da0-a260-6a99e40884be","LEGACY-64119-930-BF1DDEF2","","RETAIL","","INDIVIDUAL"
"931","37982","8f3ade3d-080b-535f-8488-6c339776fe74","LEGACY-37982-931-2C54B27B","","RETAIL","","INDIVIDUAL"
"932","19055","050ae2af-0677-58ad-906b-66d0d79f169a","LEGACY-19055-932-16B9C129","","RETAIL","","INDIVIDUAL"
"936","14784","1d2c3781-3a83-555f-82f8-a6bae1ed7f7e","LEGACY-14784-936-595FF4CC","","RETAIL","","INDIVIDUAL"
"937","22530","36076758-ae41-5a68-b696-401d7a827098","LEGACY-22530-937-8A4DB0FE","","RETAIL","","INDIVIDUAL"
"940","15160","b0f87ca2-ca94-5394-bf27-c0bd9fa5f8c5","LEGACY-15160-940-6D9083CF","","RETAIL","","INDIVIDUAL"
"941","44982","c5d0e2b5-1118-5dc5-addf-38e7e0a9b56a","LEGACY-44982-941-D93A7FFC","","RETAIL","","INDIVIDUAL"
"942","51579","2b00bfc1-cdf2-555e-a1ae-3d58a9915977","LEGACY-51579-942-A83E51F2","","RETAIL","","INDIVIDUAL"
"944","20974","f68adba9-910d-5add-b7f7-a961f9a90e42","LEGACY-20974-944-80668E80","","RETAIL","","INDIVIDUAL"
"945","79885","40edc11f-a9e1-5cee-876c-7ab879d95ebb","LEGACY-79885-945-1790CE26","","RETAIL","","INDIVIDUAL"
"946","65357","f2f8a5d1-9d4c-5e17-abaf-2c4430a07b55","LEGACY-65357-946-7D97410E","","RETAIL","","INDIVIDUAL"
"947","37509","a57bee6c-016d-5e5e-830a-1bb7ce2d387f","LEGACY-37509-947-F47AE5E8","","RETAIL","","INDIVIDUAL"
"948","47553","e5db1a54-abb7-58d6-8672-6382ceb8ac7b","LEGACY-47553-948-6B91929B","","RETAIL","","INDIVIDUAL"
"950","96142","e7a6a6f1-1ac7-5442-8a70-2cb1ae6f0b5a","LEGACY-96142-950-B64DEEA4","","RETAIL","","INDIVIDUAL"
"951","88578","850e9a2e-2dd9-5f9a-8064-f50f67103b1c","LEGACY-88578-951-F58DCA5F","","RETAIL","","INDIVIDUAL"
"952","18528","e071b7ee-f84f-5b7f-a3c1-8dc9cc5b558e","LEGACY-18528-952-F698C25E","","RETAIL","","INDIVIDUAL"
"953","69936","64d7c08b-45d2-5e17-9761-d2e8da878257","LEGACY-69936-953-14DF3CA0","","RETAIL","","INDIVIDUAL"
"954","84325","08f1dc56-7c30-5183-aee1-075017042b78","LEGACY-84325-954-8307718C","","RETAIL","","INDIVIDUAL"
"956","52482","2f0dbddf-0fe7-5856-b341-9499cbd6c434","LEGACY-52482-956-1F60779C","","RETAIL","","INDIVIDUAL"
"958","69916","0de2e4ad-5f58-5371-8129-d393761db9cb","LEGACY-69916-958-8B2DABEB","","RETAIL","","INDIVIDUAL"
"959","69699","cfef2bbf-1c60-5c56-a062-7fd816ec31c5","LEGACY-69699-959-5C66C6B0","","RETAIL","","INDIVIDUAL"
"961","44383","7ef57f7a-b40c-5cae-a00a-152fe5b9a412","LEGACY-44383-961-9A0E630A","","RETAIL","","INDIVIDUAL"
"965","25645","13584eb1-3a55-593b-8e1c-c1eed7f87ae0","LEGACY-25645-965-8E5EA5B8","","RETAIL","","INDIVIDUAL"
"966","49898","83de4578-33a4-5424-9c9c-fdc6cab623aa","LEGACY-49898-966-FE9B0EF7","","RETAIL","","INDIVIDUAL"
"967","25495","5b8efec4-1c57-5a08-b8d4-fdd7c0a8575f","LEGACY-25495-967-B93E5AF3","","RETAIL","","INDIVIDUAL"
"968","13863","0ac9224d-16a2-570e-91ee-0f6475c9efec","LEGACY-13863-968-94AD73D0","","RETAIL","","INDIVIDUAL"
"971","69304","5c0b33b6-7ba8-53af-83a3-337c6bd03f7e","LEGACY-69304-971-B992459E","","RETAIL","","INDIVIDUAL"
"972","12125","49530dfb-8eff-51e3-a185-a8434a3a9847","LEGACY-12125-972-5F84F8AE","","RETAIL","","INDIVIDUAL"
"973","10135","e42449f3-73a5-567f-831f-129ad8e5e993","LEGACY-10135-973-BAF420B5","","RETAIL","","INDIVIDUAL"
"974","85810","63e1de79-a9fa-5cac-9c67-0d730f2804f3","LEGACY-85810-974-A500CC77","","RETAIL","","INDIVIDUAL"
"976","77255","40df8936-3926-5ab5-b9f7-f44c29f171ca","LEGACY-77255-976-D5556885","","RETAIL","","INDIVIDUAL"
"977","14699","62b321cc-a389-5902-a3bf-3620eabe3870","LEGACY-14699-977-813E74A3","","RETAIL","","INDIVIDUAL"
"978","17498","6d38aad3-9f96-5edc-ac9b-4ad0a0a3e09c","LEGACY-17498-978-03773BA3","","RETAIL","","INDIVIDUAL"
"980","33994","820685fd-5e61-57c7-9fea-9bfbfe03d0d6","LEGACY-33994-980-880524F4","","RETAIL","","INDIVIDUAL"
"981","53943","faab7fa5-b9ef-5a9f-a52e-0be3b753bf86","LEGACY-53943-981-C803F783","","RETAIL","","INDIVIDUAL"
"982","48281","f73e95bd-10bf-5e1d-ac52-6e0db6150f32","LEGACY-48281-982-F19A9D82","","RETAIL","","INDIVIDUAL"
"983","70014","f039bcde-8c98-5894-829d-9b8fd3edd4c5","LEGACY-70014-983-A27B9CD1","","RETAIL","","INDIVIDUAL"
"987","75573","ab666988-9cc9-5a88-9071-d7fd8a6c26aa","LEGACY-75573-987-029E9C65","","RETAIL","","INDIVIDUAL"
"988","43187","d138062a-3e74-5826-b94a-9e32c7409ac4","LEGACY-43187-988-B8E917E4","","RETAIL","","INDIVIDUAL"
"989","66120","40a93fdc-f7f5-51c8-b47b-bc6cd680f44e","LEGACY-66120-989-6008EE71","","RETAIL","","INDIVIDUAL"
"990","56458","8c5b2eb1-c8db-5e0c-b194-8de6a9481fcc","LEGACY-56458-990-30E3663F","","RETAIL","","INDIVIDUAL"
"993","31297","63ba0a5c-b10b-5261-b01f-9ec12736744e","LEGACY-31297-993-7C32C325","","RETAIL","","INDIVIDUAL"
"995","33659","604e8e07-14af-55b0-8bc5-7685ae1d3358","LEGACY-33659-995-2CD2E958","","RETAIL","","INDIVIDUAL"
"996","34308","68ab674b-7d96-5604-858d-dc24b69b6b31","LEGACY-34308-996-01FAFDB7","","RETAIL","","INDIVIDUAL"
"997","85259","80db05de-6002-53a0-8a87-dd45b1db241e","LEGACY-85259-997-113FFDA8","","RETAIL","","INDIVIDUAL"
"999","14544","7f4d9a80-b002-5e40-be39-470db19cd905","LEGACY-14544-999-57AD4D38","","RETAIL","","INDIVIDUAL"
"1001","58340","be0bd0b4-15fd-5b28-ba92-d0e9bddf8fa2","LEGACY-58340-1001-F5DB214A","","RETAIL","","INDIVIDUAL"
"1002","34670","fa1c95da-7e00-5f10-8204-3b6373ab1869","LEGACY-34670-1002-B2133CD9","","RETAIL","","INDIVIDUAL"
"1003","62834","12fa8b31-e45e-59eb-8525-6e398307dc55","LEGACY-62834-1003-17A2C497","","RETAIL","","INDIVIDUAL"
"1004","37118","726af193-24c8-5a30-8cb3-d95584cdee4f","LEGACY-37118-1004-9679F328","","RETAIL","","INDIVIDUAL"
"1005","85179","585c5221-4ad1-5e5c-b2f2-47f1ff521878","LEGACY-85179-1005-CC1FE712","","RETAIL","","INDIVIDUAL"
"1007","43857","0f58e7c1-0553-5c77-820e-8aef683ce321","LEGACY-43857-1007-62A9BC7B","","RETAIL","","INDIVIDUAL"
"1008","23422","c3813316-d395-55eb-b92d-0d9daada2987","LEGACY-23422-1008-55A58516","","RETAIL","","INDIVIDUAL"
"1009","87921","79193e5f-804d-5644-9163-c7c16d2f6419","LEGACY-87921-1009-0C6B5F32","","RETAIL","","INDIVIDUAL"
"1010","25655","4ba49ce4-6bef-5109-9908-8926a9fc7a4c","LEGACY-25655-1010-37933D16","","RETAIL","","INDIVIDUAL"
"1011","13208","b9f727b8-28d0-573a-8910-5d48265d2e6f","LEGACY-13208-1011-5733C1EE","","RETAIL","","INDIVIDUAL"
"1012","44515","a3b613f8-7dfe-503a-b51c-fdade94543e6","LEGACY-44515-1012-EAAE94CE","","RETAIL","","INDIVIDUAL"
"1013","97988","52ebca87-6d86-5275-8af9-d5ab57dc8208","LEGACY-97988-1013-750B68B6","","RETAIL","","INDIVIDUAL"
"1014","44229","f9a226b8-0b27-5955-af6f-e322c39cc6f9","LEGACY-44229-1014-A10BEC84","","RETAIL","","INDIVIDUAL"
"1016","96813","3be2489d-cb00-5da6-8dba-2d253a8dc16c","LEGACY-96813-1016-F6876AA1","","RETAIL","","INDIVIDUAL"
"1017","44527","bf233db6-cb8f-5415-b8b3-8a80b5ff3b20","LEGACY-44527-1017-F9560F98","","RETAIL","","INDIVIDUAL"
"1018","55960","a912e960-d00c-5515-8f32-32ee6bb3c13b","LEGACY-55960-1018-E32D6604","","RETAIL","","INDIVIDUAL"
"1019","19519","d755100e-318a-565b-9950-80f07963c0a0","LEGACY-19519-1019-41385EA0","","RETAIL","","INDIVIDUAL"
"1020","81705","8db1386d-1070-5942-a54f-e2d91216ba39","LEGACY-81705-1020-48DA1256","","RETAIL","","INDIVIDUAL"
"1021","39976","47ec480a-f191-54b8-91b7-c156b14129a2","LEGACY-39976-1021-133C8AAC","","RETAIL","","INDIVIDUAL"
"1022","59716","fbd167a8-aec0-5b04-88fe-9d5394f0f9d2","LEGACY-59716-1022-E557D2A8","","RETAIL","","INDIVIDUAL"
"1023","32628","d2ba3c35-03b1-5168-bd3c-6e90c7dada2a","LEGACY-32628-1023-86ED9A3F","","RETAIL","","INDIVIDUAL"
"1024","33852","a282aed2-e235-546d-a54d-98a3322b7ede","LEGACY-33852-1024-16294622","","RETAIL","","INDIVIDUAL"
"1025","36058","e47bd070-2555-5467-8fa6-8ac84cec7443","LEGACY-36058-1025-673B4771","","RETAIL","","INDIVIDUAL"
"1027","46991","15139ff8-8155-5c60-a62f-a4014e2d2970","LEGACY-46991-1027-FD432C60","","RETAIL","","INDIVIDUAL"
"1028","83217","75c6b446-6529-5a35-b7e8-bcfc3128e2e4","LEGACY-83217-1028-F0F3BF41","","RETAIL","","INDIVIDUAL"
"1029","62363","d6f5bd56-eacc-5d39-bbd0-77a610ffac4c","LEGACY-62363-1029-2545951E","","RETAIL","","INDIVIDUAL"
"1031","14561","84e6e10a-29ea-5ab5-84a5-5a1a18c4cc76","LEGACY-14561-1031-0EBFD3ED","","RETAIL","","INDIVIDUAL"
"1039","96181","09ff6916-df5d-5933-8502-0d0e8c701d54","LEGACY-96181-1039-DE1AA953","","RETAIL","","INDIVIDUAL"
"1040","41126","9ec98a7d-67a5-5940-b277-97514e2e6f8d","LEGACY-41126-1040-46C548BF","","RETAIL","","INDIVIDUAL"
"1042","98448","329769e8-82f4-5320-9043-7d9eb55bf3a0","LEGACY-98448-1042-F0124A29","","RETAIL","","INDIVIDUAL"
"1043","61915","c1f08f39-e27e-5353-b240-ba1fa7838ff8","LEGACY-61915-1043-EDCBCE66","","RETAIL","","INDIVIDUAL"
"1044","13256","a98739f5-b436-5b57-bf19-19696647f739","LEGACY-13256-1044-106FE891","","RETAIL","","INDIVIDUAL"
"1046","84613","d399b3ce-e9a9-59bb-8ed9-ee2ac7d1c262","LEGACY-84613-1046-156673CC","","RETAIL","","INDIVIDUAL"
"1047","15064","9319af2f-0baa-5af6-8ad7-b631fbc70e35","LEGACY-15064-1047-91DE1F39","","RETAIL","","INDIVIDUAL"
"1048","78692","a0bb2171-12b8-5246-9acb-4ee63d60c749","LEGACY-78692-1048-CC8847F7","","RETAIL","","INDIVIDUAL"
"1049","33522","5536e58e-e288-5130-aaf5-97f400402452","LEGACY-33522-1049-00F930AF","","RETAIL","","INDIVIDUAL"
"1051","37360","ea81a3e0-10d2-5367-8528-87e28fededfe","LEGACY-37360-1051-BF6C9CEC","","RETAIL","","INDIVIDUAL"
"1052","95256","6a673147-916c-55f6-b815-896bc58b8df4","LEGACY-95256-1052-44753F0D","","RETAIL","","INDIVIDUAL"
"1056","93677","430e9eb6-82dc-56a6-a2e5-b0459b78b092","LEGACY-93677-1056-9057F460","","RETAIL","","INDIVIDUAL"
"1057","30724","288c5862-273a-522d-b5a3-0f1c5865aa85","LEGACY-30724-1057-3E65C39B","","RETAIL","","INDIVIDUAL"
"1058","74889","be780d77-12fb-5e0f-9a27-f16fc13b9eaf","LEGACY-74889-1058-EEC3250A","","RETAIL","","INDIVIDUAL"
"1061","65859","599fb775-7e84-5b93-bf2a-a1e394d59636","LEGACY-65859-1061-87474F14","","RETAIL","","INDIVIDUAL"
"1063","16549","899c4b7d-a2e3-55d2-8217-1650bf284ef5","LEGACY-16549-1063-60F009B0","","RETAIL","","INDIVIDUAL"
"1064","31136","e5120dd1-86db-55f9-bf15-5de46fd11bb8","LEGACY-31136-1064-9A2FF562","","RETAIL","","INDIVIDUAL"
"1065","37970","061276b6-97ea-513f-8256-7eefaf85edc3","LEGACY-37970-1065-3626501E","","RETAIL","","INDIVIDUAL"
"1066","82731","a4938504-159b-51af-a98a-1f45dd7e55ee","LEGACY-82731-1066-A9F85BC4","","RETAIL","","INDIVIDUAL"
"1068","96215","a536f533-4a32-5b14-bd75-27c4c96eb4d8","LEGACY-96215-1068-1BAD5949","","RETAIL","","INDIVIDUAL"
"1069","83374","ba2afff4-36ae-59b1-b5b9-34e15eb727c1","LEGACY-83374-1069-D944B6EB","","RETAIL","","INDIVIDUAL"
"1070","66635","fb60d3aa-c208-548f-8b1b-1390c785759a","LEGACY-66635-1070-10B82E0E","","RETAIL","","INDIVIDUAL"
"1071","41411","da8e6f53-538f-58bd-a0df-264c0efc0547","LEGACY-41411-1071-187C6EA8","","RETAIL","","INDIVIDUAL"
"1072","69978","0642f771-0993-595c-bccc-a4cab088328b","LEGACY-69978-1072-38E486A6","","RETAIL","","INDIVIDUAL"
"1073","69367","3f4f140e-7814-5b7c-9321-62eb98ba35b3","LEGACY-69367-1073-E384AA89","","RETAIL","","INDIVIDUAL"
"1074","13165","ad8c4f3c-b042-5791-a866-45c3d45a96c1","LEGACY-13165-1074-DD371434","","RETAIL","","INDIVIDUAL"
"1075","83443","aaafc7a0-7c5f-52a3-9c5b-4c987fe093d0","LEGACY-83443-1075-A3AE2B79","","RETAIL","","INDIVIDUAL"
"1076","20344","a5a99e19-61ca-5800-a4ef-522a95e2397d","LEGACY-20344-1076-05E9F317","","RETAIL","","INDIVIDUAL"
"1077","42275","1fa22dc1-dd36-5dd6-9c8d-506f15725465","LEGACY-42275-1077-A2A7AB5F","","RETAIL","","INDIVIDUAL"
"1078","19237","fe755a52-5dbf-5be8-af7c-87e7a724ac87","LEGACY-19237-1078-2C31F501","","RETAIL","","INDIVIDUAL"
"1079","61131","a4f6de3a-716f-5bac-b2ba-696da5e4f51d","LEGACY-61131-1079-6BA5FE1B","","RETAIL","","INDIVIDUAL"
"1081","63956","afeb15a5-daa2-5b95-9550-893d083b0539","LEGACY-63956-1081-75D11E7E","","RETAIL","","INDIVIDUAL"
"1082","33606","5f66230d-40c2-59f4-b262-0f02f1b6182d","LEGACY-33606-1082-6E414810","","RETAIL","","INDIVIDUAL"
"1084","15280","815931e7-9a65-529d-a886-9bcee8c41893","LEGACY-15280-1084-F6F4A0AE","","RETAIL","","INDIVIDUAL"
"1091","96701","eaf669a9-f5b7-5a35-94a2-cde2d58c8a34","LEGACY-96701-1091-15FBC5F4","","RETAIL","","INDIVIDUAL"
"1092","83580","680a2798-e2d4-57e3-8949-28296408013c","LEGACY-83580-1092-47925E3D","","RETAIL","","INDIVIDUAL"
"1094","80640","f08f6482-5589-5ec9-ba9d-6eeac9aae85c","LEGACY-80640-1094-535BE0E1","","RETAIL","","INDIVIDUAL"
"1095","96827","c3cc65ff-7170-5bca-bfaf-d2de5e8422ac","LEGACY-96827-1095-8D1D1C51","","RETAIL","","INDIVIDUAL"
"1096","28025","cc22bfcd-4669-5ce1-9035-627c5fa9319b","LEGACY-28025-1096-A78DCB12","","RETAIL","","INDIVIDUAL"
"1097","93603","74971820-bd26-5462-a637-0403d0173a1a","LEGACY-93603-1097-E3281372","","RETAIL","","INDIVIDUAL"
"1098","42737","3c148b62-d00c-57c0-9830-873dcd694e82","LEGACY-42737-1098-F4FE4764","","RETAIL","","INDIVIDUAL"
"1099","52446","6f2abaac-ecac-5a8d-a3f4-0a139b381e26","LEGACY-52446-1099-2E9163B7","","RETAIL","","INDIVIDUAL"
"1101","14921","a167512f-42f2-5c9b-8b3a-0a638abb8f36","LEGACY-14921-1101-F2467F67","","RETAIL","","INDIVIDUAL"
"1102","21738","eb71cfb9-2542-50fc-a627-57a3e0156510","LEGACY-21738-1102-85F09A37","","RETAIL","","INDIVIDUAL"
"1103","69354","48d650e9-253c-5921-bf45-15faf9f448bb","LEGACY-69354-1103-F306DD6B","","RETAIL","","INDIVIDUAL"
"1104","35490","f4f06f0b-a8dc-5299-902f-c14c7bf61b3b","LEGACY-35490-1104-C10815F9","","RETAIL","","INDIVIDUAL"
"1105","40898","a02fd2c8-73b5-5304-b354-9586eadf58cc","LEGACY-40898-1105-BE17154C","","RETAIL","","INDIVIDUAL"
"1106","13961","9ea49175-2420-51c2-a55e-2ae6e5979c2d","LEGACY-13961-1106-BB15F0AF","","RETAIL","","INDIVIDUAL"
"1108","83694","9bb0852a-0537-5cca-b822-fb8b2942f685","LEGACY-83694-1108-AD154726","","RETAIL","","INDIVIDUAL"
"1111","86458","be5a0254-3195-58bc-9921-2d0a2a9b7175","LEGACY-86458-1111-F4CB1DC6","","RETAIL","","INDIVIDUAL"
"1113","31160","79c9f4d4-0ad4-588e-b4a1-e8adbf372629","LEGACY-31160-1113-618CD636","","RETAIL","","INDIVIDUAL"
"1115","16893","09da2724-1663-5c8f-82a0-1b6a742f2586","LEGACY-16893-1115-D7DF3F6E","","RETAIL","","INDIVIDUAL"
"1116","69286","226f8841-ef26-55ed-9311-327332b6b31a","LEGACY-69286-1116-7CB7036B","","RETAIL","","INDIVIDUAL"
"1117","82062","d298019b-be1c-5987-8a42-979f98fbcf52","LEGACY-82062-1117-76B9373C","","RETAIL","","INDIVIDUAL"
"1118","18843","2fcaaf38-d187-5219-bfe5-5d8dfe9987b4","LEGACY-18843-1118-078F4B3B","","RETAIL","","INDIVIDUAL"
"1119","54193","73f39851-78f2-5db3-adc9-8238358f1f3d","LEGACY-54193-1119-74291A9F","","RETAIL","","INDIVIDUAL"
"1120","82005","5a67d1d2-d649-5a4b-aec6-1afe79ffdbb7","LEGACY-82005-1120-D1D901BB","","RETAIL","","INDIVIDUAL"
"1121","20842","bb6e676e-47a3-5514-b275-d53558f83b32","LEGACY-20842-1121-C7476729","","RETAIL","","INDIVIDUAL"
"1122","89038","56363587-9080-5ddb-93b5-05718956d3f3","LEGACY-89038-1122-3E626C69","","RETAIL","","INDIVIDUAL"
"1123","83517","68592d6d-b211-5337-a4e4-de136d7eba0c","LEGACY-83517-1123-A0B8EEA3","","RETAIL","","INDIVIDUAL"
"1124","91757","03a9a87b-0699-56d1-b151-eb635fd4ad4e","LEGACY-91757-1124-02E052DA","","RETAIL","","INDIVIDUAL"
"1125","51700","1ff78cb2-9281-5dee-9806-4121e9725f15","LEGACY-51700-1125-9926BDF6","","RETAIL","","INDIVIDUAL"
"1126","77013","493cfa87-c855-5463-8b7f-84bf92633a36","LEGACY-77013-1126-2D4127BA","","RETAIL","","INDIVIDUAL"
"1127","25950","1febe1c7-b901-54d2-94f6-f76e83244340","LEGACY-25950-1127-3491AC3F","","RETAIL","","INDIVIDUAL"
"1128","29733","98f223b5-5078-566e-ab64-062b8c3314d9","LEGACY-29733-1128-32D0D087","","RETAIL","","INDIVIDUAL"
"1129","48496","25c28052-1449-56cb-88bf-578f812f5291","LEGACY-48496-1129-8D37C4C1","","RETAIL","","INDIVIDUAL"
"1130","44866","76a5b837-b610-5d7c-987b-9e49579f86e3","LEGACY-44866-1130-0A705CFC","","RETAIL","","INDIVIDUAL"
"1131","63558","8f2b3d3b-a3ff-5538-ae24-bb72c2107b05","LEGACY-63558-1131-90221462","","RETAIL","","INDIVIDUAL"
"1133","64768","6f2267dc-978c-5a8a-82e9-5ec01a3dd396","LEGACY-64768-1133-BCD0FDE3","","RETAIL","","INDIVIDUAL"
"1134","86448","f978f1b4-6640-5c7a-a832-aad64368f18b","LEGACY-86448-1134-31CD63A6","","RETAIL","","INDIVIDUAL"
"1135","96163","569eabfd-e1f6-5a0c-9aae-4e3a87bc68fe","LEGACY-96163-1135-EE3D159E","","RETAIL","","INDIVIDUAL"
"1136","93571","eae93070-a0af-5bd0-88a2-68990adcaa53","LEGACY-93571-1136-D7342C0E","","RETAIL","","INDIVIDUAL"
"1138","89652","7413d78f-8896-5f19-b452-4e70c1cfb356","LEGACY-89652-1138-FA41A16A","","RETAIL","","INDIVIDUAL"
"1139","85652","f2f7eb52-f8d4-5ef8-ad43-81a34a4bef7f","LEGACY-85652-1139-B2784BD9","","RETAIL","","INDIVIDUAL"
"1140","66299","29ca2241-7667-5f87-9d49-ac01f6b09015","LEGACY-66299-1140-3B44F793","","RETAIL","","INDIVIDUAL"
"1141","77715","513eb29b-daa5-5cab-9dea-71c6044227cc","LEGACY-77715-1141-59C2869F","","RETAIL","","INDIVIDUAL"
"1142","76080","93a3b430-f2b6-5fa0-978c-03a85be07db2","LEGACY-76080-1142-4C5E6365","","RETAIL","","INDIVIDUAL"
"1147","51418","8169d261-61f6-5e18-9b83-b00557822e57","LEGACY-51418-1147-5ECC3394","","RETAIL","","INDIVIDUAL"
"1148","91583","bcded975-a4e2-5ae6-93de-e310ad25c702","LEGACY-91583-1148-0E66F2A9","","RETAIL","","INDIVIDUAL"
"1149","27200","8d955b8e-e6f3-5176-9186-c2cc4f3deab5","LEGACY-27200-1149-C5C191F6","","RETAIL","","INDIVIDUAL"
"1151","32772","d68f4057-2dc6-53b6-93d0-3a4ba13fd756","LEGACY-32772-1151-42968D49","","RETAIL","","INDIVIDUAL"
"1154","86688","69217312-ede8-5c04-9b46-bbd8c2124067","LEGACY-86688-1154-016E4C0B","","RETAIL","","INDIVIDUAL"
"1155","26461","3bfc72e6-0edc-5bce-9291-1c85c870af78","LEGACY-26461-1155-763BE603","","RETAIL","","INDIVIDUAL"
"1156","68939","5da5f9be-75eb-5f22-9caa-823dd4bbe321","LEGACY-68939-1156-49604659","","RETAIL","","INDIVIDUAL"
"1158","46524","08160297-5b54-5a7b-92bf-05936d9584fc","LEGACY-46524-1158-373E7841","","RETAIL","","INDIVIDUAL"
"1159","88973","e564fc81-e7af-588a-a5bd-ac6253a03ee4","LEGACY-88973-1159-2000BE3B","","RETAIL","","INDIVIDUAL"
"1160","17138","75ef3a0a-02dd-5b34-882f-632831500ee8","LEGACY-17138-1160-E7BF5949","","RETAIL","","INDIVIDUAL"
"1161","15141","91d94fad-ad6b-52bf-ad48-a989e3bf4a03","LEGACY-15141-1161-872EFD25","","RETAIL","","INDIVIDUAL"
"1162","91520","27718d9b-e0a5-5902-8b2e-af55a0c9d7ff","LEGACY-91520-1162-F27A5368","","RETAIL","","INDIVIDUAL"
"1164","18360","10a9ee42-fd12-5a33-933e-f79b4f0cb54b","LEGACY-18360-1164-59E2CEC4","","RETAIL","","INDIVIDUAL"
"1166","40833","9d827337-d159-5902-876c-5909d3b14bbb","LEGACY-40833-1166-0A80CCA3","","RETAIL","","INDIVIDUAL"
"1167","45660","d83f8cd9-b84a-50a2-8a8b-be5e833c9c71","LEGACY-45660-1167-29E3D925","","RETAIL","","INDIVIDUAL"
"1168","57270","12117f5b-c3c5-59d4-b406-4e2c8185b4e2","LEGACY-57270-1168-6CBF61D8","","RETAIL","","INDIVIDUAL"
"1169","20726","26cdd8be-cfe2-54db-9235-0350c58bdc04","LEGACY-20726-1169-5A09AE38","","RETAIL","","INDIVIDUAL"
"1171","27359","44761758-dd5f-5ff7-922a-08c960788543","LEGACY-27359-1171-4AB5ADE9","","RETAIL","","INDIVIDUAL"
"1173","55722","39f5d8a0-c2c1-5bc9-9e48-f000def60ee3","LEGACY-55722-1173-DF59DD00","","RETAIL","","INDIVIDUAL"
"1175","55630","89ad017a-c1de-556a-a073-e3f79ca03a5e","LEGACY-55630-1175-99C1CD85","","RETAIL","","INDIVIDUAL"
"1177","27148","ae7ed56b-c588-50ef-afa0-33f49f5bda2c","LEGACY-27148-1177-F64CC631","","RETAIL","","INDIVIDUAL"
"1178","49354","0957d200-b535-5beb-8e5e-640b258a6e78","LEGACY-49354-1178-F6340D18","","RETAIL","","INDIVIDUAL"
"1180","30994","b5b15368-fb4e-5cfb-9d2e-c89681740ad7","LEGACY-30994-1180-5066E10F","","RETAIL","","INDIVIDUAL"
"1182","88612","fe8c81ab-fb52-5f98-8619-9408642369c6","LEGACY-88612-1182-A732BDAA","","RETAIL","","INDIVIDUAL"
"1183","73416","4a1b4d82-2019-5338-9922-90e5c598953b","LEGACY-73416-1183-DF4C0977","","RETAIL","","INDIVIDUAL"
"1184","12406","33ef8105-72d4-5c54-9ee5-da6d458bc327","LEGACY-12406-1184-A5E2A4DE","","RETAIL","","INDIVIDUAL"
"1185","14634","09b8c1ae-4050-5868-a736-a35c96c27f46","LEGACY-14634-1185-16D28366","","RETAIL","","INDIVIDUAL"
"1186","60236","144bb419-63af-52d0-8df8-3b6755d9e1d1","LEGACY-60236-1186-CAD6E8D1","","RETAIL","","INDIVIDUAL"
"1187","59817","0d17d1ce-e3fc-54f2-9375-ed7fb38fb903","LEGACY-59817-1187-BF18F19D","","RETAIL","","INDIVIDUAL"
"1189","29287","71209503-1898-557f-89bc-e428348064a2","LEGACY-29287-1189-CF6686EF","","RETAIL","","INDIVIDUAL"
"1192","87538","50d22b74-8fa9-5549-aa73-15fb1576571d","LEGACY-87538-1192-C8556815","","RETAIL","","INDIVIDUAL"
"1193","20894","da675683-1257-5378-ae4a-897817bb39c2","LEGACY-20894-1193-4E71EE16","","RETAIL","","INDIVIDUAL"
"1195","75950","7b30d806-c4b4-5d22-ba2a-7c9766cd88ce","LEGACY-75950-1195-5136EA5E","","RETAIL","","INDIVIDUAL"
"1196","38178","701b20ef-a160-5c4b-8dee-bb54d6a7c50c","LEGACY-38178-1196-F281E1C3","","RETAIL","","INDIVIDUAL"
"1197","15735","737e36a7-f5af-5bf6-97ba-da0a92597ddf","LEGACY-15735-1197-CE6A9EF0","","RETAIL","","INDIVIDUAL"
"1198","93322","37cd6021-9d4b-57c3-b6d6-6f475f31943c","LEGACY-93322-1198-9D42CC99","","RETAIL","","INDIVIDUAL"
"1201","71216","da5922ad-0b73-5fc2-84a2-373774cb33c5","LEGACY-71216-1201-833DBB78","","RETAIL","","INDIVIDUAL"
"1202","10056","e2524462-992b-57e0-b3a4-e68f7d1f803c","LEGACY-10056-1202-1F528987","","RETAIL","","INDIVIDUAL"
"1203","49880","44ccd283-d89d-51e1-b1b2-075d52e538f2","LEGACY-49880-1203-7D3D2B11","","RETAIL","","INDIVIDUAL"
"1204","66443","dac2988d-886a-58b5-87a3-6d080882eb44","LEGACY-66443-1204-A2D6AE7D","","RETAIL","","INDIVIDUAL"
"1205","34986","19de421c-d387-5f83-8ddb-d7286336f8a7","LEGACY-34986-1205-8AC09146","","RETAIL","","INDIVIDUAL"
"1206","77429","50208f7f-5e3a-5703-ab0b-be35b4dd7749","LEGACY-77429-1206-9189C089","","RETAIL","","INDIVIDUAL"
"1207","66793","a005c473-e9eb-5a40-871c-b9099b354823","LEGACY-66793-1207-DDF307A7","","RETAIL","","INDIVIDUAL"
"1208","46094","5a836070-952d-5ecc-ba10-6e8908ea58ed","LEGACY-46094-1208-69894A20","","RETAIL","","INDIVIDUAL"
"1209","65905","b1c61942-e7e6-5e7e-a84f-1dce10228f22","LEGACY-65905-1209-077E8742","","RETAIL","","INDIVIDUAL"
"1210","17422","1c3e1318-bae9-5ea6-afe3-81ff80e1469f","LEGACY-17422-1210-35379677","","RETAIL","","INDIVIDUAL"
"1211","55248","c34a4ca2-dc5e-5cb6-8a24-f00c49b0d81f","LEGACY-55248-1211-C8D95C17","","RETAIL","","INDIVIDUAL"
"1212","56837","104448a4-8f14-55ae-9bf9-5e91641557be","LEGACY-56837-1212-C6B7F234","","RETAIL","","INDIVIDUAL"
"1213","41106","38ef915f-de06-58a5-bdd0-18953e69c695","LEGACY-41106-1213-F9797CDB","","RETAIL","","INDIVIDUAL"
"1214","42235","7a1214c9-d52b-5ada-99fc-592c2f1c35ae","LEGACY-42235-1214-DC437C20","","RETAIL","","INDIVIDUAL"
"1215","98856","219956fe-a5c2-5f00-861b-d535175ed38b","LEGACY-98856-1215-D3BDB967","","RETAIL","","INDIVIDUAL"
"1216","20316","44dd79db-7fde-5fb4-995c-241e60b68ca4","LEGACY-20316-1216-ACB91B6B","","RETAIL","","INDIVIDUAL"
"1217","34919","64b10c46-500c-5a7b-9584-0292d574aa53","LEGACY-34919-1217-30BFAC99","","RETAIL","","INDIVIDUAL"
"1218","55373","a7b77de9-60a6-5a8d-9764-f068cc5f2032","LEGACY-55373-1218-182C2946","","RETAIL","","INDIVIDUAL"
"1219","67203","1bae4454-913a-59bc-b721-3aa3f9fcb4b3","LEGACY-67203-1219-737A15A3","","RETAIL","","INDIVIDUAL"
"1220","24645","d4d5840b-0c25-590d-9656-dd6fe276a533","LEGACY-24645-1220-E91AC471","","RETAIL","","INDIVIDUAL"
"1221","59494","e3b74bc5-9363-51aa-a1e4-2579b24456fa","LEGACY-59494-1221-8B048AC0","","RETAIL","","INDIVIDUAL"
"1222","99728","af09732b-cd8b-5bef-8b0d-40f4bf369749","LEGACY-99728-1222-56DCAC87","","RETAIL","","INDIVIDUAL"
"1225","68088","b0c13a4b-75b4-56ea-b821-615588f9776c","LEGACY-68088-1225-D763AFAD","","RETAIL","","INDIVIDUAL"
"1230","14227","df4525bb-22fc-52b3-b36d-46d3406712c5","LEGACY-14227-1230-C0E7D245","","RETAIL","","INDIVIDUAL"
"1232","75256","c8a3b496-b8e0-5e77-9b44-2c7382e7758f","LEGACY-75256-1232-DFA81397","","RETAIL","","INDIVIDUAL"
"1233","72356","4fa37880-a463-5d8d-8e48-d128b54f9d97","LEGACY-72356-1233-01DE4194","","RETAIL","","INDIVIDUAL"
"1234","83657","816ac49a-eba6-5424-9508-e419ad644078","LEGACY-83657-1234-75197820","","RETAIL","","INDIVIDUAL"
"1235","98587","d4166e95-52f8-52d5-80b4-e8a9d1d374ff","LEGACY-98587-1235-1FCB11AB","","RETAIL","","INDIVIDUAL"
"1236","93593","9c8d6c1d-3c1a-5737-9547-248ba9a8f807","LEGACY-93593-1236-514CCDB6","","RETAIL","","INDIVIDUAL"
"1238","54539","d5d8af69-0ecc-5dea-8133-361dde62fea1","LEGACY-54539-1238-2DFA6BCD","","RETAIL","","INDIVIDUAL"
"1239","94198","67babdcb-4c5e-555d-b295-8f0f7d52fb88","LEGACY-94198-1239-C51000B9","","RETAIL","","INDIVIDUAL"
"1243","96564","47a33f20-690b-570c-b75a-1e6404406e47","LEGACY-96564-1243-6F07AFB6","","RETAIL","","INDIVIDUAL"
"1244","51895","e36b65aa-a1d4-57cd-bf6c-b5f8431eff5a","LEGACY-51895-1244-A1F3C856","","RETAIL","","INDIVIDUAL"
"1245","89130","aa63fd1d-6278-567d-8b92-c1921e301a11","LEGACY-89130-1245-78978795","","RETAIL","","INDIVIDUAL"
"1247","32513","8ab60652-f8eb-5500-a865-ed082b515148","LEGACY-32513-1247-B25C4C76","","RETAIL","","INDIVIDUAL"
"1248","65114","175427ce-f3b9-5ad4-b94e-78db6e6afab8","LEGACY-65114-1248-23D09E4E","","RETAIL","","INDIVIDUAL"
"1249","64099","807c8260-f187-5502-b603-4480cb62c2d8","LEGACY-64099-1249-17C174EC","","RETAIL","","INDIVIDUAL"
"1251","70650","4910568b-eddc-5cc9-9faf-87998cdb3576","LEGACY-70650-1251-E7F0272C","","RETAIL","","INDIVIDUAL"
"1252","74345","f54f6ee5-7504-5ba7-9936-47981dc1dcef","LEGACY-74345-1252-1EAB3481","","RETAIL","","INDIVIDUAL"
"1253","25808","a99f43d6-7e94-54c0-b022-b230040270fa","LEGACY-25808-1253-E1ACA40C","","RETAIL","","INDIVIDUAL"
"1254","33898","7563ff3d-d581-56a8-8198-53ed9e9e5155","LEGACY-33898-1254-740FD37B","","RETAIL","","INDIVIDUAL"
"1255","11679","9b549a9c-1c9e-5bf1-8814-51aa758a10fb","LEGACY-11679-1255-5D2CEDD9","","RETAIL","","INDIVIDUAL"
"1256","10460","c799d5d2-d3fb-5968-b571-8fd11a1a93de","LEGACY-10460-1256-D05B14F4","","RETAIL","","INDIVIDUAL"
"1257","42580","626018ba-7ad4-574d-b88e-93d8eb9a4279","LEGACY-42580-1257-430ED3AA","","RETAIL","","INDIVIDUAL"
"1258","22422","a7b80dbb-1f96-5e29-bdf2-d36f1bc890f1","LEGACY-22422-1258-24925807","","RETAIL","","INDIVIDUAL"
"1259","28118","e3227a94-adb0-5fe6-8e80-ac658c30f2f6","LEGACY-28118-1259-B7301D87","","RETAIL","","INDIVIDUAL"
"1260","46766","1221da72-9bd5-5859-b19a-09202c53851e","LEGACY-46766-1260-6C35C024","","RETAIL","","INDIVIDUAL"
"1261","98352","bb41249b-6469-508b-8aba-e4e58bf7d3d2","LEGACY-98352-1261-B966E075","","RETAIL","","INDIVIDUAL"
"1262","56328","b3d855d5-c089-55d0-9750-9dcbfe015a9d","LEGACY-56328-1262-9BCC84BA","","RETAIL","","INDIVIDUAL"
"1263","86462","ba8cb73a-7fc3-5302-bdaa-802c21a6a14e","LEGACY-86462-1263-285D8D06","","RETAIL","","INDIVIDUAL"
"1264","44259","cf5b3e07-d5a0-5433-becb-0305f3d1eb0e","LEGACY-44259-1264-4E034CAC","","RETAIL","","INDIVIDUAL"
"1265","31689","d788dd73-e77b-59d0-9b4d-d767933f6131","LEGACY-31689-1265-CEB41547","","RETAIL","","INDIVIDUAL"
"1266","24379","1dfbcdc8-d51b-528d-be83-a3701bfd1d01","LEGACY-24379-1266-154B9C0F","","RETAIL","","INDIVIDUAL"
"1267","42299","cd8608ae-56a8-5012-9550-9e3dda543db6","LEGACY-42299-1267-B16A8E04","","RETAIL","","INDIVIDUAL"
"1268","98078","fbf916df-13a4-5738-b108-7bd23f7df0b8","LEGACY-98078-1268-F37D1318","","RETAIL","","INDIVIDUAL"
"1269","69164","f87d8247-cc4b-56ae-8fee-b5b391344ed3","LEGACY-69164-1269-0F012B07","","RETAIL","","INDIVIDUAL"
"1270","70364","028c1b86-cf4c-540e-81ff-e0aaae00f201","LEGACY-70364-1270-DB1CBB0E","","RETAIL","","INDIVIDUAL"
"1271","31992","77b22da2-847b-5091-a246-d7361c9e9555","LEGACY-31992-1271-1C772545","","RETAIL","","INDIVIDUAL"
"1272","41734","fa2b2c87-6b58-5975-aee2-dec3e01565b7","LEGACY-41734-1272-615E4D40","","RETAIL","","INDIVIDUAL"
"1273","36488","31c4562d-9714-553e-a20e-13ab8757eacf","LEGACY-36488-1273-AF5FE0F6","","RETAIL","","INDIVIDUAL"
"1275","79249","c57ae45b-9efa-5dc3-9ce3-825ec06e50b6","LEGACY-79249-1275-EAF8982C","","RETAIL","","INDIVIDUAL"
"1276","71883","71cee7e5-1295-5dfe-abce-6ec77e6b1b1d","LEGACY-71883-1276-60BFA4AA","","RETAIL","","INDIVIDUAL"
"1277","82999","c8fed38f-9474-51c5-8335-ad53401ab1e7","LEGACY-82999-1277-A4A6FE75","","RETAIL","","INDIVIDUAL"
"1278","97663","39597903-8421-5673-9484-22f5a3065ff9","LEGACY-97663-1278-4EE9B35D","","RETAIL","","INDIVIDUAL"
"1279","24819","90f1221c-7617-5292-96be-3eb1c19abcc0","LEGACY-24819-1279-FAD5DC19","","RETAIL","","INDIVIDUAL"
"1280","76378","ac7cd192-3e09-5a9c-bd87-8796740cf112","LEGACY-76378-1280-EF133A43","","RETAIL","","INDIVIDUAL"
"1281","88686","97d216db-e9c8-5fdb-a9d5-cbbe84126d51","LEGACY-88686-1281-D54DA674","","RETAIL","","INDIVIDUAL"
"1283","90176","d2dc4366-9a69-5e4f-9a91-5b4acf40981d","LEGACY-90176-1283-EB645787","","RETAIL","","INDIVIDUAL"
"1284","99813","a1d258f6-174a-5a15-abe9-9e9bebbfbe16","LEGACY-99813-1284-50A61B6E","","RETAIL","","INDIVIDUAL"
"1286","45775","beafa377-0ee1-5ea1-80c3-65649b1a797a","LEGACY-45775-1286-E3CB6B6B","","RETAIL","","INDIVIDUAL"
"1287","13359","a2dbdb9d-2656-5757-80a7-4562ca2831bb","LEGACY-13359-1287-C42E8AC3","","RETAIL","","INDIVIDUAL"
"1289","78499","c75127af-ce89-5f8b-832c-e4d6f168b7eb","LEGACY-78499-1289-E8651A44","","RETAIL","","INDIVIDUAL"
"1290","16466","43454c81-7bd2-5368-9d13-4ba43049aaf1","LEGACY-16466-1290-4CE5FA6B","","RETAIL","","INDIVIDUAL"
"1291","17429","bd163e40-2227-5697-9259-32544a92bd5c","LEGACY-17429-1291-3840B3D5","","RETAIL","","INDIVIDUAL"
"1292","94388","fd8f59bb-e946-5631-b488-377818798013","LEGACY-94388-1292-25CF0777","","RETAIL","","INDIVIDUAL"
"1293","48562","bf3c5c77-cf5f-5a58-9c0e-6d1ad7f93be2","LEGACY-48562-1293-C7F90382","","RETAIL","","INDIVIDUAL"
"1294","94922","eedb4593-8115-5243-8fbc-6cf96fc1ff3c","LEGACY-94922-1294-36BBEAC5","","RETAIL","","INDIVIDUAL"
"1295","46251","a906ecdd-cdf6-50da-baef-f8a97ed8f56d","LEGACY-46251-1295-440FB4A7","","RETAIL","","INDIVIDUAL"
"1296","53660","36181c3c-77aa-5248-9690-e8e36939e614","LEGACY-53660-1296-7D564473","","RETAIL","","INDIVIDUAL"
"1297","15937","d34e3d22-a2a8-5d19-b6a1-e3895c8f510e","LEGACY-15937-1297-0259E15F","","RETAIL","","INDIVIDUAL"
"1298","70339","48e55727-975a-5ee0-972a-76924358502a","LEGACY-70339-1298-F337BA3A","","RETAIL","","INDIVIDUAL"
"1299","20519","ded7eab8-53d1-5fed-985e-b7e257ad4e44","LEGACY-20519-1299-CB9E58FC","","RETAIL","","INDIVIDUAL"
"1301","46115","ded5e82b-8699-512e-b513-1d100b1b8fb7","LEGACY-46115-1301-B2F7D41B","","RETAIL","","INDIVIDUAL"
"1302","41100","694cc9a2-27e6-5aae-a56f-6f8ace612f40","LEGACY-41100-1302-57403590","","RETAIL","","INDIVIDUAL"
"1303","90228","c794c981-bdfd-542b-8c05-f1b68934751b","LEGACY-90228-1303-C3C90A39","","RETAIL","","INDIVIDUAL"
"1304","59373","e826c548-ca4a-55c8-9255-e674157db273","LEGACY-59373-1304-E988F1C9","","RETAIL","","INDIVIDUAL"
"1305","52284","a7a2d376-8c3c-53fc-8b9b-27f809dd5033","LEGACY-52284-1305-B283E45C","","RETAIL","","INDIVIDUAL"
"1306","19584","9df728e4-f79b-5ced-8372-18f07f902ee9","LEGACY-19584-1306-34E09D3E","","RETAIL","","INDIVIDUAL"
"1307","99389","3a2c2a8d-c34b-5518-a5a6-0ecb91cfc9c2","LEGACY-99389-1307-F2635805","","RETAIL","","INDIVIDUAL"
"1308","20213","4d842fcd-8ee1-596d-86b2-d5ebde74249c","LEGACY-20213-1308-1B44111F","","RETAIL","","INDIVIDUAL"
"1309","29751","c9c1a10f-50c3-5cf7-a195-953cd55e0867","LEGACY-29751-1309-7C00997C","","RETAIL","","INDIVIDUAL"
"1311","17365","214d8baa-4f50-5fca-a04b-2e1b7418401a","LEGACY-17365-1311-4699D396","","RETAIL","","INDIVIDUAL"
"1312","24876","084c5f43-dca3-534b-9858-e5f23ba396e4","LEGACY-24876-1312-D99BFCC7","","RETAIL","","INDIVIDUAL"
"1313","86183","5694a2ff-51e3-5932-8f86-ca30b8df2d14","LEGACY-86183-1313-804801AC","","RETAIL","","INDIVIDUAL"
"1314","63025","45fc011f-f48b-5c43-9c64-bca5869d7a5d","LEGACY-63025-1314-C205CEC4","","RETAIL","","INDIVIDUAL"
"1315","31263","ab34829d-94ed-5d95-99e6-7001548d09d6","LEGACY-31263-1315-834962A0","","RETAIL","","INDIVIDUAL"
"1316","72700","814e0a37-6499-50c7-8d52-1b40e57bcfc5","LEGACY-72700-1316-34975469","","RETAIL","","INDIVIDUAL"
"1317","36487","85ca90fe-ebbd-5fd6-bb17-17a29a18558d","LEGACY-36487-1317-44DC4350","","RETAIL","","INDIVIDUAL"
"1318","14128","f323f67e-610e-5740-9c03-7cd2a228c6e2","LEGACY-14128-1318-BF99DBDB","","RETAIL","","INDIVIDUAL"
"1319","62334","be3e661b-4d8f-53db-83e8-1e7d475ee80f","LEGACY-62334-1319-AD450DE9","","RETAIL","","INDIVIDUAL"
"1321","80252","7226a0f1-22ae-56cc-a778-8d5e44e406b7","LEGACY-80252-1321-04C64958","","RETAIL","","INDIVIDUAL"
"1322","21248","20eaff36-76b6-5ed2-997a-96962c659056","LEGACY-21248-1322-6F6B6579","","RETAIL","","INDIVIDUAL"
"1323","96432","154b469c-f88e-55d3-8654-7e62a9d2c8ae","LEGACY-96432-1323-763512C4","","RETAIL","","INDIVIDUAL"
"1324","78082","756e39b9-20c4-59db-96ac-ee0c07f8ec8a","LEGACY-78082-1324-86D38AA7","","RETAIL","","INDIVIDUAL"
"1325","32940","968faa46-1515-5527-83dc-4a24ed7f1c7c","LEGACY-32940-1325-70919571","","RETAIL","","INDIVIDUAL"
"1328","37915","432bb30b-bae7-5316-b39b-0445f2a646ef","LEGACY-37915-1328-B6F72743","","RETAIL","","INDIVIDUAL"
"1329","16036","01f0bbb3-2095-5189-bd36-63d2804f12e4","LEGACY-16036-1329-DD392E0C","","RETAIL","","INDIVIDUAL"
"1330","63319","0f3abb73-3853-500b-b869-1e679cf46a0a","LEGACY-63319-1330-A3061B2B","","RETAIL","","INDIVIDUAL"
"1331","16064","e41a2a65-e2c5-506f-a02e-06672f98403d","LEGACY-16064-1331-17A1311D","","RETAIL","","INDIVIDUAL"
"1332","98524","96c1c36a-77de-519c-bda1-7c673aaf2a37","LEGACY-98524-1332-ABF0CBA6","","RETAIL","","INDIVIDUAL"
"1333","29342","808aea7f-377e-5083-9e97-402daeed95be","LEGACY-29342-1333-C8D570C4","","RETAIL","","INDIVIDUAL"
"1334","71736","99a6a3c4-91dd-58a0-abf7-d04e6b402dbb","LEGACY-71736-1334-1A083470","","RETAIL","","INDIVIDUAL"
"1335","44520","cd333f20-3f8f-5a45-9f4b-787265ee86cb","LEGACY-44520-1335-D448CD2E","","RETAIL","","INDIVIDUAL"
"1336","52729","bb63a2bd-271b-5f0f-88af-c9bc12c8a58b","LEGACY-52729-1336-6B87094E","","RETAIL","","INDIVIDUAL"
"1337","36092","292a831b-ea9b-54a9-acd7-1ae0418ee643","LEGACY-36092-1337-65F7A7FD","","RETAIL","","INDIVIDUAL"
"1338","40284","985f55d5-b452-55af-877e-62bb07fbb02c","LEGACY-40284-1338-84B5AB95","","RETAIL","","INDIVIDUAL"
"1339","11842","313f49f3-699e-5372-b092-9d8b3fb5a817","LEGACY-11842-1339-07D46AAD","","RETAIL","","INDIVIDUAL"
"1340","18244","c44b317c-0432-5a10-addf-c7fbbddc5548","LEGACY-18244-1340-686BE765","","RETAIL","","INDIVIDUAL"
"1343","35924","442e702b-0d5c-5cdd-bca4-4ca87864a201","LEGACY-35924-1343-7F0B6B28","","RETAIL","","INDIVIDUAL"
"1345","41436","d812fdeb-886f-586b-ad8b-bfce784daa5c","LEGACY-41436-1345-2B2BBF83","","RETAIL","","INDIVIDUAL"
"1346","83318","ab50e049-daa4-5442-a631-c5ee477a1400","LEGACY-83318-1346-E24A98F1","","RETAIL","","INDIVIDUAL"
"1347","30986","9db9559e-0e13-50fa-b736-42312dafa803","LEGACY-30986-1347-EC1D9DA1","","RETAIL","","INDIVIDUAL"
"1348","74458","86891ecf-fd09-5036-bf4f-83c7c2c4820b","LEGACY-74458-1348-5F89AF04","","RETAIL","","INDIVIDUAL"
"1349","46389","7ca24e4a-ad44-55af-8b25-a10f28c926ba","LEGACY-46389-1349-C0206B4D","","RETAIL","","INDIVIDUAL"
"1350","85436","f79047c9-10b8-576f-bb3e-a255f9e7bf84","LEGACY-85436-1350-0956C63F","","RETAIL","","INDIVIDUAL"
"1351","28301","127344dc-525a-5d20-929a-5db6280807ec","LEGACY-28301-1351-313E5A1F","","RETAIL","","INDIVIDUAL"
"1353","28869","04aad77c-38d0-5077-9c96-acef6e21deed","LEGACY-28869-1353-37138EFB","","RETAIL","","INDIVIDUAL"
"1354","56524","e6cd1268-1c17-55a2-ab3e-ded2e1d52fd2","LEGACY-56524-1354-CDF46BD4","","RETAIL","","INDIVIDUAL"
"1355","79329","eec0a862-8722-5b22-99e6-1dd112cb44f7","LEGACY-79329-1355-C594C73F","","RETAIL","","INDIVIDUAL"
"1356","26382","78b18c3a-25b8-5daa-85e8-af68e59dd30a","LEGACY-26382-1356-2F286C75","","RETAIL","","INDIVIDUAL"
"1357","57728","f84d233d-ded1-5470-914d-5aa351c3019c","LEGACY-57728-1357-AB2452E7","","RETAIL","","INDIVIDUAL"
"1358","75426","317cf777-708e-586d-b1b4-6118c17a3415","LEGACY-75426-1358-7DF49D27","","RETAIL","","INDIVIDUAL"
"1359","39276","d20f33e2-7c5b-5bbb-b7ca-167608bc5f19","LEGACY-39276-1359-002F76FB","","RETAIL","","INDIVIDUAL"
"1360","92907","58e93867-654b-59cf-866d-2cc53422c323","LEGACY-92907-1360-C2C24B23","","RETAIL","","INDIVIDUAL"
"1361","80447","913e8a8a-0205-5c11-9a81-ffd03ae19cdf","LEGACY-80447-1361-DB0E7808","","RETAIL","","INDIVIDUAL"
"1364","52979","f1cdda92-3620-56f6-bc4d-d3dc68be821b","LEGACY-52979-1364-F901917C","","RETAIL","","INDIVIDUAL"
"1366","10517","0f87a908-926d-5e7e-90a5-1421fce6f9e4","LEGACY-10517-1366-F32B8C8C","","RETAIL","","INDIVIDUAL"
"1367","89887","59a59edf-edf5-5d91-ae1d-372ffb7b2778","LEGACY-89887-1367-C3EF86E1","","RETAIL","","INDIVIDUAL"
"1368","56304","bb2a563b-0da5-537e-9a95-a9c01536fa8f","LEGACY-56304-1368-795AA6DB","","RETAIL","","INDIVIDUAL"
"1369","21376","499c50f0-3182-51f8-8595-f36544e7cf48","LEGACY-21376-1369-2B93FE44","","RETAIL","","INDIVIDUAL"
"1372","50679","dc2f1bba-85cd-56b5-94ef-1c54d0dce6c7","LEGACY-50679-1372-0A3439E2","","RETAIL","","INDIVIDUAL"
"1373","14745","bec8057d-ec06-5819-abf5-7eb77a8f70ff","LEGACY-14745-1373-6A598222","","RETAIL","","INDIVIDUAL"
"1374","72242","aa85598e-2050-527d-9ae5-97b32e49e792","LEGACY-72242-1374-51C1672E","","RETAIL","","INDIVIDUAL"
"1375","48398","9450ccbf-7f36-5935-b99b-89fd9707656f","LEGACY-48398-1375-B7EF8BE8","","RETAIL","","INDIVIDUAL"
"1376","13640","7917e8d2-a07e-5f0a-9d3d-11633e6fe9c8","LEGACY-13640-1376-0DA99A3F","","RETAIL","","INDIVIDUAL"
"1377","72631","5eec67b7-70ed-5579-ad48-8c2aefea408d","LEGACY-72631-1377-BC1EB7E8","","RETAIL","","INDIVIDUAL"
"1378","82596","6e27ce7c-86db-5911-b631-33c568948a82","LEGACY-82596-1378-770EBABF","","RETAIL","","INDIVIDUAL"
"1379","14313","56b7b76f-51bc-59c2-9767-6d8660bfa4bd","LEGACY-14313-1379-E8A1D73B","","RETAIL","","INDIVIDUAL"
"1380","64277","5523e00a-5ac4-500f-8d60-0fdf3d96f505","LEGACY-64277-1380-DDB32F0C","","RETAIL","","INDIVIDUAL"
"1381","55039","66547e10-e984-5612-85b3-27c99b811a24","LEGACY-55039-1381-27EA8868","","RETAIL","","INDIVIDUAL"
"1384","33196","51fbfc19-ce0c-5466-ad78-53bfe36600be","LEGACY-33196-1384-EA436AA1","","RETAIL","","INDIVIDUAL"
"1386","34658","f12a2789-06e2-5dd9-b0f8-230d28c040eb","LEGACY-34658-1386-8671EEFF","","RETAIL","","INDIVIDUAL"
"1387","51127","bb398679-c052-5363-85fc-5a322e4e69be","LEGACY-51127-1387-0DA0C1E0","","RETAIL","","INDIVIDUAL"
"1388","35793","37fac86f-4bba-52cc-be2b-926eb8229fed","LEGACY-35793-1388-7DEF83B5","","RETAIL","","INDIVIDUAL"
"1390","79009","f2acbe4c-b9b8-53a3-884e-1d37c1237aa9","LEGACY-79009-1390-387287C4","","RETAIL","","INDIVIDUAL"
"1392","23474","b2b0886d-27df-5dc2-96cd-c3b748c7e160","LEGACY-23474-1392-4C0D274D","","RETAIL","","INDIVIDUAL"
"1393","21254","1a4e6c26-4721-5e6c-bc69-0dbaff4b29d3","LEGACY-21254-1393-273D2A81","","RETAIL","","INDIVIDUAL"
"1394","26372","45dc8135-f941-53e0-bff3-ed474e5e2afe","LEGACY-26372-1394-9ABDFBE7","","RETAIL","","INDIVIDUAL"
"1396","87880","a7b53088-4326-5847-9f22-9e19e3e4b72f","LEGACY-87880-1396-318E87FD","","RETAIL","","INDIVIDUAL"
"1397","42378","16bea167-52f3-55b9-bf8e-4daa05f30725","LEGACY-42378-1397-C2671CD3","","RETAIL","","INDIVIDUAL"
"1398","80385","19d4e1af-dd90-5c20-b02b-4abf33068e53","LEGACY-80385-1398-C3FEBFDB","","RETAIL","","INDIVIDUAL"
"1399","23812","4365e2d5-2ecd-51dd-9f64-7d1672a63a14","LEGACY-23812-1399-9CD0CEB4","","RETAIL","","INDIVIDUAL"
"1401","72146","b7593851-59c0-5528-aae7-b8d713d09172","LEGACY-72146-1401-1F1473A0","","RETAIL","","INDIVIDUAL"
"1402","67351","4d0ee1b0-688a-52d8-9863-29d1f889d50e","LEGACY-67351-1402-3ED2E139","","RETAIL","","INDIVIDUAL"
"1403","95462","2f5324ad-308c-5678-8dbf-4b1a92b42313","LEGACY-95462-1403-C57F9811","","RETAIL","","INDIVIDUAL"
"1404","10029","6c4dfe9c-1e89-5332-bf29-9096415dbcae","LEGACY-10029-1404-BB069343","","RETAIL","","INDIVIDUAL"
"1406","29581","81e79a00-a3fd-5868-903c-d04b487533a6","LEGACY-29581-1406-72E4D299","","RETAIL","","INDIVIDUAL"
"1407","94361","ff7223a6-c97b-5ea5-9f4c-b10df1d32f54","LEGACY-94361-1407-628F4047","","RETAIL","","INDIVIDUAL"
"1409","14119","87f64f74-748a-5e45-b0a6-83a740d44b0d","LEGACY-14119-1409-E41D170A","","RETAIL","","INDIVIDUAL"
"1410","76621","74133abb-b0dc-5482-8963-cd85c9aebedc","LEGACY-76621-1410-87A60350","","RETAIL","","INDIVIDUAL"
"1411","12788","edfe28fb-a980-5a7a-84a4-a0d1462ff8dc","LEGACY-12788-1411-C407E6D2","","RETAIL","","INDIVIDUAL"
"1412","15169","5783c693-b215-5aa2-9ff5-e622924930d9","LEGACY-15169-1412-6EB04298","","RETAIL","","INDIVIDUAL"
"1413","65370","ec32bbfa-4fb9-50fc-806c-21a40500a917","LEGACY-65370-1413-8FD73473","","RETAIL","","INDIVIDUAL"
"1414","66287","5b3be6f8-baba-59b8-9ada-303861a8e2b8","LEGACY-66287-1414-A29FB3FB","","RETAIL","","INDIVIDUAL"
"1415","43985","f76287ac-2c14-5537-86e0-87bd4c653352","LEGACY-43985-1415-073EEF13","","RETAIL","","INDIVIDUAL"
"1416","71277","ea8c2d91-765f-5011-8b02-b69548d12191","LEGACY-71277-1416-AF1F13C3","","RETAIL","","INDIVIDUAL"
"1417","82229","97ea8a6e-b689-5503-97c8-daed98b21c01","LEGACY-82229-1417-ED9356AF","","RETAIL","","INDIVIDUAL"
"1419","16835","2abe68bb-282b-5f5e-badb-78d63c4ae9f3","LEGACY-16835-1419-E0618EFF","","RETAIL","","INDIVIDUAL"
"1420","93598","d781569a-ceea-546f-83d3-741d5420d645","LEGACY-93598-1420-F06B1EE3","","RETAIL","","INDIVIDUAL"
"1422","16428","3f46243b-35bf-5380-af00-150a95ab59d3","LEGACY-16428-1422-147274F2","","RETAIL","","INDIVIDUAL"
"1424","70246","ec0ac816-1dbf-56f0-bb9b-9f32179d4d3a","LEGACY-70246-1424-171200DD","","RETAIL","","INDIVIDUAL"
"1425","57811","d09670d6-a5a1-52b1-a242-abefcd9c7208","LEGACY-57811-1425-67D29050","","RETAIL","","INDIVIDUAL"
"1426","47448","4d64b88a-b0f2-5ff9-9b23-0aabe58ff4fc","LEGACY-47448-1426-23EE4C53","","RETAIL","","INDIVIDUAL"
"1427","23016","e575aab0-1f26-5c86-8516-95d57f87865e","LEGACY-23016-1427-E162B901","","RETAIL","","INDIVIDUAL"
"1428","46338","7615a5ae-3b0f-592c-9cd7-e682a0cd2771","LEGACY-46338-1428-8FFF89EA","","RETAIL","","INDIVIDUAL"
"1429","33272","c94758af-aa6d-55ad-82e1-344923b65097","LEGACY-33272-1429-28211389","","RETAIL","","INDIVIDUAL"
"1430","21156","7378df9e-ff52-5268-a037-86297018966a","LEGACY-21156-1430-B0A73732","","RETAIL","","INDIVIDUAL"
"1431","91767","cf1665ef-d93e-5523-ba65-64ce8a876f3e","LEGACY-91767-1431-A910E7A3","","RETAIL","","INDIVIDUAL"
"1432","27915","9d537281-656d-5f54-b8c4-ff7cf99c31d8","LEGACY-27915-1432-9494FDEB","","RETAIL","","INDIVIDUAL"
"1434","73619","8087098a-ede5-5b45-b0da-e3bd59cb2fdb","LEGACY-73619-1434-C54009BD","","RETAIL","","INDIVIDUAL"
"1435","52821","5191d2a9-223e-517f-a6b2-de9f3ee257e4","LEGACY-52821-1435-F636E42B","","RETAIL","","INDIVIDUAL"
"1436","56395","df92654f-892a-5de8-82f2-d59a99279b63","LEGACY-56395-1436-AB3A20E4","","RETAIL","","INDIVIDUAL"
"1437","18313","4814f359-2fbc-5781-9f18-744abe835e4d","LEGACY-18313-1437-C4B52BA0","","RETAIL","","INDIVIDUAL"
"1439","87445","639776f0-3e5e-5a60-8aca-482ed4ab7afb","LEGACY-87445-1439-9BF16EB3","","RETAIL","","INDIVIDUAL"
"1440","16945","78955783-b3e1-53a1-bcc7-931819406120","LEGACY-16945-1440-C182FA0D","","RETAIL","","INDIVIDUAL"
"1441","44317","d57edc5f-a9fd-5967-a10f-d0cf42b3f7da","LEGACY-44317-1441-48F0516B","","RETAIL","","INDIVIDUAL"
"1442","32259","e5ec3e6d-49c5-5e4d-ae07-04241d361384","LEGACY-32259-1442-7A20C741","","RETAIL","","INDIVIDUAL"
"1443","95533","81b9aa38-5f33-5195-9f9a-0f54d5482c7b","LEGACY-95533-1443-231AEAA2","","RETAIL","","INDIVIDUAL"
"1444","42303","39660d97-e5ca-54f7-bdc8-77c457e9c116","LEGACY-42303-1444-CF02D29D","","RETAIL","","INDIVIDUAL"
"1447","67257","f622e9d4-25aa-50a4-9732-d3dbe1e2c1cc","LEGACY-67257-1447-A5B1CEA9","","RETAIL","","INDIVIDUAL"
"1448","74428","f2ec36b3-6645-5dee-9bcd-e2dec8ddddda","LEGACY-74428-1448-616E70D9","","RETAIL","","INDIVIDUAL"
"1449","18082","27bb4f5d-16fa-5411-93eb-4f83f23cd453","LEGACY-18082-1449-7DDAE5CA","","RETAIL","","INDIVIDUAL"
"1450","21003","7ba5b180-0465-5070-93a0-8981e17c7e27","LEGACY-21003-1450-12167F68","","RETAIL","","INDIVIDUAL"
"1451","40202","98afdffa-715f-5d21-9d60-f1baecc1bfb8","LEGACY-40202-1451-A101745D","","RETAIL","","INDIVIDUAL"
"1453","50678","9a73df19-5b4e-596d-895c-cf8d40a23809","LEGACY-50678-1453-659D812C","","RETAIL","","INDIVIDUAL"
"1454","30442","81d3a78c-bb88-56c4-991d-a1e6a8206222","LEGACY-30442-1454-7A1F0EB5","","RETAIL","","INDIVIDUAL"
"1455","92659","f12bb60b-cc0b-525d-bd74-0e0002875678","LEGACY-92659-1455-01CD3CD6","","RETAIL","","INDIVIDUAL"
"1457","37204","3b2d8e24-2244-586f-a8e3-88f83d736f5f","LEGACY-37204-1457-5C93A9F4","","RETAIL","","INDIVIDUAL"
"1458","48007","4a9094cd-7b21-5f6c-a4e6-3f3e83c827d6","LEGACY-48007-1458-A6E35D7A","","RETAIL","","INDIVIDUAL"
"1460","80072","3c799b17-05ba-5574-9138-45202cc574ac","LEGACY-80072-1460-9905C20F","","RETAIL","","INDIVIDUAL"
"1461","60986","7b196e84-913d-5118-a9ef-1cce58176b02","LEGACY-60986-1461-0A7D5097","","RETAIL","","INDIVIDUAL"
"1462","21704","dda69815-8d90-5496-a294-9586c0fbe419","LEGACY-21704-1462-3DCBE1A0","","RETAIL","","INDIVIDUAL"
"1463","70415","5136003e-d91c-5c84-88fb-df14f1a27b86","LEGACY-70415-1463-C882CBAE","","RETAIL","","INDIVIDUAL"
"1464","87847","9c6fd9a2-3744-5cfd-8798-42834cca1a11","LEGACY-87847-1464-E79C240A","","RETAIL","","INDIVIDUAL"
"1466","48459","bccd49f9-c371-556d-b0f1-479f8767350a","LEGACY-48459-1466-2567C855","","RETAIL","","INDIVIDUAL"
"1467","75176","fd196032-d40b-59eb-8c10-f93906aa4cbf","LEGACY-75176-1467-7DB7AFC1","","RETAIL","","INDIVIDUAL"
"1468","28836","87e3d40f-65f2-5c74-afaf-8bbbcf7952a1","LEGACY-28836-1468-9C5EA21D","","RETAIL","","INDIVIDUAL"
"1469","74498","c04c6124-01d8-595c-a85c-dab85edf4c04","LEGACY-74498-1469-5359ECDD","","RETAIL","","INDIVIDUAL"
"1471","47589","334fb7dd-3e1e-55db-8356-c6e1ec7f6bd5","LEGACY-47589-1471-8271FC90","","RETAIL","","INDIVIDUAL"
"1472","61702","28b34665-c29e-564e-a910-cedfa02d56d6","LEGACY-61702-1472-71D362B9","","RETAIL","","INDIVIDUAL"
"1473","27624","039d0948-bd90-5068-b570-462b6a2adfeb","LEGACY-27624-1473-975C847F","","RETAIL","","INDIVIDUAL"
"1474","80332","7e5cdd29-acb8-5369-85b7-6f071599fbea","LEGACY-80332-1474-F3830D51","","RETAIL","","INDIVIDUAL"
"1475","60761","e24da068-937e-5647-9538-5c32bda852a7","LEGACY-60761-1475-47970138","","RETAIL","","INDIVIDUAL"
"1476","62633","cfe20283-31e9-516a-9393-23d2b781a05b","LEGACY-62633-1476-3968784E","","RETAIL","","INDIVIDUAL"
"1477","42026","a34b276e-de32-58cd-8fa3-01d44f3f9032","LEGACY-42026-1477-3E4E0D2E","","RETAIL","","INDIVIDUAL"
"1479","77847","c59e41c5-9ef1-5b07-94bf-5e8c1b975f70","LEGACY-77847-1479-63972196","","RETAIL","","INDIVIDUAL"
"1480","61326","b5310135-8a94-597e-8833-00400fe96171","LEGACY-61326-1480-E67061AE","","RETAIL","","INDIVIDUAL"
"1482","70462","1d6abe66-9130-546f-9886-eb522464688e","LEGACY-70462-1482-D6CA1A3B","","RETAIL","","INDIVIDUAL"
"1483","81857","340e077e-7a44-5a92-9839-d8aa9316157f","LEGACY-81857-1483-B61CE6ED","","RETAIL","","INDIVIDUAL"
"1484","13265","bef2b48d-682a-5191-a06e-01fc15043aeb","LEGACY-13265-1484-1A654AA2","","RETAIL","","INDIVIDUAL"
"1486","35234","d014ac54-9c34-5e96-a3c4-4800bff9ac54","LEGACY-35234-1486-AE59B806","","RETAIL","","INDIVIDUAL"
"1487","57639","0b2751ea-928b-5542-a7fe-cc03c1464daf","LEGACY-57639-1487-E212D451","","RETAIL","","INDIVIDUAL"
"1488","52347","659b4625-2d8d-533a-b781-ebf1976dd211","LEGACY-52347-1488-115EE5AE","","RETAIL","","INDIVIDUAL"
"1489","45841","a69ad939-2a76-5cf9-a101-10b1b6983791","LEGACY-45841-1489-51ED9A35","","RETAIL","","INDIVIDUAL"
"1492","53952","483c2189-73f7-5882-9c0a-a94eb20a46de","LEGACY-53952-1492-07C04C51","","RETAIL","","INDIVIDUAL"
"1495","83191","0d756aee-d4a5-50d3-a04d-5d5a4d17bbff","LEGACY-83191-1495-466419F4","","RETAIL","","INDIVIDUAL"
"1496","89055","f22a2011-9c51-55f7-81e6-5ba8c5550170","LEGACY-89055-1496-140BECC5","","RETAIL","","INDIVIDUAL"
"1497","91748","01c98a5f-7771-53f2-b5c7-9263c5cabf54","LEGACY-91748-1497-3942C5B8","","RETAIL","","INDIVIDUAL"
"1499","16491","46237b34-fe21-57c7-ba32-4d00d0879102","LEGACY-16491-1499-BB07D89A","","RETAIL","","INDIVIDUAL"
"1500","59927","acf3f704-c87d-5088-a289-cc6a1299339e","LEGACY-59927-1500-E6D3AB9F","","RETAIL","","INDIVIDUAL"
"1501","34717","a2765c80-57b4-5149-8fc8-eae4883bc8f9","LEGACY-34717-1501-7E902249","","RETAIL","","INDIVIDUAL"
"1503","36227","49a0b3b7-3402-5068-87c2-42e0301dffd9","LEGACY-36227-1503-CC51937B","","RETAIL","","INDIVIDUAL"
"1504","65367","5f928fb4-9b92-5b0a-81c3-b58cba10eca8","LEGACY-65367-1504-354E0FEB","","RETAIL","","INDIVIDUAL"
"1505","53708","a5129406-57df-5755-8e4b-6038c38145ec","LEGACY-53708-1505-E7AA4ED2","","RETAIL","","INDIVIDUAL"
"1506","77917","046c3f8c-0167-5346-9da5-c9b02d01aff4","LEGACY-77917-1506-B33E077F","","RETAIL","","INDIVIDUAL"
"1507","82591","328af69c-4a7e-534a-8037-49240bf6bb30","LEGACY-82591-1507-63A4539A","","RETAIL","","INDIVIDUAL"
"1508","62107","547570fb-0a79-5822-a7bd-46064af0596c","LEGACY-62107-1508-635A3F53","","RETAIL","","INDIVIDUAL"
"1509","37825","b7b5e0b3-3498-50df-b762-ce3b0fa244db","LEGACY-37825-1509-3D3E0E89","","RETAIL","","INDIVIDUAL"
"1510","68074","b76000c0-ccc8-59c3-8417-518ff1cae5c6","LEGACY-68074-1510-0972C299","","RETAIL","","INDIVIDUAL"
"1512","31248","1ddc29a2-8f8f-5ebb-8bde-dbd292e5c4c4","LEGACY-31248-1512-C56E771E","","RETAIL","","INDIVIDUAL"
"1513","35550","097231cd-e14d-5a60-9641-45310bc9127d","LEGACY-35550-1513-81043E82","","RETAIL","","INDIVIDUAL"
"1514","51524","df55b96f-e288-5a85-8f43-a69020829fab","LEGACY-51524-1514-013AC4F4","","RETAIL","","INDIVIDUAL"
"1515","76886","217beb5d-4345-5c0a-a3ee-619f0b77ff01","LEGACY-76886-1515-91781C67","","RETAIL","","INDIVIDUAL"
"1517","41547","bcd27213-e69f-53c2-9a72-7eb154299430","LEGACY-41547-1517-A55D20A9","","RETAIL","","INDIVIDUAL"
"1518","46634","17fc065f-78c5-53aa-a395-3475d7944dc2","LEGACY-46634-1518-68D5043C","","RETAIL","","INDIVIDUAL"
"1519","10075","8d4a90b6-dfa3-56aa-bafe-1f77d2c7be5b","LEGACY-10075-1519-582D5C12","","RETAIL","","INDIVIDUAL"
"1520","30972","72902c42-254e-5500-8dc6-e8986f74f9d0","LEGACY-30972-1520-CFD41CAC","","RETAIL","","INDIVIDUAL"
"1521","17756","59c2695b-ca9e-5b20-8205-f404f049b39f","LEGACY-17756-1521-1C572253","","RETAIL","","INDIVIDUAL"
"1522","11056","a3406ee2-2987-532f-b8a8-890f33e85a39","LEGACY-11056-1522-4E981E37","","RETAIL","","INDIVIDUAL"
"1523","53770","af6a47df-6116-5b5b-8cd3-bf4c7bebf379","LEGACY-53770-1523-BA338476","","RETAIL","","INDIVIDUAL"
"1524","13695","5e482f11-0516-54a7-b568-d7352a3c3411","LEGACY-13695-1524-F373664F","","RETAIL","","INDIVIDUAL"
"1525","54725","28d8a414-33ff-5e2a-91eb-dbe5b58e4c93","LEGACY-54725-1525-D82E4B09","","RETAIL","","INDIVIDUAL"
"1526","79355","cf231e05-a05d-5ecb-adff-10c66cf91f35","LEGACY-79355-1526-385B13EE","","RETAIL","","INDIVIDUAL"
"1527","77771","18f09362-1aa8-510a-9664-8ca90d305b2e","LEGACY-77771-1527-B0945335","","RETAIL","","INDIVIDUAL"
"1528","25234","ead30859-01d9-5b62-8d3e-d4fd5bc998c8","LEGACY-25234-1528-E163FD49","","RETAIL","","INDIVIDUAL"
"1529","33590","26685a78-8e93-5603-b27d-afa750c27e0b","LEGACY-33590-1529-A0403BC0","","RETAIL","","INDIVIDUAL"
"1530","77883","1be1adcb-06e1-5cd7-b146-7412d5d2e27b","LEGACY-77883-1530-12A90E14","","RETAIL","","INDIVIDUAL"
"1531","88522","e69de9f3-0200-501f-9d64-e0b905d2e87d","LEGACY-88522-1531-2F70C2D5","","RETAIL","","INDIVIDUAL"
"1532","58966","f6b58c59-e57f-5c09-bbb8-035ba266ebe4","LEGACY-58966-1532-38725F12","","RETAIL","","INDIVIDUAL"
"1533","99053","18bed651-d37a-5820-b143-640fabb6b120","LEGACY-99053-1533-E0CC6C06","","RETAIL","","INDIVIDUAL"
"1534","36780","c2b3467d-03fe-5df2-a0f9-e6fa48c0532c","LEGACY-36780-1534-5F1008A5","","RETAIL","","INDIVIDUAL"
"1535","89569","46e5770e-dfc8-5e00-b8e1-47180c62f2ef","LEGACY-89569-1535-1C552951","","RETAIL","","INDIVIDUAL"
"1536","57353","8734d937-1d11-58c3-bcb8-817bc9b90816","LEGACY-57353-1536-7FCE9490","","RETAIL","","INDIVIDUAL"
"1537","64112","22191531-3069-5b96-91f8-5bf234490ff1","LEGACY-64112-1537-65E9CAD0","","RETAIL","","INDIVIDUAL"
"1538","83899","b9930473-9e69-58b5-9f4f-8a5dae946153","LEGACY-83899-1538-CEA3BBEA","","RETAIL","","INDIVIDUAL"
"1539","85521","e55e7b2f-7ee2-5032-ae32-77c919759aa7","LEGACY-85521-1539-41BB4AB5","","RETAIL","","INDIVIDUAL"
"1540","98097","3b9a8fbc-db87-585a-b40c-95827eafe8e2","LEGACY-98097-1540-19DBEFCB","","RETAIL","","INDIVIDUAL"
"1541","96581","04e43a31-d459-5807-ade6-615d191bd871","LEGACY-96581-1541-8AC2F319","","RETAIL","","INDIVIDUAL"
"1542","99961","450497bf-38e1-5375-8c07-38c71e8bf1c3","LEGACY-99961-1542-68E59D4D","","RETAIL","","INDIVIDUAL"
"1543","92721","70cfe6a3-1536-5f6a-a2cf-69838aeab18b","LEGACY-92721-1543-2CE10A40","","RETAIL","","INDIVIDUAL"
"1544","70804","2e77d5de-5643-5f80-8049-40191ab5983f","LEGACY-70804-1544-60CC41B8","","RETAIL","","INDIVIDUAL"
"1545","41884","0bf5e77a-2ec2-5432-b824-a5eee3554bac","LEGACY-41884-1545-400C9D5C","","RETAIL","","INDIVIDUAL"
"1546","10649","73ee02a3-71fb-5ba3-be93-c73937f8e6d6","LEGACY-10649-1546-27CEB96B","","RETAIL","","INDIVIDUAL"
"1547","62323","c3294ea7-7932-55e0-bede-b2fb10315f22","LEGACY-62323-1547-5952D101","","RETAIL","","INDIVIDUAL"
"1548","63874","4818271a-e75d-5407-a3ae-4595b5bf1057","LEGACY-63874-1548-FFFE9F0F","","RETAIL","","INDIVIDUAL"
"1549","28000","95df87a8-9591-58f0-8ea7-4af25c17d0f9","LEGACY-28000-1549-5C59E894","","RETAIL","","INDIVIDUAL"
"1550","41896","214af542-c715-5d32-9e4d-d816790ba4ab","LEGACY-41896-1550-330B5E52","","RETAIL","","INDIVIDUAL"
"1551","25168","290b05c5-d366-51b8-9d01-a5fcc1de1ac6","LEGACY-25168-1551-75DCFE1B","","RETAIL","","INDIVIDUAL"
"1552","55915","4164380a-56e3-5d39-aaa3-b421bcf88eb4","LEGACY-55915-1552-B6689123","","RETAIL","","INDIVIDUAL"
"1553","35150","031f6054-cfff-5be9-a53c-e6312998d644","LEGACY-35150-1553-CD669571","","RETAIL","","INDIVIDUAL"
"1554","17696","396f9e93-afdd-5ca4-bc08-9ff9e8ba9660","LEGACY-17696-1554-8BE438FA","","RETAIL","","INDIVIDUAL"
"1555","65938","58faefff-a394-50fc-8462-fa9314dd57b0","LEGACY-65938-1555-F0329298","","RETAIL","","INDIVIDUAL"
"1556","87566","786a21bd-6cd7-50a7-8934-e6f536e0df72","LEGACY-87566-1556-7A640100","","RETAIL","","INDIVIDUAL"
"1557","90126","feeae9ec-d30a-5a32-8af0-a4555007cef9","LEGACY-90126-1557-8956DD35","","RETAIL","","INDIVIDUAL"
"1559","22427","ff2d2426-02f5-5c28-b89d-e85cfbfd5764","LEGACY-22427-1559-C74CEDDF","","RETAIL","","INDIVIDUAL"
"1560","12208","d8b62353-c9c8-59bf-9652-803c37e726bc","LEGACY-12208-1560-AAEED5E6","","RETAIL","","INDIVIDUAL"
"1561","58651","e6232fcf-0e69-5183-ba3f-c85fdbc248a2","LEGACY-58651-1561-BFFA5EC2","","RETAIL","","INDIVIDUAL"
"1562","13803","86f722c6-26be-5a23-8ad2-69f4b8b3dc81","LEGACY-13803-1562-6AFA5B30","","RETAIL","","INDIVIDUAL"
"1563","40934","90e1b20b-cd8f-5b0f-8180-9a46d6921ce6","LEGACY-40934-1563-3208F247","","RETAIL","","INDIVIDUAL"
"1564","74204","cc28533a-98fc-5c4a-ae79-935b28f95870","LEGACY-74204-1564-E1E5DE75","","RETAIL","","INDIVIDUAL"
"1565","32717","42523b0f-1b00-54c5-90e2-c3cc95798702","LEGACY-32717-1565-D4EDA43A","","RETAIL","","INDIVIDUAL"
"1566","94171","2b0be7fa-18d9-5398-a04f-9cf069c77ed1","LEGACY-94171-1566-664E0EC4","","RETAIL","","INDIVIDUAL"
"1567","28639","91ec3c92-8bb7-539d-89c2-b4743b7d7254","LEGACY-28639-1567-FFDC4C5B","","RETAIL","","INDIVIDUAL"
"1568","42277","a01bbf7d-a664-5d15-a00b-8775bf9e1158","LEGACY-42277-1568-DCCC5984","","RETAIL","","INDIVIDUAL"
"1569","34280","b4e635f3-993e-576f-ba8d-abff636b7795","LEGACY-34280-1569-CB8DC132","","RETAIL","","INDIVIDUAL"
"1570","99357","dfcd64a5-13a1-562c-b5ff-946a17ba99a8","LEGACY-99357-1570-4661728D","","RETAIL","","INDIVIDUAL"
"1571","69821","b3a13c97-049c-5384-b793-f3bd51eeb485","LEGACY-69821-1571-C33D1B26","","RETAIL","","INDIVIDUAL"
"1572","81865","d2438e01-8a71-50d6-acf5-081c09bd115a","LEGACY-81865-1572-A5C2488B","","RETAIL","","INDIVIDUAL"
"1573","37101","1307439d-1592-560e-892b-7412f8e4d591","LEGACY-37101-1573-E8877B36","","RETAIL","","INDIVIDUAL"
"1574","82787","bcafd9ce-3297-5488-a730-faed8deffa2d","LEGACY-82787-1574-F0C6EE5D","","RETAIL","","INDIVIDUAL"
"1575","76268","21e0ec25-98f0-566e-8367-017641604200","LEGACY-76268-1575-22821EE6","","RETAIL","","INDIVIDUAL"
"1576","10805","0c082f0d-bb0e-5aa8-85d6-ec4ff5491e9f","LEGACY-10805-1576-5B1E59B4","","RETAIL","","INDIVIDUAL"
"1577","62183","cac39af3-8421-53de-b8c9-6e654e0396e1","LEGACY-62183-1577-23FFB25E","","RETAIL","","INDIVIDUAL"
"1578","79795","b19787a0-bd22-5fa2-bee7-868a7da6697f","LEGACY-79795-1578-1CC538D8","","RETAIL","","INDIVIDUAL"
"1579","81632","c5a73f9a-6a17-509f-8d58-9de0251f91f9","LEGACY-81632-1579-5A045AEE","","RETAIL","","INDIVIDUAL"
"1580","81208","31e0d052-ce4f-557b-8f97-485728d2d1a0","LEGACY-81208-1580-1EBA7E35","","RETAIL","","INDIVIDUAL"
"1581","45516","b3ade51c-4f48-5ef6-a3a6-e5d32024121b","LEGACY-45516-1581-C6030999","","RETAIL","","INDIVIDUAL"
"1582","12782","a2d8a717-e088-5508-b127-e7a3fc304af5","LEGACY-12782-1582-656C25B1","","RETAIL","","INDIVIDUAL"
"1583","28033","7cf30f48-e5ab-5dc9-a62d-6db0354b50b6","LEGACY-28033-1583-2D586531","","RETAIL","","INDIVIDUAL"
"1584","76751","efd4d42d-a2a5-5342-947e-3f4952ec0677","LEGACY-76751-1584-17796E2A","","RETAIL","","INDIVIDUAL"
"1585","32017","a12e76be-9645-5d32-8d2f-4305011ce9ea","LEGACY-32017-1585-EBAACD51","","RETAIL","","INDIVIDUAL"
"1586","80894","8b6d9a80-bbb9-59e0-8178-fb2d5963c8a3","LEGACY-80894-1586-E6EA5A0F","","RETAIL","","INDIVIDUAL"
"1587","94144","82444950-b208-54c9-a6f6-06e4dea4e3ab","LEGACY-94144-1587-AA3B4E09","","RETAIL","","INDIVIDUAL"
"1588","15242","b46a353a-4976-5f85-91c7-482fa73dc9e3","LEGACY-15242-1588-484D5F0F","","RETAIL","","INDIVIDUAL"
"1589","43117","5458b724-eeb9-5971-956f-42c8c389bdec","LEGACY-43117-1589-B28980D0","","RETAIL","","INDIVIDUAL"
"1590","48364","cd2114b8-8649-5444-8547-ec64960be2c2","LEGACY-48364-1590-21A5FE38","","RETAIL","","INDIVIDUAL"
"1591","10235","85aa1640-1bf4-57dc-b691-bb02efd3b659","LEGACY-10235-1591-D4D7B483","","RETAIL","","INDIVIDUAL"
"1592","47388","3229bacb-adec-5ebb-a0b1-05fd09545b29","LEGACY-47388-1592-F6F6017E","","RETAIL","","INDIVIDUAL"
"1593","68586","9e07a7e4-c45b-590f-bdac-7233660ceb0e","LEGACY-68586-1593-DD498CF0","","RETAIL","","INDIVIDUAL"
"1594","30985","f28f4cb7-6d9e-526f-932f-cfb7551e78e2","LEGACY-30985-1594-804405FF","","RETAIL","","INDIVIDUAL"
"1595","46241","a68e7acd-b66b-5d9e-aef5-bbe14a1996a2","LEGACY-46241-1595-8B1249D2","","RETAIL","","INDIVIDUAL"
"1596","94227","b4b12847-9dc0-53ef-b6f8-2a667bbb7764","LEGACY-94227-1596-3F54CAC6","","RETAIL","","INDIVIDUAL"
"1597","83466","372e6036-378d-5c03-9271-96a8a75f636b","LEGACY-83466-1597-7AE48E7D","","RETAIL","","INDIVIDUAL"
"1598","51447","fcdbb2f7-0dd1-5b1f-85aa-a956c98787e3","LEGACY-51447-1598-EBCF119E","","RETAIL","","INDIVIDUAL"
"1599","61728","5e99e17d-0f2a-5ee5-8117-8b5e44d21130","LEGACY-61728-1599-43B16F25","","RETAIL","","INDIVIDUAL"
"1600","20735","90055193-f242-5b03-9094-b300364d4813","LEGACY-20735-1600-7F625FC9","","RETAIL","","INDIVIDUAL"
"1601","60364","bfebd0df-d96a-5aa9-8806-6a8b3bf14d1c","LEGACY-60364-1601-D02702B8","","RETAIL","","INDIVIDUAL"
"1602","93230","3d7b9f11-b8f9-595a-9d13-363892b99ef7","LEGACY-93230-1602-69A0A21D","","RETAIL","","INDIVIDUAL"
"1603","99571","6f7b6552-2d1d-505c-8cbc-5017d70f5fbe","LEGACY-99571-1603-A15D76F0","","RETAIL","","INDIVIDUAL"
"1604","23409","001b7b67-c6fc-57d5-a18c-da9b20d168a8","LEGACY-23409-1604-0D70BA47","","RETAIL","","INDIVIDUAL"
"1605","32592","9008bec9-288d-59ec-88e1-15a21726fc8f","LEGACY-32592-1605-D2CE63D2","","RETAIL","","INDIVIDUAL"
"1606","24064","8f2fa5d4-a68c-5993-887d-c9523fc95211","LEGACY-24064-1606-25BAA44C","","RETAIL","","INDIVIDUAL"
"1607","24871","0398a871-825f-583e-b2e5-21ee4d43883d","LEGACY-24871-1607-F57E6AA1","","RETAIL","","INDIVIDUAL"
"1608","16560","a2329237-9af6-5558-862a-d83501d31d99","LEGACY-16560-1608-8299B97A","","RETAIL","","INDIVIDUAL"
"1609","29891","d6162907-4e77-5803-85eb-4f2eba0fbd1f","LEGACY-29891-1609-FBF4ECF6","","RETAIL","","INDIVIDUAL"
"1610","88357","98718705-23e9-5670-bb6f-7b0b20badf6c","LEGACY-88357-1610-F3FD417C","","RETAIL","","INDIVIDUAL"
"1611","60197","8d26f496-bc12-5f3a-83d6-53fab60526e9","LEGACY-60197-1611-6D00308E","","RETAIL","","INDIVIDUAL"
"1612","53176","68c7b181-e20a-5143-8204-a89a0aef9603","LEGACY-53176-1612-382BD10D","","RETAIL","","INDIVIDUAL"
"1613","46052","bfd4cacd-fdb4-5fe9-ac7a-9fedf5e415fa","LEGACY-46052-1613-7A9A207F","","RETAIL","","INDIVIDUAL"
"1614","64656","359b24d6-c6af-53f4-9890-94be7755c1b9","LEGACY-64656-1614-5C5F6917","","RETAIL","","INDIVIDUAL"
"1615","36401","4c1eb1d9-03e0-5097-a30e-a0933af9ce3e","LEGACY-36401-1615-D2F87192","","RETAIL","","INDIVIDUAL"
"1616","10143","93010113-558b-5da7-924b-10d81aa1d118","LEGACY-10143-1616-DFDB094D","","RETAIL","","INDIVIDUAL"
"1617","75493","137119fb-c3f8-53df-8379-c327ebcc21d2","LEGACY-75493-1617-399AE5A9","","RETAIL","","INDIVIDUAL"
"1618","34671","0760952e-f286-55c8-86a5-ba367ce4338b","LEGACY-34671-1618-FA7767E3","","RETAIL","","INDIVIDUAL"
"1619","92720","3963a8dd-8f24-57b5-9187-c7f915adf0f4","LEGACY-92720-1619-68884B2A","","RETAIL","","INDIVIDUAL"
"1620","71525","c912976d-1c2a-506c-829c-c933984ef999","LEGACY-71525-1620-47B7EFB5","","RETAIL","","INDIVIDUAL"
"1621","13100","a7fe5f99-176f-518f-b87d-163d777fcc74","LEGACY-13100-1621-55E5C177","","RETAIL","","INDIVIDUAL"
"1622","72045","d9068ed3-a573-55b9-9f07-992d5b873f16","LEGACY-72045-1622-1C9F4D96","","RETAIL","","INDIVIDUAL"
"1623","69826","3b6121df-223a-5a4d-a613-1529bea0332f","LEGACY-69826-1623-89244A4E","","RETAIL","","INDIVIDUAL"
"1624","49316","701ee3ae-695d-5117-8dd4-b865999c8916","LEGACY-49316-1624-3F737539","","RETAIL","","INDIVIDUAL"
"1625","77684","dbeaec6c-d6c3-5495-bc0b-85fc853179d9","LEGACY-77684-1625-B329ECF8","","RETAIL","","INDIVIDUAL"
"1626","48445","cbbef30e-55d8-5a66-875d-c9b49ec6e9ad","LEGACY-48445-1626-D9A1C5FA","","RETAIL","","INDIVIDUAL"
"1627","98468","a4e7908e-c0fd-5e09-8287-d5329bb64c5e","LEGACY-98468-1627-B1A0DC22","","RETAIL","","INDIVIDUAL"
"1628","14423","0dff0d92-409b-52d6-ba93-9f5cc6c287cb","LEGACY-14423-1628-2A106D0B","","RETAIL","","INDIVIDUAL"
"1629","37637","fd970c13-bed2-5357-a11b-bba97af69912","LEGACY-37637-1629-7776D44E","","RETAIL","","INDIVIDUAL"
"1630","64724","8a464a44-ecec-559b-8c6a-bcd72946a812","LEGACY-64724-1630-1E609846","","RETAIL","","INDIVIDUAL"
"1631","71158","0e153937-682a-5dfe-bbea-1ed0e29a7f73","LEGACY-71158-1631-51BDAB46","","RETAIL","","INDIVIDUAL"
"1632","67946","7468043e-222d-5d41-86b3-bd8e87b68723","LEGACY-67946-1632-8E0A488C","","RETAIL","","INDIVIDUAL"
"1633","48899","d3b3cede-ffa7-5b7f-b892-9cd0da3159dd","LEGACY-48899-1633-51AC1112","","RETAIL","","INDIVIDUAL"
"1634","15911","5685d287-596a-5e73-8b1a-27ec2fcfe43e","LEGACY-15911-1634-692788B0","","RETAIL","","INDIVIDUAL"
"1635","6472","33cf87bd-14a7-59df-b257-bcb5e5bf08d4","LEGACY-6472-1635-A2737C02","","RETAIL","","INDIVIDUAL"
"1636","68028","ea1558d5-f64c-57ca-9c29-9ae0fe6f7130","LEGACY-68028-1636-A817BFD2","","RETAIL","","INDIVIDUAL"
"1637","42501","debd9bed-bb44-516a-80e5-919468d0400e","LEGACY-42501-1637-443231CD","","RETAIL","","INDIVIDUAL"
"1638","97423","8a113c84-5239-51a9-83d8-e20649038d04","LEGACY-97423-1638-96091356","","RETAIL","","INDIVIDUAL"
"1639","95196","962f3070-e7fb-5c9c-b403-dcffa5a705f1","LEGACY-95196-1639-35963576","","RETAIL","","INDIVIDUAL"
"1640","28897","c3e28845-c5e8-5ff2-ba83-afc1a61d09ef","LEGACY-28897-1640-0E269CD2","","RETAIL","","INDIVIDUAL"
"1641","32896","e166dc93-ffe2-565c-b7ef-1d67543dbe92","LEGACY-32896-1641-D8A8ECAA","","RETAIL","","INDIVIDUAL"
"1642","98766","b386462e-7622-5eb2-b6bd-55039804b788","LEGACY-98766-1642-EBD93013","","RETAIL","","INDIVIDUAL"
"1643","72330","f43d69ec-317c-5a7e-adc4-8b4e2673e687","LEGACY-72330-1643-818C9E0B","","RETAIL","","INDIVIDUAL"
"1644","60365","5e4fc7a4-6f7f-5d35-af89-cbfa4c8d14ca","LEGACY-60365-1644-E527F0F5","","RETAIL","","INDIVIDUAL"
"1645","29420","e9a35080-0643-543d-b70e-f46334691184","LEGACY-29420-1645-05675E3B","","RETAIL","","INDIVIDUAL"
"1646","37271","4c7a028c-eae3-50a5-a60a-212a93f47905","LEGACY-37271-1646-86CB48C2","","RETAIL","","INDIVIDUAL"
"1647","93402","4d120cf2-6c3d-5bd8-8fb9-3038b4cd35e0","LEGACY-93402-1647-7235E350","","RETAIL","","INDIVIDUAL"
"1648","91065","7d367574-e0f6-5587-8f1b-81dc44d03886","LEGACY-91065-1648-6A2C3D84","","RETAIL","","INDIVIDUAL"
"1649","48170","9b873644-1818-5cf6-8ba4-f46a7829d305","LEGACY-48170-1649-0C1018EA","","RETAIL","","INDIVIDUAL"
"1650","93336","2bdb5c35-80f7-5ae9-91ad-8d08454cfa11","LEGACY-93336-1650-F4562D24","","RETAIL","","INDIVIDUAL"
"1651","62902","46af3919-879f-508c-8966-25ce42950da8","LEGACY-62902-1651-44243EDE","","RETAIL","","INDIVIDUAL"
"1652","32979","b0c624df-d797-5945-b578-00ec5e7bf5b3","LEGACY-32979-1652-D7919033","","RETAIL","","INDIVIDUAL"
"1653","26224","93db69d9-d1ed-5de4-a987-80ce930cf3c3","LEGACY-26224-1653-520E99B8","","RETAIL","","INDIVIDUAL"
"1654","42498","4eee90d5-627c-5ed1-b06a-f3c307af4b46","LEGACY-42498-1654-F27D6FCB","","RETAIL","","INDIVIDUAL"
"1655","93156","fb8c1a7c-203c-5850-8d90-7d0261946950","LEGACY-93156-1655-B87A6F61","","RETAIL","","INDIVIDUAL"
"1656","46626","d2e7bd07-1f77-574b-9588-2b7ca50b8366","LEGACY-46626-1656-1D907E46","","RETAIL","","INDIVIDUAL"
"1657","63909","c02f9be2-40a7-5a19-a4a2-2501f96280d8","LEGACY-63909-1657-FE912E09","","RETAIL","","INDIVIDUAL"
"1658","16896","2a66c622-333b-5a51-855c-5412db71c2c7","LEGACY-16896-1658-84055763","","RETAIL","","INDIVIDUAL"
"1659","24011","2966e8aa-2da7-5642-8106-a11b0b86f1ac","LEGACY-24011-1659-89BB7A4D","","RETAIL","","INDIVIDUAL"
"1660","25864","bf700099-faa5-581b-85ba-2048a16910a0","LEGACY-25864-1660-D3631C71","","RETAIL","","INDIVIDUAL"
"1661","52041","84dee59d-9eb2-547e-8b6b-a5eefec941c8","LEGACY-52041-1661-4A36F414","","RETAIL","","INDIVIDUAL"
"1662","46834","f633fc3c-e15e-5e42-a046-5de87b08f00b","LEGACY-46834-1662-AA8C5053","","RETAIL","","INDIVIDUAL"
"1663","92592","132f1da4-b6c4-526a-b8e5-c109cfad6bce","LEGACY-92592-1663-9B3A69A7","","RETAIL","","INDIVIDUAL"
"1664","59853","d2b70da2-a031-5218-977d-08486f3f0604","LEGACY-59853-1664-F4C949AE","","RETAIL","","INDIVIDUAL"
"1665","71410","eb08266e-c8a2-511d-b916-bdeb3ea30978","LEGACY-71410-1665-6E9BE388","","RETAIL","","INDIVIDUAL"
"1666","65789","1b4fa504-2d39-5516-88eb-72598bf14ab6","LEGACY-65789-1666-E3B4E1F8","","RETAIL","","INDIVIDUAL"
"1667","57671","e6c12a15-2946-54c2-8169-ee1d3e5311e0","LEGACY-57671-1667-F005135A","","RETAIL","","INDIVIDUAL"
"1668","53305","f9eec210-7322-52b2-9fc4-0f4bd23f9945","LEGACY-53305-1668-5944C378","","RETAIL","","INDIVIDUAL"
"1669","61723","03f43b00-75b7-5ba6-b727-b156f05ba20c","LEGACY-61723-1669-16A1BC2D","","RETAIL","","INDIVIDUAL"
"1670","22077","4bdad182-88f2-56eb-b370-a48b7a6ca6f2","LEGACY-22077-1670-26C2F4E1","","RETAIL","","INDIVIDUAL"
"1671","27053","fe328ac5-d8af-589c-afd9-4738629d5240","LEGACY-27053-1671-4C5A74CF","","RETAIL","","INDIVIDUAL"
"1672","58120","4da42ba6-ea88-5ee3-b8b6-7e4df5940e36","LEGACY-58120-1672-BF0F3E9B","","RETAIL","","INDIVIDUAL"
"1673","27346","2384d07b-8c1c-5238-90f1-3421b530b87a","LEGACY-27346-1673-5441A111","","RETAIL","","INDIVIDUAL"
"1674","83841","e9217da9-be1e-5619-86ea-e51126c3727f","LEGACY-83841-1674-EF98FD43","","RETAIL","","INDIVIDUAL"
"1675","48614","bab18ad5-832e-5878-8db0-c24ea88dbbe6","LEGACY-48614-1675-3949DDD4","","RETAIL","","INDIVIDUAL"
"1676","20169","3b70ae7f-92d0-52de-ada9-c26a9e7794da","LEGACY-20169-1676-3924DEBF","","RETAIL","","INDIVIDUAL"
"1677","20932","5198dbb2-6f91-58a6-a426-0ff7d9d0e81d","LEGACY-20932-1677-49983D22","","RETAIL","","INDIVIDUAL"
"1678","53816","1ccf16b5-6643-55f1-8500-b055e5a1caaf","LEGACY-53816-1678-6EFAB66D","","RETAIL","","INDIVIDUAL"
"1679","67335","f447667f-49f8-5e13-a3ad-e9a78a08ddd9","LEGACY-67335-1679-7E873C8B","","RETAIL","","INDIVIDUAL"
"1680","34204","160ddd7f-2c65-5f6f-85dd-580bfddf6a77","LEGACY-34204-1680-ECC35C85","","RETAIL","","INDIVIDUAL"
"1681","76862","42b7d931-817a-51d4-bfd1-905f6ac906df","LEGACY-76862-1681-C50F97F4","","RETAIL","","INDIVIDUAL"
"1682","31647","64c18e46-90ca-5be6-8711-17ca272fc35c","LEGACY-31647-1682-82B31BAB","","RETAIL","","INDIVIDUAL"
"1683","18627","1192a8f1-9d84-5fe5-afd7-779d3c75d38d","LEGACY-18627-1683-20B51871","","RETAIL","","INDIVIDUAL"
"1684","64508","45caa721-2da3-5769-9243-5e04e845d9bf","LEGACY-64508-1684-88BADAB5","","RETAIL","","INDIVIDUAL"
"1685","38325","acbe2dd7-e7a3-5583-8d25-ac4025f3a6d0","LEGACY-38325-1685-7E75555A","","RETAIL","","INDIVIDUAL"
"1686","58264","57fd81c9-085c-5d2c-b845-924197946b9a","LEGACY-58264-1686-70B200B8","","RETAIL","","INDIVIDUAL"
"1687","36387","70d2d593-aa2b-543b-9fad-4d680b71dff1","LEGACY-36387-1687-050D5B9B","","RETAIL","","INDIVIDUAL"
"1688","91345","77c3478d-2db9-54c5-adf7-5b99bf03ff64","LEGACY-91345-1688-742B1907","","RETAIL","","INDIVIDUAL"
"1689","27712","b3f61466-7b6d-507f-853e-8413d70938f1","LEGACY-27712-1689-3FE1733D","","RETAIL","","INDIVIDUAL"
"1690","84374","4331b7c3-a690-5ad1-9e44-5edce67bce02","LEGACY-84374-1690-93B6844E","","RETAIL","","INDIVIDUAL"
"1691","91183","cb6635fe-f6c6-5004-99e5-f021832cb5f9","LEGACY-91183-1691-575A04AA","","RETAIL","","INDIVIDUAL"
"1692","61886","df959a80-0784-5595-9b51-83bcff7027b6","LEGACY-61886-1692-31140CE1","","RETAIL","","INDIVIDUAL"
"1693","44228","b6539b12-5e85-5355-a38b-51a4398cf37a","LEGACY-44228-1693-8214B2CF","","RETAIL","","INDIVIDUAL"
"1694","79415","f913a02f-7534-5ba1-9c8b-5f97b931eebc","LEGACY-79415-1694-05906E89","","RETAIL","","INDIVIDUAL"
"1695","63445","8d068a80-64bc-5b63-b288-48626c002f52","LEGACY-63445-1695-5E75838C","","RETAIL","","INDIVIDUAL"
"1696","32976","7e0bb8d3-2fb4-57a1-aaec-e7b78601b825","LEGACY-32976-1696-6A0200F5","","RETAIL","","INDIVIDUAL"
"1697","28800","dea8cecd-6d08-510f-a093-d2462f1c5df3","LEGACY-28800-1697-42DDDF45","","RETAIL","","INDIVIDUAL"
"1698","27453","f212090d-c5d8-5ca7-9eba-6d47d573d21c","LEGACY-27453-1698-B4563A34","","RETAIL","","INDIVIDUAL"
"1699","45148","a783aa0c-301d-5187-9e4d-2bfc0db6e497","LEGACY-45148-1699-BBB57FD0","","RETAIL","","INDIVIDUAL"
"1700","31829","c5690182-5c8f-5e80-9d1d-1e91c78e751b","LEGACY-31829-1700-8F940CC2","","RETAIL","","INDIVIDUAL"
"1701","53762","4f7ab6f2-ab61-57bd-9574-2ce7a5675621","LEGACY-53762-1701-F4473D2E","","RETAIL","","INDIVIDUAL"
"1702","64062","40dbd0d9-3389-5bc4-b5fe-1d4bc02060b9","LEGACY-64062-1702-C3FD9740","","RETAIL","","INDIVIDUAL"
"1703","75336","a029d09b-1125-5ff9-8e76-a1e342b2d81f","LEGACY-75336-1703-D8E4B8A9","","RETAIL","","INDIVIDUAL"
"1704","87440","fcbb9ff7-9978-51a1-bb46-2febd7312ad7","LEGACY-87440-1704-438774F2","","RETAIL","","INDIVIDUAL"
"1705","92654","4a76ebd8-671c-5f1c-a3f0-4d6f3193801b","LEGACY-92654-1705-9D5FD47C","","RETAIL","","INDIVIDUAL"
"1706","91199","576b4f3c-4e09-52f4-826d-9a5187de5648","LEGACY-91199-1706-59FDBCBD","","RETAIL","","INDIVIDUAL"
"1707","13260","79b76f0a-52fe-5f9e-b117-27fbbf975473","LEGACY-13260-1707-DB1FA6E8","","RETAIL","","INDIVIDUAL"
"1708","34159","aa484706-2c4c-57bd-a685-3bce93de65ff","LEGACY-34159-1708-FAF177BC","","RETAIL","","INDIVIDUAL"
"1709","16533","e5ce7a6f-7f2b-57cc-893f-d0cf4c931c36","LEGACY-16533-1709-B4BA6FA4","","RETAIL","","INDIVIDUAL"
"1710","62446","9c40fc0a-63ef-598c-957d-5f46d6246735","LEGACY-62446-1710-94995391","","RETAIL","","INDIVIDUAL"
"1711","70596","4409dd88-2dd4-5bb0-9b51-4d566ee1ce12","LEGACY-70596-1711-2AC1125B","","RETAIL","","INDIVIDUAL"
"1712","79896","c1215747-6a52-5966-bbd0-3f6498ed3c5d","LEGACY-79896-1712-BE478BD9","","RETAIL","","INDIVIDUAL"
"1713","92121","7c423e43-7f8a-5482-a6c3-723b986e13ce","LEGACY-92121-1713-61197E02","","RETAIL","","INDIVIDUAL"
"1714","41173","e93e942c-fe3f-507f-8bcf-332381033a4c","LEGACY-41173-1714-E98FA644","","RETAIL","","INDIVIDUAL"
"1715","74522","aad1f23b-6e7c-559a-b663-806ad44cdf32","LEGACY-74522-1715-F4060EF1","","RETAIL","","INDIVIDUAL"
"1716","65868","c1257d1e-50e3-5326-a4f0-49bad4fcc71f","LEGACY-65868-1716-EAA382EE","","RETAIL","","INDIVIDUAL"
"1717","36814","026aa127-6096-56b9-b752-618e18007fb1","LEGACY-36814-1717-7FDBE33F","","RETAIL","","INDIVIDUAL"
"1718","26300","523353f3-4bcf-573c-8225-2614dd24648e","LEGACY-26300-1718-4609B3EF","","RETAIL","","INDIVIDUAL"
"1719","94678","fe655f7c-749e-563d-8086-63a8816935ca","LEGACY-94678-1719-45C09913","","RETAIL","","INDIVIDUAL"
"1720","17204","fb9ad19d-6cdb-5f00-8a52-714e61fb18fa","LEGACY-17204-1720-12A0BB55","","RETAIL","","INDIVIDUAL"
"1721","48163","2daa4c2e-8b42-5d28-8e94-fd488e6c95ec","LEGACY-48163-1721-FF1C4304","","RETAIL","","INDIVIDUAL"
"1722","21806","4fc40342-68a9-539b-94fc-b5b78453493b","LEGACY-21806-1722-4FD56C0A","","RETAIL","","INDIVIDUAL"
"1723","89637","29d137af-47cc-5617-b9f9-5ff81664f694","LEGACY-89637-1723-9FA72E56","","RETAIL","","INDIVIDUAL"
"1724","50135","512f5c3e-34df-5454-8a70-af0531a57c02","LEGACY-50135-1724-3910F128","","RETAIL","","INDIVIDUAL"
"1725","69088","14d6493d-7cd4-5501-8ca5-cc0ce26e339c","LEGACY-69088-1725-4D83B5DC","","RETAIL","","INDIVIDUAL"
"1726","73722","2368beed-d51e-5b9b-870d-524a594ca6c7","LEGACY-73722-1726-FCD047F6","","RETAIL","","INDIVIDUAL"
"1727","87125","ddd4acdf-7914-5ec0-9d02-1d97542b71c8","LEGACY-87125-1727-B7A9F5F0","","RETAIL","","INDIVIDUAL"
"1728","50838","6e9188b8-383a-5dc2-8101-66f2831f0d4e","LEGACY-50838-1728-3D771337","","RETAIL","","INDIVIDUAL"
"1729","37106","2aa3c02b-dd5d-506c-b6b9-a56493adc789","LEGACY-37106-1729-F798A2C7","","RETAIL","","INDIVIDUAL"
"1730","13187","de93036a-2804-5d59-a5a7-ca9a260e5c72","LEGACY-13187-1730-991EC382","","RETAIL","","INDIVIDUAL"
"1731","54056","1a872a94-f76b-5e15-bfb5-b51c56b1f422","LEGACY-54056-1731-E61E8447","","RETAIL","","INDIVIDUAL"
"1732","25881","75c6fcc7-2044-5102-aec0-840aa86da1d1","LEGACY-25881-1732-0E46C789","","RETAIL","","INDIVIDUAL"
"1733","84550","79317af2-0cc0-5123-9761-3632cec3ea19","LEGACY-84550-1733-F923FE68","","RETAIL","","INDIVIDUAL"
"1734","24120","c9258705-0bdc-50de-8be9-06688caa72db","LEGACY-24120-1734-1607A5EC","","RETAIL","","INDIVIDUAL"
"1735","16670","cf8191e9-a00c-5d9e-95d1-99b9ba0c4add","LEGACY-16670-1735-67B3EAA4","","RETAIL","","INDIVIDUAL"
"1736","21466","06e12543-c32a-5f3a-8857-372cacaf5f64","LEGACY-21466-1736-735C3D3D","","RETAIL","","INDIVIDUAL"
"1737","55428","92916985-a455-59fd-8918-88ab72000ae3","LEGACY-55428-1737-4F20599A","","RETAIL","","INDIVIDUAL"
"1738","41627","84cd870e-7613-596e-ae1e-42a52d14ceb2","LEGACY-41627-1738-2EAA193C","","RETAIL","","INDIVIDUAL"
"1739","80141","2a7f7f69-487f-5e5c-8699-83b47cae3f86","LEGACY-80141-1739-EC2D4846","","RETAIL","","INDIVIDUAL"
"1740","88317","3f15815d-e0f8-5b0e-9206-e888f393a9be","LEGACY-88317-1740-4C5FF89A","","RETAIL","","INDIVIDUAL"
"1741","41578","6ab3a371-891c-5a28-848f-d8d61c1b69d3","LEGACY-41578-1741-9C7550DB","","RETAIL","","INDIVIDUAL"
"1742","17856","31ec4d1f-3869-51d5-a08e-36741701ee4a","LEGACY-17856-1742-8EEC4D3B","","RETAIL","","INDIVIDUAL"
"1743","73355","20dfa4ac-1024-5384-a109-a6b0ba000021","LEGACY-73355-1743-512F735B","","RETAIL","","INDIVIDUAL"
"1744","45285","768d9b18-5125-51c3-b50e-f69603809acb","LEGACY-45285-1744-C4CCBBF4","","RETAIL","","INDIVIDUAL"
"1745","83055","4626a019-0373-5e7a-be2d-80b69ff65a39","LEGACY-83055-1745-C347D24E","","RETAIL","","INDIVIDUAL"
"1746","28942","ae491ba0-d97f-548a-a3fa-f0323301943b","LEGACY-28942-1746-44720BEE","","RETAIL","","INDIVIDUAL"
"1747","85971","59902ff9-33e7-5600-983e-24ada561c320","LEGACY-85971-1747-97DF3AE0","","RETAIL","","INDIVIDUAL"
"1748","53621","c077806a-24ad-5183-bb3e-b4d2ef00f04f","LEGACY-53621-1748-EC815DAB","","RETAIL","","INDIVIDUAL"
"1749","81628","a764cfed-dfef-5e8f-a6b1-dc1806963e72","LEGACY-81628-1749-E1986551","","RETAIL","","INDIVIDUAL"
"1750","89926","9be81063-5dd9-5d82-83c0-01fa838a62ff","LEGACY-89926-1750-7F0F42E4","","RETAIL","","INDIVIDUAL"
"1751","77220","14b7561f-bc62-527a-93ef-7843cfb47783","LEGACY-77220-1751-89E77B0A","","RETAIL","","INDIVIDUAL"
"1752","47595","d1c0585b-8860-590b-a3a0-70e08875b636","LEGACY-47595-1752-849B2344","","RETAIL","","INDIVIDUAL"
"1753","72650","0ef8e3f5-3d3c-5627-ab85-7680a09ef7ca","LEGACY-72650-1753-2AB1FC0D","","RETAIL","","INDIVIDUAL"
"1754","65680","64d89eaf-2638-5be0-9185-a4a1be8cf429","LEGACY-65680-1754-17E5736B","","RETAIL","","INDIVIDUAL"
"1755","63344","055e032a-d984-5365-817a-23a4c260e96e","LEGACY-63344-1755-13039707","","RETAIL","","INDIVIDUAL"
"1756","99814","b86369bf-44b3-5f9f-a9ff-75693abe76ab","LEGACY-99814-1756-14324154","","RETAIL","","INDIVIDUAL"
"1757","70826","73025666-b965-5d87-b8de-a7199db1dd82","LEGACY-70826-1757-6D3FF4A4","","RETAIL","","INDIVIDUAL"
"1758","58350","df25ea5c-6ecf-537d-a1f7-0172aacecb29","LEGACY-58350-1758-D98DB44E","","RETAIL","","INDIVIDUAL"
"1759","13898","2d6d71c7-23f5-5379-8322-e4ffde40f507","LEGACY-13898-1759-578F6C91","","RETAIL","","INDIVIDUAL"
"1760","36647","277b0339-69b6-50ab-99da-e77706b473ae","LEGACY-36647-1760-BCFE65C1","","RETAIL","","INDIVIDUAL"
"1761","68022","22b8db9e-ed8e-5ff1-9193-e870015b570f","LEGACY-68022-1761-AE47A070","","RETAIL","","INDIVIDUAL"
"1762","83977","91fe431f-4fc2-51fc-b79f-d15e085b2b2b","LEGACY-83977-1762-8534DECC","","RETAIL","","INDIVIDUAL"
"1763","82481","dcd75522-939a-5bd5-a02f-d80e425de15f","LEGACY-82481-1763-0E24F819","","RETAIL","","INDIVIDUAL"
"1764","34430","ac9737e3-fb52-5188-9232-aac07c4a5741","LEGACY-34430-1764-9BF81754","","RETAIL","","INDIVIDUAL"
"1765","82112","67ea6baa-f85c-58cb-95bd-4a5cd374dcb9","LEGACY-82112-1765-B6D79BBA","","RETAIL","","INDIVIDUAL"
"1766","86251","137cf207-ff8b-504f-8cd2-2478b7a0006d","LEGACY-86251-1766-E0B321CB","","RETAIL","","INDIVIDUAL"
"1767","67015","8b32cd96-a241-5588-b209-0341cb47918b","LEGACY-67015-1767-5C778956","","RETAIL","","INDIVIDUAL"
"1768","13964","ab1364d2-41ae-55d7-89a4-82cf5d5ddac6","LEGACY-13964-1768-69B6090E","","RETAIL","","INDIVIDUAL"
"1769","87597","b503290e-10e8-54da-a0fb-43012657bc13","LEGACY-87597-1769-38AC1DA9","","RETAIL","","INDIVIDUAL"
"1770","86130","dddd677d-1f93-50eb-a491-60444897e660","LEGACY-86130-1770-00522E41","","RETAIL","","INDIVIDUAL"
"1771","25640","2c4449d8-388c-5f5b-8181-a2824c41ce2c","LEGACY-25640-1771-1CA4B66C","","RETAIL","","INDIVIDUAL"
"1772","99510","54e62a53-3efb-5d2e-b30f-f99c03eda2de","LEGACY-99510-1772-9A04A877","","RETAIL","","INDIVIDUAL"
"1773","41618","a07c73b5-7267-5861-8878-722f19f1d306","LEGACY-41618-1773-B8643F24","","RETAIL","","INDIVIDUAL"
"1774","30684","dc600e8e-0f90-5440-9bb9-3febfa7d7a91","LEGACY-30684-1774-E02E3E73","","RETAIL","","INDIVIDUAL"
"1775","80261","77f99266-9c17-518a-abd9-68c26ef70554","LEGACY-80261-1775-A9C5545F","","RETAIL","","INDIVIDUAL"
"1776","92452","00fb090e-2a84-5362-b14d-783da3e8a1cf","LEGACY-92452-1776-8F1379F8","","RETAIL","","INDIVIDUAL"
"1777","78789","1578bec1-4453-5b84-a6e4-75bdd2489575","LEGACY-78789-1777-E022B310","","RETAIL","","INDIVIDUAL"
"1778","94985","97e1e257-88e7-5674-b990-b2b96175dd76","LEGACY-94985-1778-9B02A45E","","RETAIL","","INDIVIDUAL"
"1779","41484","a7290c23-dad2-5f54-a95b-020de8420e37","LEGACY-41484-1779-976F96D1","","RETAIL","","INDIVIDUAL"
"1780","56995","3416c8a7-5461-5440-8706-b62b0a80495e","LEGACY-56995-1780-06A42ACB","","RETAIL","","INDIVIDUAL"
"1781","42789","7df6cc4e-2b29-5f2e-a554-fbcef363a31d","LEGACY-42789-1781-A6BE0EEB","","RETAIL","","INDIVIDUAL"
"1782","34968","bf5e7a34-67b4-5811-babd-f4a053831543","LEGACY-34968-1782-14E1E414","","RETAIL","","INDIVIDUAL"
"1783","27031","8f54858f-56ca-5025-9390-74c39eb8f7cf","LEGACY-27031-1783-65C69689","","RETAIL","","INDIVIDUAL"
"1784","94032","727a046e-abea-515d-a9e6-67f396679735","LEGACY-94032-1784-3A48F028","","RETAIL","","INDIVIDUAL"
"1785","82373","37dbbca0-c084-54a4-b6ae-a3c58e3aac01","LEGACY-82373-1785-622D5923","","RETAIL","","INDIVIDUAL"
"1786","36234","f97b6c21-79a6-5ea0-abd4-4ae956077ed2","LEGACY-36234-1786-ADB01D44","","RETAIL","","INDIVIDUAL"
"1787","24520","624f4e38-c07b-5d88-a29a-d49872a91c7a","LEGACY-24520-1787-B8A0DBDE","","RETAIL","","INDIVIDUAL"
"1788","66982","b2f7e444-ab73-5b3c-8034-8795958f81f1","LEGACY-66982-1788-E009C7B3","","RETAIL","","INDIVIDUAL"
"1790","36001","f75362be-c228-5f6d-9afe-82871b4a8ee0","LEGACY-36001-1790-649CD3DA","","RETAIL","","INDIVIDUAL"
"1791","22601","cb878ed8-9f74-53f2-9533-b919c544f7e5","LEGACY-22601-1791-96FF6EF9","","RETAIL","","INDIVIDUAL"
"1792","91546","111ba7e0-6444-55a9-bda4-72e36bfa0d36","LEGACY-91546-1792-132704D6","","RETAIL","","INDIVIDUAL"
"1793","44998","bb85b51a-da64-5ba3-b118-63c424f5dd72","LEGACY-44998-1793-3B58BC5F","","RETAIL","","INDIVIDUAL"
"1794","96704","a36f3717-30a7-5af1-b0fe-54350c978385","LEGACY-96704-1794-6CE4A123","","RETAIL","","INDIVIDUAL"
"1795","52230","a723a907-1b03-5f47-aa8d-465a8250a87e","LEGACY-52230-1795-E99FD9A6","","RETAIL","","INDIVIDUAL"
"1796","67694","ff82f077-501e-519a-84da-2b909cf51dc5","LEGACY-67694-1796-D2993DCC","","RETAIL","","INDIVIDUAL"
"1797","28685","2622b056-daa1-5919-b54a-a6fad3b87cde","LEGACY-28685-1797-98B4BCC6","","RETAIL","","INDIVIDUAL"
"1798","42665","9375c008-6528-524f-88b7-44e162f845b9","LEGACY-42665-1798-DBED54DE","","RETAIL","","INDIVIDUAL"
"1799","63223","6b141313-ea31-56db-a75a-95c8f1173e36","LEGACY-63223-1799-F9CA7F09","","RETAIL","","INDIVIDUAL"
"1800","35705","2de2c11f-886a-52de-ae29-155c96515409","LEGACY-35705-1800-FE29772A","","RETAIL","","INDIVIDUAL"
"1801","86723","bf1eaf95-2ea9-50d7-a899-511b0b33d26c","LEGACY-86723-1801-0864DB45","","RETAIL","","INDIVIDUAL"
"1802","60853","9ba97f7f-5712-519a-b634-c376fffe3df7","LEGACY-60853-1802-0A5AEBB9","","RETAIL","","INDIVIDUAL"
"1803","53764","d373f260-8f20-5cb9-bb95-7cb33305f484","LEGACY-53764-1803-C12C476D","","RETAIL","","INDIVIDUAL"
"1804","18948","198b128b-b0b8-50d3-8149-4f2d4ee6ef8a","LEGACY-18948-1804-5D602083","","RETAIL","","INDIVIDUAL"
"1805","59216","6fcb1d0b-99a7-5432-9aff-3184e7d4a8a7","LEGACY-59216-1805-71F8800F","","RETAIL","","INDIVIDUAL"
"1806","25661","8e03b9b5-cfc1-5936-bd58-1f1e07865ef8","LEGACY-25661-1806-A251A0DF","","RETAIL","","INDIVIDUAL"
"1807","32501","9a39d3d9-aa40-5fc9-8390-644f8f01bc9e","LEGACY-32501-1807-4D45FA2E","","RETAIL","","INDIVIDUAL"
"1808","30041","ab971112-1f23-5a85-86ee-63343e6961eb","LEGACY-30041-1808-6CBDFE65","","RETAIL","","INDIVIDUAL"
"1809","643111","19910a0b-4090-5104-8b3a-308103ccc07a","LEGACY-643111-1809-40FCC6F1","","RETAIL","","INDIVIDUAL"
"1810","89393","2298f62d-43ae-5c66-80db-0b16c1129dcb","LEGACY-89393-1810-0CC50B24","","RETAIL","","INDIVIDUAL"
"1811","49596","3ef6e3d0-6c8d-52b3-b053-3ee7e84ce378","LEGACY-49596-1811-9682595C","","RETAIL","","INDIVIDUAL"
"1813","30697","8555c9d4-4296-5e51-9935-40b3ad40ddc9","LEGACY-30697-1813-4C463537","","RETAIL","","INDIVIDUAL"
"1814","19630","cce35e47-c30e-546b-95bd-c9a068d4db54","LEGACY-19630-1814-D0F148DF","","RETAIL","","INDIVIDUAL"
"1815","68701","9769fa94-1097-5f05-bfdb-5873c2912100","LEGACY-68701-1815-75246DBD","","RETAIL","","INDIVIDUAL"
"1816","60920","0d18e320-492a-5319-bb5a-e9d3563db22f","LEGACY-60920-1816-C99F91E6","","RETAIL","","INDIVIDUAL"
"1817","16458","0e38eb0e-3a6f-53f8-aca6-481b797f06a2","LEGACY-16458-1817-DE1D9401","","RETAIL","","INDIVIDUAL"
"1818","62175","d0d61cde-cecf-5364-aec8-017e7324e91e","LEGACY-62175-1818-2F39BDFA","","RETAIL","","INDIVIDUAL"
"1819","66731","7d5f8c8f-a996-5342-8de8-dbc6d2bacc01","LEGACY-66731-1819-4DEC030D","","RETAIL","","INDIVIDUAL"
"1820","23151","19fc4f15-fab2-5fb8-9296-775546e1681a","LEGACY-23151-1820-D4506736","","RETAIL","","INDIVIDUAL"
"1821","55352","2d4d7d8e-18b4-5c7a-90da-b6b8e509ed96","LEGACY-55352-1821-556098FE","","RETAIL","","INDIVIDUAL"
"1822","62614","60d1d26e-2336-5fbc-bff2-c3979c29c502","LEGACY-62614-1822-5E51D1B0","","RETAIL","","INDIVIDUAL"
"1823","39310","a0e09370-e0b9-51ce-b0d8-2d10daeae621","LEGACY-39310-1823-EDAC886A","","RETAIL","","INDIVIDUAL"
"1824","36784","225bba1f-7db1-5872-abe5-e9fdde098360","LEGACY-36784-1824-161EB94C","","RETAIL","","INDIVIDUAL"
"1825","47552","6478dd67-34f1-580b-9a9a-a435a442c77e","LEGACY-47552-1825-0B2C2A93","","RETAIL","","INDIVIDUAL"
"1826","87619","de559e9e-fc33-5b54-83a7-ab85ba3f7849","LEGACY-87619-1826-B90920AF","","RETAIL","","INDIVIDUAL"
"1827","13416","b6b539eb-e5e4-558f-8e41-5ef9974a5ea3","LEGACY-13416-1827-ABD4CE41","","RETAIL","","INDIVIDUAL"
"1828","40929","3c532e18-58f7-51a6-875a-786283361425","LEGACY-40929-1828-43168147","","RETAIL","","INDIVIDUAL"
"1829","97166","6a35f5dc-2d1e-5a5f-8ab5-5f21887d5ecf","LEGACY-97166-1829-F7DB08AB","","RETAIL","","INDIVIDUAL"
"1830","17523","68b561d8-3940-574c-99f6-60ce8c671bb5","LEGACY-17523-1830-A1CF66F7","","RETAIL","","INDIVIDUAL"
"1831","28506","1d0e8c99-af4c-554f-8896-f0e9014f21e6","LEGACY-28506-1831-2933A595","","RETAIL","","INDIVIDUAL"
"1832","51583","faf720b3-cc60-55c6-a07c-0f252c06eeef","LEGACY-51583-1832-2B40E203","","RETAIL","","INDIVIDUAL"
"1833","94111","5ad9d628-8902-5e8d-a036-98acfbaff540","LEGACY-94111-1833-83E1D662","","RETAIL","","INDIVIDUAL"
"1834","24485","3d48cf6d-e3be-5caa-acd0-43b75b974623","LEGACY-24485-1834-89EF80A4","","RETAIL","","INDIVIDUAL"
"1835","77678","beb725e1-863f-57f0-83aa-3059fff268a7","LEGACY-77678-1835-A3F5FC79","","RETAIL","","INDIVIDUAL"
"1836","75478","47f4b1f3-2aaa-5907-860f-c66e5cca06fd","LEGACY-75478-1836-497A98C6","","RETAIL","","INDIVIDUAL"
"1837","75361","7ba30509-a75f-5c81-9671-857316652649","LEGACY-75361-1837-040DAB3D","","RETAIL","","INDIVIDUAL"
"1838","27915","a90fd0a9-e3ab-5295-b658-f89598307420","LEGACY-27915-1838-735EE7BD","","RETAIL","","INDIVIDUAL"
"1839","82800","9b4eacc8-712c-57f9-b868-1105410426f7","LEGACY-82800-1839-8320D13D","","RETAIL","","INDIVIDUAL"
"1840","97075","9f000662-6f49-5ccf-a419-02ba50b31be1","LEGACY-97075-1840-61F835F5","","RETAIL","","INDIVIDUAL"
"1841","42480","4fcae463-ec41-5397-b139-02cb867b3a57","LEGACY-42480-1841-5F6C4703","","RETAIL","","INDIVIDUAL"
"1842","64143","75e8ba6f-7032-5669-8d6a-d0a583fbf816","LEGACY-64143-1842-907AAE68","","RETAIL","","INDIVIDUAL"
"1843","35892","599366ae-a0e5-5472-bc8c-5ba0e7161f5b","LEGACY-35892-1843-FCF1A7F2","","RETAIL","","INDIVIDUAL"
"1844","45485","adf4a5c5-8377-5a2d-9918-de7e5426cc4e","LEGACY-45485-1844-4036B5BA","","RETAIL","","INDIVIDUAL"
"1845","55818","baec47b9-12d4-52cb-8b87-0ea2dff4250e","LEGACY-55818-1845-F30DFF4C","","RETAIL","","INDIVIDUAL"
"1846","33931","f245ba98-bc83-5201-94df-dc386d890166","LEGACY-33931-1846-0FD3F331","","RETAIL","","INDIVIDUAL"
"1847","76148","c2106700-56b9-5ca2-89db-ea95c447a299","LEGACY-76148-1847-09F827BD","","RETAIL","","INDIVIDUAL"
"1848","43305","984b6fe8-cd5a-588e-a461-c8240e7fc082","LEGACY-43305-1848-1A835ED9","","RETAIL","","INDIVIDUAL"
"1849","65452","b134510a-86cb-56d7-a876-3dfedaa3f692","LEGACY-65452-1849-0861DE8A","","RETAIL","","INDIVIDUAL"
"1850","11177","8373f6cb-3ff3-500c-ba14-ba0af32d2b6d","LEGACY-11177-1850-880DAC1C","","RETAIL","","INDIVIDUAL"
"1851","55573","f07ec1d4-bab6-50d5-b16c-7de66606f47a","LEGACY-55573-1851-2913FB77","","RETAIL","","INDIVIDUAL"
"1852","69142","df086cf5-90a9-559f-878a-1c4a3b949955","LEGACY-69142-1852-30EB9F17","","RETAIL","","INDIVIDUAL"
"1853","10547","123a0758-9efd-5875-8882-94593b842ad1","LEGACY-10547-1853-410BF4F7","","RETAIL","","INDIVIDUAL"
"1854","19760","e7f80ce2-005d-503b-adcf-0802000c6f08","LEGACY-19760-1854-D8A14E19","","RETAIL","","INDIVIDUAL"
"1856","77465","827cc496-10f2-5b7f-ae25-228d69567aa7","LEGACY-77465-1856-537D0F40","","RETAIL","","INDIVIDUAL"
"1857","37265","a55e8be3-ff3d-5d47-a659-1592398f47e4","LEGACY-37265-1857-55A56C94","","RETAIL","","INDIVIDUAL"
"1858","32569","bb819097-9a05-5953-b4e5-391024b80618","LEGACY-32569-1858-33139F51","","RETAIL","","INDIVIDUAL"
"1859","81555","bddc982b-96f7-5b14-9b2c-3206e23e598a","LEGACY-81555-1859-F5B8D18E","","RETAIL","","INDIVIDUAL"
"1860","88595","266c24a6-c5f7-5eb2-b911-bc16db0cf8aa","LEGACY-88595-1860-9D3217BB","","RETAIL","","INDIVIDUAL"
"1861","83588","bc75ae5d-cf41-55ef-9b77-b56155a87da6","LEGACY-83588-1861-4841417A","","RETAIL","","INDIVIDUAL"
"1862","59610","f99401aa-47fe-5445-831d-f5d96542fbfd","LEGACY-59610-1862-BB84059E","","RETAIL","","INDIVIDUAL"
"1863","47565","89604ef8-017e-57d9-bed5-caf013e2c972","LEGACY-47565-1863-B28E768B","","RETAIL","","INDIVIDUAL"
"1864","48982","98c7966c-8e5a-5c00-8b71-6d66118655df","LEGACY-48982-1864-2386F015","","RETAIL","","INDIVIDUAL"
"1865","56924","cf359489-103c-58b0-80ef-78b4778b6a0e","LEGACY-56924-1865-3CDFE349","","RETAIL","","INDIVIDUAL"
"1866","10321","471082b1-03ed-5f22-b83b-349f6cad2a46","LEGACY-10321-1866-4154E9A6","","RETAIL","","INDIVIDUAL"
"1867","56372","bf0f14f5-b32a-50c5-92fd-ef0b49235fd9","LEGACY-56372-1867-9E5ED164","","RETAIL","","INDIVIDUAL"
"1868","61081","69fc1b63-2e18-5b38-9e04-9874c07e010a","LEGACY-61081-1868-3861CAF9","","RETAIL","","INDIVIDUAL"
"1869","79382","50a8f7d7-3f22-577b-9864-858eb0b062e0","LEGACY-79382-1869-2DC8C3E0","","RETAIL","","INDIVIDUAL"
"1870","83494","5f1365d1-cf0d-5e63-a89f-d830b3b04b3b","LEGACY-83494-1870-4E397703","","RETAIL","","INDIVIDUAL"
"1871","55011","2b3e7b68-07b4-5917-abc7-11bf172e6dbd","LEGACY-55011-1871-38B9B765","","RETAIL","","INDIVIDUAL"
"1872","11148","de55e480-5c9c-52fa-b586-cacc89178d66","LEGACY-11148-1872-4CBD344B","","RETAIL","","INDIVIDUAL"
"1873","92068","f7f9911f-055e-563e-b258-6dcb67cf72af","LEGACY-92068-1873-E96EA588","","RETAIL","","INDIVIDUAL"
"1874","73739","207c69dd-a8c0-55bb-9773-cce0faaa841d","LEGACY-73739-1874-99B9FB63","","RETAIL","","INDIVIDUAL"
"1875","45056","c6eb1f7b-c411-5f7d-ace7-ffc762f689a7","LEGACY-45056-1875-4E36D6DA","","RETAIL","","INDIVIDUAL"
"1876","22461","b558c7b4-ed91-5b95-9792-de23406fefff","LEGACY-22461-1876-39DDA83C","","RETAIL","","INDIVIDUAL"
"1877","26219","432fc0ea-a991-5dbc-8af1-c0e63296142c","LEGACY-26219-1877-0017CB1D","","RETAIL","","INDIVIDUAL"
"1878","87167","5f717d84-73d5-5b88-b2af-3ab760da4465","LEGACY-87167-1878-C0175EBC","","RETAIL","","INDIVIDUAL"
"1879","60263","12b076a0-e20b-5bbd-8667-b47a8251b74c","LEGACY-60263-1879-B10D7D28","","RETAIL","","INDIVIDUAL"
"1880","11765","b9f08e5b-d08e-5259-a52d-4ac12c77c0ed","LEGACY-11765-1880-31120102","","RETAIL","","INDIVIDUAL"
"1881","40893","c79f99cb-eff3-52d5-bcae-e6b2a74fe1d7","LEGACY-40893-1881-3261DDA0","","RETAIL","","INDIVIDUAL"
"1882","28472","2556806b-6e74-5174-bec9-a56a81b0e089","LEGACY-28472-1882-5AC3FAA1","","RETAIL","","INDIVIDUAL"
"1883","42737","b2a55375-51d0-5ed3-ab4a-b033fcfd46e9","LEGACY-42737-1883-F566E60F","","RETAIL","","INDIVIDUAL"
"1884","88294","2c019adf-608f-5860-ae05-2b2c666aac90","LEGACY-88294-1884-2FA86596","","RETAIL","","INDIVIDUAL"
"1885","86459","df7a785b-fb93-5041-9c13-fd19e8af56b4","LEGACY-86459-1885-94E7A0B1","","RETAIL","","INDIVIDUAL"
"1886","71398","13e921e8-dccf-5645-837b-f8e8e4eef8ee","LEGACY-71398-1886-0F43042F","","RETAIL","","INDIVIDUAL"
"1887","84514","4996995b-4922-516b-8646-0a2b7cb4ca07","LEGACY-84514-1887-70F3486B","","RETAIL","","INDIVIDUAL"
"1888","63599","c3624e6b-8b1e-5b3c-8036-f14464435ed8","LEGACY-63599-1888-92E3BFC9","","RETAIL","","INDIVIDUAL"
"1889","22327","14db8065-3740-5270-b71d-288f7633d8a0","LEGACY-22327-1889-26E08BD6","","RETAIL","","INDIVIDUAL"
"1890","36951","b99ee51a-d383-5f6d-b538-680c3645c365","LEGACY-36951-1890-1ABD515B","","RETAIL","","INDIVIDUAL"
"1891","80608","b5a38862-bb7d-57b9-8f9e-5128d8430099","LEGACY-80608-1891-BC82D7BC","","RETAIL","","INDIVIDUAL"
"1892","58712","fb7b9f6b-9449-58b6-96b2-245fff12c424","LEGACY-58712-1892-FBA69BAE","","RETAIL","","INDIVIDUAL"
"1893","81939","8d1d64be-7655-5d9d-9df2-3b41f10ea220","LEGACY-81939-1893-11FC24EE","","RETAIL","","INDIVIDUAL"
"1894","97024","1b881b26-2324-5017-a824-03441767ee60","LEGACY-97024-1894-959072C2","","RETAIL","","INDIVIDUAL"
"1895","11984","36c06bd9-aaa3-5111-aa0f-1ac9efba4baa","LEGACY-11984-1895-5B3AA91D","","RETAIL","","INDIVIDUAL"
"1896","52636","55365eab-5258-5522-a5f1-ca0c61219692","LEGACY-52636-1896-D322BF45","","RETAIL","","INDIVIDUAL"
"1897","69842","6b5d8d88-c231-5c97-9a7f-7839685db4e4","LEGACY-69842-1897-76E1AF34","","RETAIL","","INDIVIDUAL"
"1898","59040","72e02b1c-d190-555f-87cc-599099d189e6","LEGACY-59040-1898-A60B1843","","RETAIL","","INDIVIDUAL"
"1899","10397","e1cadebf-5c02-56ea-a313-756d9f79be8d","LEGACY-10397-1899-E4C282AF","","RETAIL","","INDIVIDUAL"
"1900","22946","785e2619-2a5f-5bdc-af87-af10c641a40a","LEGACY-22946-1900-FAE27D2B","","RETAIL","","INDIVIDUAL"
"1901","54578","8e2b46ea-4d61-5108-98ef-ce54e3dd0b49","LEGACY-54578-1901-DC302AA9","","RETAIL","","INDIVIDUAL"
"1902","64651","439e46b4-fbbe-51b2-ab8f-803162c3f7a8","LEGACY-64651-1902-F57945CF","","RETAIL","","INDIVIDUAL"
"1903","72420","43da6e2c-db57-5f84-b1d8-4b2cc6f9cf0c","LEGACY-72420-1903-5A00731F","","RETAIL","","INDIVIDUAL"
"1904","89752","202f8053-f00a-5c78-9fc1-27bbe8460e61","LEGACY-89752-1904-1339C798","","RETAIL","","INDIVIDUAL"
"1905","76938","22c9d647-8e78-54a5-9aff-dab3ddc4386e","LEGACY-76938-1905-623B2289","","RETAIL","","INDIVIDUAL"
"1906","45785","079c9813-657e-53f7-b888-3ced2f4071c2","LEGACY-45785-1906-A07674EF","","RETAIL","","INDIVIDUAL"
"1907","22748","affa6161-8886-5778-acf0-aa4920d0d59c","LEGACY-22748-1907-E1F24C15","","RETAIL","","INDIVIDUAL"
"1908","46481","eefa64f0-755c-5a84-a2f1-ea71cf1f970c","LEGACY-46481-1908-C93711F5","","RETAIL","","INDIVIDUAL"
"1909","21776","da77432a-00d4-5f9e-bf8c-74fddf64def1","LEGACY-21776-1909-8CBAEAF5","","RETAIL","","INDIVIDUAL"
"1910","94961","44b32c5f-8cf0-59f8-a496-1d79a9793b6e","LEGACY-94961-1910-10889DE7","","RETAIL","","INDIVIDUAL"
"1911","18868","a8d09bd5-9b66-5ddb-a5b3-c34b8b1df4e5","LEGACY-18868-1911-0E2E80F1","","RETAIL","","INDIVIDUAL"
"1912","42274","1ea8964f-a95c-563b-a6ac-deec8f8b90e6","LEGACY-42274-1912-15C4ACC0","","RETAIL","","INDIVIDUAL"
"1913","22577","add2bb28-5734-5ff8-873f-89c0cf1bb02c","LEGACY-22577-1913-19FCBBCC","","RETAIL","","INDIVIDUAL"
"1914","56067","9e8a7937-df72-5edd-929c-aafd6c4d5760","LEGACY-56067-1914-B7645FB3","","RETAIL","","INDIVIDUAL"
"1915","52998","f535cba5-a555-52a8-a23a-81f0d6cabb3b","LEGACY-52998-1915-32A26408","","RETAIL","","INDIVIDUAL"
"1916","18902","f1823bff-b35e-563c-866d-c71e378ba8bd","LEGACY-18902-1916-1DBCCF29","","RETAIL","","INDIVIDUAL"
"1917","74955","a4352edb-21a5-5453-b58c-68674ce0ff15","LEGACY-74955-1917-23A8BE2C","","RETAIL","","INDIVIDUAL"
"1919","99012","92aa5b66-c78b-590d-8a9a-c9ffd7b3f1f0","LEGACY-99012-1919-85B7E8A6","","RETAIL","","INDIVIDUAL"
"1920","47995","f830538b-dd44-510b-8abf-0c66875ea442","LEGACY-47995-1920-DA80157D","","RETAIL","","INDIVIDUAL"
"1921","31007","37c3a028-affa-5517-b687-919b8e4d7d9c","LEGACY-31007-1921-A95DA6C2","","RETAIL","","INDIVIDUAL"
"1922","48959","31757b5a-cd31-5ac0-b4ea-f2b79a650c63","LEGACY-48959-1922-D3F7B677","","RETAIL","","INDIVIDUAL"
"1923","28188","0bb13cff-4272-566c-98a2-f50dde4240b3","LEGACY-28188-1923-5F3478D2","","RETAIL","","INDIVIDUAL"
"1924","24496","8caa8190-d6c3-54ac-8f5b-6ab5442fb45e","LEGACY-24496-1924-0F9AA2BD","","RETAIL","","INDIVIDUAL"
"1925","66771","04e97cae-30ac-548e-9677-df556227d4ac","LEGACY-66771-1925-0E527D7E","","RETAIL","","INDIVIDUAL"
"1926","76343","06f014a1-4122-508b-b9ee-6023ce9601ce","LEGACY-76343-1926-A2E55F53","","RETAIL","","INDIVIDUAL"
"1927","24685","8882d39e-227c-5cfc-82f4-7fa041ae7981","LEGACY-24685-1927-E1A02090","","RETAIL","","INDIVIDUAL"
"1928","36737","94b2de06-e286-5e83-bdff-55a449560557","LEGACY-36737-1928-1933FDC2","","RETAIL","","INDIVIDUAL"
"1929","14632","628c0d55-4cf8-55be-aa08-02a669bc50df","LEGACY-14632-1929-019C5C2C","","RETAIL","","INDIVIDUAL"
"1931","80644","6c3656dc-94c9-5983-bfdf-99e5ebca058b","LEGACY-80644-1931-84486BC1","","RETAIL","","INDIVIDUAL"
"1932","78498","87ef4036-e324-5172-887c-17b3d4720c47","LEGACY-78498-1932-F64E7430","","RETAIL","","INDIVIDUAL"
"1933","46988","e08b8511-4191-5df0-b9ed-4c0350eddfe9","LEGACY-46988-1933-8629D8E6","","RETAIL","","INDIVIDUAL"
"1934","12019","9edf84a9-2933-51c9-9318-5d6dd6205f19","LEGACY-12019-1934-4F2FA32A","","RETAIL","","INDIVIDUAL"
"1935","20839","be4f0284-a0ac-56eb-a7ba-8e3095c83c05","LEGACY-20839-1935-29269761","","RETAIL","","INDIVIDUAL"
"1936","35043","688d63c6-bfec-5fa9-94f6-2c0d50391c6d","LEGACY-35043-1936-4276FA1C","","RETAIL","","INDIVIDUAL"
"1937","96411","63c13b1c-4494-5e61-908d-321b43ea63b9","LEGACY-96411-1937-BBBFB620","","RETAIL","","INDIVIDUAL"
"1938","29500","dda7874c-24ff-551c-bf80-b3bae18d2dab","LEGACY-29500-1938-C132AE23","","RETAIL","","INDIVIDUAL"
"1939","22834","209510b7-fe4c-5ab5-a4ac-8f54d9c869fc","LEGACY-22834-1939-536FE7F8","","RETAIL","","INDIVIDUAL"
"1940","48567","29da37f1-533a-584f-a9de-5a06a65f52fa","LEGACY-48567-1940-3DC943E9","","RETAIL","","INDIVIDUAL"
"1941","39474","eb93c857-208a-57e5-9cbf-dd5609a159cd","LEGACY-39474-1941-4698058E","","RETAIL","","INDIVIDUAL"
"1942","16375","9efb72fe-7158-58d1-8145-4f4352a196d0","LEGACY-16375-1942-6A264D07","","RETAIL","","INDIVIDUAL"
"1943","64469","0080b0fc-4f97-5a8e-9080-58d1f67cd13d","LEGACY-64469-1943-DA4F579D","","RETAIL","","INDIVIDUAL"
"1944","47426","89a55293-2de0-5b96-8ca5-b034b2e2e300","LEGACY-47426-1944-F79853DF","","RETAIL","","INDIVIDUAL"
"1945","95345","e59f62b1-270f-54d7-a81e-7a5209d813d0","LEGACY-95345-1945-E4C03B1F","","RETAIL","","INDIVIDUAL"
"1946","10630","20eb7f2b-7c27-5690-9019-495cda15d8e3","LEGACY-10630-1946-7B87201A","","RETAIL","","INDIVIDUAL"
"1948","86319","c1b54cf3-8206-502a-ab36-328a0161d720","LEGACY-86319-1948-EC467F11","","RETAIL","","INDIVIDUAL"
"1949","67153","eebfdca5-bb3f-5c6d-b349-9667858f91c8","LEGACY-67153-1949-E2AB948B","","RETAIL","","INDIVIDUAL"
"1951","78225","06dcb028-a960-5e2b-b7a7-44eb26c69c99","LEGACY-78225-1951-46A20246","","RETAIL","","INDIVIDUAL"
"1952","62228","9c371f30-1f19-5832-82e8-de344e26ad15","LEGACY-62228-1952-00A45970","","RETAIL","","INDIVIDUAL"
"1953","41021","df625a92-70fe-59a2-a2b4-4a40451e4bb3","LEGACY-41021-1953-9F9665A2","","RETAIL","","INDIVIDUAL"
"1954","92742","9c67585f-fd88-5b50-881a-a6aa8ae4f821","LEGACY-92742-1954-739C7E04","","RETAIL","","INDIVIDUAL"
"1955","43997","cb12543f-8e48-5c0f-87e1-3a8028683417","LEGACY-43997-1955-8DB30D2A","","RETAIL","","INDIVIDUAL"
"1956","94563","f3ba4196-de80-52b7-aef2-50a67a1eda8f","LEGACY-94563-1956-0F08FEA9","","RETAIL","","INDIVIDUAL"
"1957","92492","9f6f4bda-f5ab-5f54-b3a5-c240d47a648d","LEGACY-92492-1957-483A36EF","","RETAIL","","INDIVIDUAL"
"1958","34958","4e473692-c873-594b-97c8-ab691d2db086","LEGACY-34958-1958-99CEC262","","RETAIL","","INDIVIDUAL"
"1959","93302","29261b01-6bab-5446-863e-3a005aa17526","LEGACY-93302-1959-6C4B03FE","","RETAIL","","INDIVIDUAL"
"1960","46429","440dadda-a7c8-58bd-8b6c-da8997ad5f23","LEGACY-46429-1960-5DCF8D49","","RETAIL","","INDIVIDUAL"
"1961","73865","20670145-6f69-5ee2-a326-332d35368add","LEGACY-73865-1961-ECCFCF96","","RETAIL","","INDIVIDUAL"
"1962","32814","f602dd44-f864-5ec4-a033-22de8ad335f4","LEGACY-32814-1962-3F5B2B86","","RETAIL","","INDIVIDUAL"
"1963","60643","2d36155d-9df1-5f54-8aa4-ebe362dd390f","LEGACY-60643-1963-3C62A22B","","RETAIL","","INDIVIDUAL"
"1965","20475","4dd25d79-b761-51f3-b254-26635604613a","LEGACY-20475-1965-507605EF","","RETAIL","","INDIVIDUAL"
"1966","11510","447e42d1-bb10-5f69-afcc-785378f42352","LEGACY-11510-1966-FB0E03BB","","RETAIL","","INDIVIDUAL"
"1967","17540","bb532a3c-2af3-5416-975b-534909f1beda","LEGACY-17540-1967-9DBBAC99","","RETAIL","","INDIVIDUAL"
"1968","68398","4f7bb900-77ea-5493-b1b3-74edf70efcdc","LEGACY-68398-1968-30E64EEE","","RETAIL","","INDIVIDUAL"
"1969","41858","e6b4d9dd-7601-5e1f-b47b-103be429da6f","LEGACY-41858-1969-88B8156B","","RETAIL","","INDIVIDUAL"
"1970","24823","595e2bf6-d935-580b-a2d6-865b0639a1ec","LEGACY-24823-1970-0ECBAF5E","","RETAIL","","INDIVIDUAL"
"1971","29453","09ec522e-10cc-5e68-a6cb-9a732864b5e9","LEGACY-29453-1971-A1460B02","","RETAIL","","INDIVIDUAL"
"1972","19456","42e365a9-905d-5e3f-a709-e2f7580a54b8","LEGACY-19456-1972-B566060B","","RETAIL","","INDIVIDUAL"
"1973","96474","f453f036-6a20-539a-a772-a243f82a4d00","LEGACY-96474-1973-7E10AB94","","RETAIL","","INDIVIDUAL"
"1974","62805","f7be691e-f526-5997-b733-555f87ee041f","LEGACY-62805-1974-F996783F","","RETAIL","","INDIVIDUAL"
"1976","30663","b3e92d34-1e64-5747-a571-cce82250844f","LEGACY-30663-1976-2C22DAD7","","RETAIL","","INDIVIDUAL"
"1977","43217","169d5d25-baf6-5b03-9ae2-1284d3c19f1d","LEGACY-43217-1977-3EDF0D75","","RETAIL","","INDIVIDUAL"
"1978","37535","daa35f49-9995-5952-9b00-400b1da7497c","LEGACY-37535-1978-FB3B54FB","","RETAIL","","INDIVIDUAL"
"1979","44936","9f3b4ca8-91ed-5354-bdd1-09e4af72dc2e","LEGACY-44936-1979-E90FC51B","","RETAIL","","INDIVIDUAL"
"1980","19035","0dac0d9c-8fab-5dac-94df-c78635455913","LEGACY-19035-1980-7D2B5679","","RETAIL","","INDIVIDUAL"
"1981","39437","81784853-32e5-5481-98ae-ce238176bdc5","LEGACY-39437-1981-FED91171","","RETAIL","","INDIVIDUAL"
"1982","43843","8bca74a6-19b8-5d91-825a-2343e21f29eb","LEGACY-43843-1982-B9D0E7A4","","RETAIL","","INDIVIDUAL"
"1983","54119","8db11db1-bc35-5e2e-b246-40e21198b53a","LEGACY-54119-1983-0235DA8E","","RETAIL","","INDIVIDUAL"
"1987","98323","c29dc1cf-cf87-5e0c-a94a-0f7a64111c00","LEGACY-98323-1987-93960E5C","","RETAIL","","INDIVIDUAL"
"1989","54987","f1281e73-1c91-56ff-aad9-02d0266fa055","LEGACY-54987-1989-CFD37CFE","","RETAIL","","INDIVIDUAL"
"1990","50085","b6484d26-ade8-5231-8b4c-049bd2685361","LEGACY-50085-1990-101B9219","","RETAIL","","INDIVIDUAL"
"1992","99060","9013a985-0520-502a-8236-8cd9dd2282ff","LEGACY-99060-1992-F489AD06","","RETAIL","","INDIVIDUAL"
"1997","46702","a11f159b-03c4-5d6c-9d09-4e8ce49b33bd","LEGACY-46702-1997-9650D3B7","","RETAIL","","INDIVIDUAL"
"2002","96599","4f70b402-55f2-56d3-b9de-1eae237827db","LEGACY-96599-2002-20EB3EA5","","RETAIL","","INDIVIDUAL"
"2003","22374","c7545be1-efad-52ef-ac2a-77a1cf835fc5","LEGACY-22374-2003-1E7DCECE","","RETAIL","","INDIVIDUAL"
"2006","44469","a3657c89-ecc3-5e71-80ee-82fd6aab44d8","LEGACY-44469-2006-1D129FEA","","RETAIL","","INDIVIDUAL"
"2007","73382","4a095bbe-e7da-5bfc-ba9f-7315e9a603b4","LEGACY-73382-2007-5BF684BB","","RETAIL","","INDIVIDUAL"
"2008","14178","0a08ba52-0798-5c6b-a76b-fd0a80c9f917","LEGACY-14178-2008-282C0104","","RETAIL","","INDIVIDUAL"
"2009","20954","3c95bbaf-1ceb-5492-9b21-3cbe427f8ad9","LEGACY-20954-2009-A314FF10","","RETAIL","","INDIVIDUAL"
"2010","41579","cc7fc445-073b-5109-a3e1-997fd5c3787d","LEGACY-41579-2010-C3E38FAE","","RETAIL","","INDIVIDUAL"
"2013","89397","d7782e3a-ff5b-53f1-b80c-63d538c87b82","LEGACY-89397-2013-9CBD8CB9","","RETAIL","","INDIVIDUAL"
"2015","30393","e6118f25-9875-54ac-a42c-7eedfdd28b3a","LEGACY-30393-2015-C526F34F","","RETAIL","","INDIVIDUAL"
"2016","15190","5342512e-7875-5452-a892-0be9a90a49ab","LEGACY-15190-2016-1C128458","","RETAIL","","INDIVIDUAL"
"2017","85964","84b62773-8bf5-5917-80bd-9cc07e8664d4","LEGACY-85964-2017-D14455CD","","RETAIL","","INDIVIDUAL"
"2019","97204","51b8e248-11bf-576b-a047-b967372ab88c","LEGACY-97204-2019-074316BC","","RETAIL","","INDIVIDUAL"
"2022","44955","4762bfe0-6f84-5bc4-96fd-85546c97893e","LEGACY-44955-2022-D7920987","","RETAIL","","INDIVIDUAL"
"2025","73314","29bfcb24-a661-549c-acc1-bfb15b6eb414","LEGACY-73314-2025-8C418CBA","","RETAIL","","INDIVIDUAL"
"2026","64803","b30c5470-c721-5b4c-990b-a5ae607d4d90","LEGACY-64803-2026-F5C4B735","","RETAIL","","INDIVIDUAL"
"2027","57539","b7d65ae8-fb1f-51f1-a62b-9d8002d31dbd","LEGACY-57539-2027-C2E9DC8A","","RETAIL","","INDIVIDUAL"
"2028","77444","83d10c61-b1a6-5552-966f-16d433033a29","LEGACY-77444-2028-64BBC1B4","","RETAIL","","INDIVIDUAL"
"2032","59559","aedd2339-1bc0-5330-aa7d-2d04a3e71926","LEGACY-59559-2032-80FAECAB","","RETAIL","","INDIVIDUAL"
"2033","55077","635169dd-f03f-516c-92a4-43896bf2b888","LEGACY-55077-2033-08511F63","","RETAIL","","INDIVIDUAL"
"2035","59663","e4c4a880-4160-5edb-86bd-07939aa461f9","LEGACY-59663-2035-009CF872","","RETAIL","","INDIVIDUAL"
"2036","48329","dbdb3754-c939-59d0-bb60-8f6dfe821f0f","LEGACY-48329-2036-FDC248C9","","RETAIL","","INDIVIDUAL"
"2039","29617","9b23f924-e24e-59b0-9d50-e885d5ac415f","LEGACY-29617-2039-B65DAA72","","RETAIL","","INDIVIDUAL"
"2040","48677","c25198fd-2b57-5f62-b4ff-c9d427c127ed","LEGACY-48677-2040-C2070EB0","","RETAIL","","INDIVIDUAL"
"2041","27151","79027b11-dffb-5c18-95d3-6702218cae49","LEGACY-27151-2041-5E40CF65","","RETAIL","","INDIVIDUAL"
"2042","40279","816e941e-bca0-577d-8cdc-90e35d51d3fe","LEGACY-40279-2042-410E353B","","RETAIL","","INDIVIDUAL"
"2043","36698","b720772d-1790-5f47-b43e-d9245ec83957","LEGACY-36698-2043-9B977042","","RETAIL","","INDIVIDUAL"
"2045","21964","782319b8-a281-512e-8a02-c2f4ca997e52","LEGACY-21964-2045-60F12E0E","","RETAIL","","INDIVIDUAL"
"2046","29183","adb4770c-33d4-5e83-abda-bf520c5952ee","LEGACY-29183-2046-3879682D","","RETAIL","","INDIVIDUAL"
"2049","48557","81434f32-c025-5a47-ab7d-14740f32fb7f","LEGACY-48557-2049-A3AC0441","","RETAIL","","INDIVIDUAL"
"2050","81974","eb6d6021-209f-5ac1-b05e-3fb15001f906","LEGACY-81974-2050-52B60D73","","RETAIL","","INDIVIDUAL"
"2051","74832","211be7a4-5cd7-5ae1-8e24-76cfef54fd7f","LEGACY-74832-2051-FD366129","","RETAIL","","INDIVIDUAL"
"2052","14420","a79f67c9-20d1-576c-a522-8bc5b9a8be80","LEGACY-14420-2052-C1BB7F84","","RETAIL","","INDIVIDUAL"
"2053","79332","3ae30dc3-efbe-583c-888e-2899503508a3","LEGACY-79332-2053-A3575C11","","RETAIL","","INDIVIDUAL"
"2054","73403","afc34d4e-8556-5aad-92c9-479967321b2e","LEGACY-73403-2054-BF10C02F","","RETAIL","","INDIVIDUAL"
"2055","82369","1319b9ea-4df9-5f1f-bbdc-40b5f3ac066d","LEGACY-82369-2055-026FE6EC","","RETAIL","","INDIVIDUAL"
"2056","87958","d57b1de1-3b6d-5a5f-bad7-bc88e523d7a4","LEGACY-87958-2056-46FFDE67","","RETAIL","","INDIVIDUAL"
"2057","58098","5183b56d-07b7-5361-b715-2892a9460f25","LEGACY-58098-2057-09274344","","RETAIL","","INDIVIDUAL"
"2058","82788","ef9efa03-19ff-5871-bad2-af96270ac6db","LEGACY-82788-2058-88281B32","","RETAIL","","INDIVIDUAL"
"2059","17520","86aca150-26e0-5201-8786-c91cf1398f9e","LEGACY-17520-2059-E64812CD","","RETAIL","","INDIVIDUAL"
"2060","52454","b727e2d6-b583-523d-afd3-f047a0b27a9d","LEGACY-52454-2060-329A435C","","RETAIL","","INDIVIDUAL"
"2061","87249","ec404894-3dd8-5961-a4d1-5113026f49f7","LEGACY-87249-2061-7BED5777","","RETAIL","","INDIVIDUAL"
"2064","54374","67545b1f-2986-5a4b-9f82-dad522fdf269","LEGACY-54374-2064-D648D042","","RETAIL","","INDIVIDUAL"
"2065","29163","54651d04-a700-512d-9f4f-cbf3283a5356","LEGACY-29163-2065-C2F15327","","RETAIL","","INDIVIDUAL"
"2066","40855","2a33addf-99d2-5d6d-8aea-8beaf0b7b1af","LEGACY-40855-2066-C2827FA7","","RETAIL","","INDIVIDUAL"
"2067","96811","7b178dc3-011e-5f65-85d0-e00b0dbced06","LEGACY-96811-2067-07A25D36","","RETAIL","","INDIVIDUAL"
"2068","70053","85d56122-1638-55d5-b429-dadfc5176c16","LEGACY-70053-2068-A81005C5","","RETAIL","","INDIVIDUAL"
"2069","68488","9431ff2c-609f-5dfd-bc3b-d65ef45f2eea","LEGACY-68488-2069-A03D61E5","","RETAIL","","INDIVIDUAL"
"2070","89419","b3940359-1792-50d2-9387-79fe9d5f1e4c","LEGACY-89419-2070-78D66628","","RETAIL","","INDIVIDUAL"
"2071","19499","942912dd-4f6a-547c-8c21-be312f386554","LEGACY-19499-2071-4993273C","","RETAIL","","INDIVIDUAL"
"2072","29567","bc60ef68-90a2-595d-9984-f93a6aca5206","LEGACY-29567-2072-B9F0F571","","RETAIL","","INDIVIDUAL"
"2073","68415","db1dfdcd-b507-5a73-b5f8-b1e469d630de","LEGACY-68415-2073-95643551","","RETAIL","","INDIVIDUAL"
"2074","50229","6af10c5b-81d9-557f-a986-87fc3b0cc94f","LEGACY-50229-2074-C20C9742","","RETAIL","","INDIVIDUAL"
"2075","21093","14e3b6c2-3feb-53c7-a5f6-23e1ae450617","LEGACY-21093-2075-15702F0D","","RETAIL","","INDIVIDUAL"
"2076","44648","d39e694a-7848-5afd-b1b0-dffa2327362f","LEGACY-44648-2076-FC48D44B","","RETAIL","","INDIVIDUAL"
"2077","55211","edb0677e-f79a-51d8-987d-31231924bbee","LEGACY-55211-2077-2EAC72DB","","RETAIL","","INDIVIDUAL"
"2082","39509","9d514be2-4497-59ba-a190-04e3aa44f186","LEGACY-39509-2082-B2B32028","","RETAIL","","INDIVIDUAL"
"2084","21629","37fd4576-ef24-5b8d-bfd8-479d3572e4e7","LEGACY-21629-2084-6B974079","","RETAIL","","INDIVIDUAL"
"2086","72766","e845feaa-69c6-5a92-820e-167b8bb42b60","LEGACY-72766-2086-83F6B440","","RETAIL","","INDIVIDUAL"
"2087","85321","2c930285-ceec-5829-bf81-3ddaa88e1462","LEGACY-85321-2087-72F3A9E1","","RETAIL","","INDIVIDUAL"
"2088","90327","6644ca2d-87f9-5167-aedf-c226f6e44cef","LEGACY-90327-2088-C70E4B50","","RETAIL","","INDIVIDUAL"
"2089","84942","0a8bca6e-9ff6-5142-a9cf-b2ea09ed24e3","LEGACY-84942-2089-1FC82E7C","","RETAIL","","INDIVIDUAL"
"2090","14640","eca6bc5e-8d02-510c-ae8d-675ae32c148f","LEGACY-14640-2090-FB1E4F3E","","RETAIL","","INDIVIDUAL"
"2091","23175","2de4008f-8232-569a-82e5-e0e4474867ca","LEGACY-23175-2091-13126AD9","","RETAIL","","INDIVIDUAL"
"2092","13036","72b58ee8-b66f-5fc6-a621-3005ad4ccef6","LEGACY-13036-2092-000040B5","","RETAIL","","INDIVIDUAL"
"2093","19711","c14efd01-ee9a-5f6c-98cd-353a32510570","LEGACY-19711-2093-F222E39D","","RETAIL","","INDIVIDUAL"
"2094","20719","df086b99-3489-515e-9d51-2245cc86a9ba","LEGACY-20719-2094-1CD77FF7","","RETAIL","","INDIVIDUAL"
"2099","15549","ce8cc929-248d-52ef-83e3-0682990a0cf7","LEGACY-15549-2099-D7DC5C79","","RETAIL","","INDIVIDUAL"
"2100","22500","f402ce5a-c3ba-56f0-b37d-94fc259e6973","LEGACY-22500-2100-300975A6","","RETAIL","","INDIVIDUAL"
"2101","24676","002511ce-033c-50c1-b784-65d2254ef203","LEGACY-24676-2101-1D828635","","RETAIL","","INDIVIDUAL"
"2102","38973","f9fb5373-9f52-5875-89c9-4c656db3f766","LEGACY-38973-2102-4A4FCACC","","RETAIL","","INDIVIDUAL"
"2105","90016","b7b4e598-e32e-55b0-bead-5f2b3e881f92","LEGACY-90016-2105-5515D1B8","","RETAIL","","INDIVIDUAL"
"2106","82984","19fdcdbc-ebae-5ecc-812e-8e455c73d20e","LEGACY-82984-2106-A07D2654","","RETAIL","","INDIVIDUAL"
"2108","25579","213a05a7-09ce-5b3c-988f-518f541a7a3c","LEGACY-25579-2108-6F61947E","","RETAIL","","INDIVIDUAL"
"2109","26107","910e506b-abe2-5d52-8752-8b0f7fda9789","LEGACY-26107-2109-FAA400E7","","RETAIL","","INDIVIDUAL"
"2111","13719","5c40d2a8-3d08-56e1-af10-dfcf6bce4c26","LEGACY-13719-2111-3E0A95B0","","RETAIL","","INDIVIDUAL"
"2112","57390","91b65150-5f08-5f6a-bd49-3426034fc453","LEGACY-57390-2112-914F1AF1","","RETAIL","","INDIVIDUAL"
"2114","76375","ba4c5544-4b6d-58be-8f91-0955f54c07de","LEGACY-76375-2114-F64BC0C9","","RETAIL","","INDIVIDUAL"
"2116","77891","5d7a4d30-2e80-53e1-8f10-933cfc312fd8","LEGACY-77891-2116-9B1AA16D","","RETAIL","","INDIVIDUAL"
"2117","14406","fcc244b6-da6f-58dd-91fe-1fd21db24304","LEGACY-14406-2117-225C5DC6","","RETAIL","","INDIVIDUAL"
"2121","36443","58a7cb9e-7850-5792-88da-debf909861b9","LEGACY-36443-2121-C06F93A1","","RETAIL","","INDIVIDUAL"
"2122","29054","f57bf24e-d831-553f-a855-a0422b8db7e1","LEGACY-29054-2122-C78D7720","","RETAIL","","INDIVIDUAL"
"2123","28939","dce1bebb-e8c2-5369-9934-435338e97d4f","LEGACY-28939-2123-FC6F3659","","RETAIL","","INDIVIDUAL"
"2124","88259","4697d680-73d2-5d62-bb55-5a1adcde7ae6","LEGACY-88259-2124-39A3A79A","","RETAIL","","INDIVIDUAL"
"2125","66644","ca787fac-9586-5e6c-bbfb-616776a68ee7","LEGACY-66644-2125-4B8B9075","","RETAIL","","INDIVIDUAL"
"2127","53838","564940a8-a09d-5ed3-8dbf-6591a3386ca0","LEGACY-53838-2127-2F4D4BBB","","RETAIL","","INDIVIDUAL"
"2128","30028","f90a5789-c7ce-5546-b14e-e1427dc31fb5","LEGACY-30028-2128-3966F98C","","RETAIL","","INDIVIDUAL"
"2129","89876","b62e2dab-6cab-5aeb-abb9-585f3f34399b","LEGACY-89876-2129-BEECA4FC","","RETAIL","","INDIVIDUAL"
"2131","97736","40f84bb3-8aa1-53a5-95a3-06e84768dfa2","LEGACY-97736-2131-9E19A1E6","","RETAIL","","INDIVIDUAL"
"2133","79273","ef6702c3-c326-5c87-ae4e-f3bb8fc11602","LEGACY-79273-2133-21212DB6","","RETAIL","","INDIVIDUAL"
"2134","85742","948347f3-c206-5151-867f-4b51a579cad8","LEGACY-85742-2134-55C97B56","","RETAIL","","INDIVIDUAL"
"2135","31850","ff18c127-6cb4-5fd7-92b6-53aec4f17371","LEGACY-31850-2135-9C3EBD19","","RETAIL","","INDIVIDUAL"
"2136","13893","8614304b-9ddf-5a6a-bb10-382d3d433017","LEGACY-13893-2136-54CF44CF","","RETAIL","","INDIVIDUAL"
"2137","51608","420df9d9-f51e-5e9e-bf97-e65f1553d620","LEGACY-51608-2137-1236BCEF","","RETAIL","","INDIVIDUAL"
"2138","38341","089cd774-9b54-5fe5-ba74-8ff099ddaa42","LEGACY-38341-2138-5750C104","","RETAIL","","INDIVIDUAL"
"2139","83160","52227a2c-99ee-55e4-acb2-d2158b2125f7","LEGACY-83160-2139-5D9455E9","","RETAIL","","INDIVIDUAL"
"2140","67141","585edc81-6efd-58b3-a834-cf3a6a7927c7","LEGACY-67141-2140-4D16298D","","RETAIL","","INDIVIDUAL"
"2141","49456","5b73e717-69ec-525a-a8b2-335ae52feb4a","LEGACY-49456-2141-FC692D15","","RETAIL","","INDIVIDUAL"
"2143","47040","86eaa058-ccff-5b74-95c3-93329321f4f3","LEGACY-47040-2143-1CA12C3D","","RETAIL","","INDIVIDUAL"
"2145","32264","e16c672d-d535-5019-bd75-a5d1fb96b3c7","LEGACY-32264-2145-79E93565","","RETAIL","","INDIVIDUAL"
"2147","54663","da4a15d2-b45d-5d2b-b38d-1cc8147eaf7b","LEGACY-54663-2147-0F791B4E","","RETAIL","","INDIVIDUAL"
"2149","23123","a02cadf0-4356-500d-9840-6ccbf54abe18","LEGACY-23123-2149-327E7494","","RETAIL","","INDIVIDUAL"
"2150","45687","8318aedb-11dd-517c-82f9-1c699a1c391e","LEGACY-45687-2150-FB32EBB4","","RETAIL","","INDIVIDUAL"
"2151","35216","cb57629b-2637-5148-8a18-8bc3d4d7e86b","LEGACY-35216-2151-E5D00E35","","RETAIL","","INDIVIDUAL"
"2152","72384","f85cad72-870d-58ec-be44-b1e81fcda574","LEGACY-72384-2152-57E97AE6","","RETAIL","","INDIVIDUAL"
"2153","39123","baea6f78-76c8-5ce4-ba53-a7759c94e55e","LEGACY-39123-2153-4F3BB216","","RETAIL","","INDIVIDUAL"
"2154","58003","a4673b56-81fc-5310-b3c3-2fec2ee92085","LEGACY-58003-2154-398F2A4F","","RETAIL","","INDIVIDUAL"
"2155","25763","d94dc76f-6bad-5726-9850-3ac73389181c","LEGACY-25763-2155-87989C9E","","RETAIL","","INDIVIDUAL"
"2156","90635","bb30654f-e122-5d44-a35e-eba34ae5a67f","LEGACY-90635-2156-0DDE01DD","","RETAIL","","INDIVIDUAL"
"2157","12099","c3465319-2b56-55dc-bead-450a392b6397","LEGACY-12099-2157-1B4DD08E","","RETAIL","","INDIVIDUAL"
"2158","92520","25dfe048-0cc4-5ddc-b7f7-4139b9f58a9b","LEGACY-92520-2158-758C5398","","RETAIL","","INDIVIDUAL"
"2159","47726","99d24d35-d51c-5551-bb2c-4002f958a251","LEGACY-47726-2159-811F44DB","","RETAIL","","INDIVIDUAL"
"2160","18896","71c3737d-6f33-5260-89a1-b7c835138807","LEGACY-18896-2160-B81F5F3A","","RETAIL","","INDIVIDUAL"
"2161","97249","f196dc6c-5eb3-5e13-9e64-a41b4c6139f8","LEGACY-97249-2161-8941FEE4","","RETAIL","","INDIVIDUAL"
"2162","23258","6e0fbae9-c5c4-51d7-b443-6248c46349d4","LEGACY-23258-2162-9FAC28E0","","RETAIL","","INDIVIDUAL"
"2163","72953","0a6a896c-bd2c-5e04-8919-35aeafdd8e4c","LEGACY-72953-2163-03B18CB1","","RETAIL","","INDIVIDUAL"
"2164","62598","216e8170-7272-523a-8565-ce5ad9883c0b","LEGACY-62598-2164-4B1EE744","","RETAIL","","INDIVIDUAL"
"2165","53889","15b74b2d-cbe1-5682-bd6b-97c483a3cb8a","LEGACY-53889-2165-68BDD8A6","","RETAIL","","INDIVIDUAL"
"2166","72967","5e1f364c-0d2e-56d8-aba0-4921ef94df12","LEGACY-72967-2166-4EC51918","","RETAIL","","INDIVIDUAL"
"2167","65187","1d27f729-c137-58ee-83d3-20e5ed6593de","LEGACY-65187-2167-CFA99CA8","","RETAIL","","INDIVIDUAL"
"2168","96302","6914fb04-4bb0-5d6a-923b-d4f20e3fa525","LEGACY-96302-2168-CE64D096","","RETAIL","","INDIVIDUAL"
"2169","62417","e3cfb849-b5bd-5855-ba23-048f5700bf9c","LEGACY-62417-2169-31C40960","","RETAIL","","INDIVIDUAL"
"2170","62609","2d2278b9-44cc-5893-bfd2-dc46972e1390","LEGACY-62609-2170-01F65130","","RETAIL","","INDIVIDUAL"
"2171","16525","c1d59512-585d-55f6-b564-261d19cfa44f","LEGACY-16525-2171-BDECE7B6","","RETAIL","","INDIVIDUAL"
"2172","12190","db5570c6-465a-517e-a2c2-8ce1566e63f1","LEGACY-12190-2172-CB88A6CB","","RETAIL","","INDIVIDUAL"
"2173","56816","da487399-89e4-5d45-a075-f399a3925029","LEGACY-56816-2173-BC2AE503","","RETAIL","","INDIVIDUAL"
"2174","84740","59672836-c2cb-5847-aa66-be386f8e3903","LEGACY-84740-2174-20BEBD1B","","RETAIL","","INDIVIDUAL"
"2175","84524","1c9c809b-3b08-575b-b102-bc47a382ed5a","LEGACY-84524-2175-CE0C3299","","RETAIL","","INDIVIDUAL"
"2176","23594","d9192018-de29-5b61-b313-e0e301f91d89","LEGACY-23594-2176-4D0D7E43","","RETAIL","","INDIVIDUAL"
"2177","57945","3bdca0fc-e473-5d5d-bb81-6d1511ca4bb5","LEGACY-57945-2177-3264AAC0","","RETAIL","","INDIVIDUAL"
"2178","44510","51536eb2-c85a-5758-a0b3-464c683f04eb","LEGACY-44510-2178-94958606","","RETAIL","","INDIVIDUAL"
"2179","35588","3f7af84a-b0a3-5837-8d07-a243917ec2ea","LEGACY-35588-2179-3C24ECDA","","RETAIL","","INDIVIDUAL"
"2180","25313","6bafb0f3-0b29-588b-96af-758da50d1bba","LEGACY-25313-2180-EB661278","","RETAIL","","INDIVIDUAL"
"2182","93373","37f8b5d7-2ccd-5b72-b801-a00e549e976b","LEGACY-93373-2182-1FCCE939","","RETAIL","","INDIVIDUAL"
"2183","28784","01c0bc1e-18d2-53d9-92a3-250fd6146c84","LEGACY-28784-2183-52B14A63","","RETAIL","","INDIVIDUAL"
"2184","80772","cebce13c-b208-54f6-8d26-587b009d8e35","LEGACY-80772-2184-7CCE095F","","RETAIL","","INDIVIDUAL"
"2185","50715","6491600d-e4d4-5c37-9cd1-0721335ef129","LEGACY-50715-2185-6D36F63C","","RETAIL","","INDIVIDUAL"
"2186","40980","4770cbfe-e826-52d8-8fc7-8c7f4d6c21b9","LEGACY-40980-2186-F1DC7320","","RETAIL","","INDIVIDUAL"
"2187","52032","23ab2b7d-baca-53fc-813b-a13ee9d5c86d","LEGACY-52032-2187-84F6389A","","RETAIL","","INDIVIDUAL"
"2188","99636","07d10979-8fc7-508e-86ad-48dc52385ced","LEGACY-99636-2188-60EF59FD","","RETAIL","","INDIVIDUAL"
"2190","13070","08d10177-5123-5b36-a86e-3f9b823e858e","LEGACY-13070-2190-ACE1B730","","RETAIL","","INDIVIDUAL"
"2191","90158","bd6dd714-cc28-5582-8efa-f2374e926eaa","LEGACY-90158-2191-9B3941BB","","RETAIL","","INDIVIDUAL"
"2192","38048","c623556b-5ba7-53b0-8bf4-76e974f3e516","LEGACY-38048-2192-0B871AB0","","RETAIL","","INDIVIDUAL"
"2193","47554","5e7938ea-7cc3-5558-978d-496489e22f3c","LEGACY-47554-2193-158E6C87","","RETAIL","","INDIVIDUAL"
"2194","67689","703caa67-f70e-5271-95df-4cc25a59e1b1","LEGACY-67689-2194-2A2D366E","","RETAIL","","INDIVIDUAL"
"2196","71108","a533bd65-4a83-58ca-aeea-bbaf62de0828","LEGACY-71108-2196-53BA32E3","","RETAIL","","INDIVIDUAL"
"2197","78766","bf867dc1-2871-5f08-b852-0be5572bb440","LEGACY-78766-2197-118245CB","","RETAIL","","INDIVIDUAL"
"2198","32236","81617c05-45e8-5aa5-89d1-6a410e9a0fe9","LEGACY-32236-2198-BD5EF13A","","RETAIL","","INDIVIDUAL"
"2200","61715","998c0fa7-0ecf-532d-872e-4563ee6f83bd","LEGACY-61715-2200-5985E79D","","RETAIL","","INDIVIDUAL"
"2201","69519","480c59c6-a707-507c-acff-5bf544f011b9","LEGACY-69519-2201-6D025BDE","","RETAIL","","INDIVIDUAL"
"2202","89247","3dd5a1ab-9581-5fb2-a7c9-987cba162b08","LEGACY-89247-2202-58F18DB9","","RETAIL","","INDIVIDUAL"
"2203","20441","ee5ad281-c36f-5467-b5ab-2cd981029c4c","LEGACY-20441-2203-5E541B67","","RETAIL","","INDIVIDUAL"
"2204","56981","b43d033b-0d96-53f7-8724-c5fca20a1ac0","LEGACY-56981-2204-F5CAE1FE","","RETAIL","","INDIVIDUAL"
"2205","43785","0a120592-4f35-5232-bc2e-ed2c3939f846","LEGACY-43785-2205-C322D6EF","","RETAIL","","INDIVIDUAL"
"2206","12343","fa1d244b-98d3-59af-bd03-8b42ba4172f3","LEGACY-12343-2206-9F1C7224","","RETAIL","","INDIVIDUAL"
"2207","94232","5f01ff12-4237-55c7-86a0-5022ab578188","LEGACY-94232-2207-303BEF97","","RETAIL","","INDIVIDUAL"
"2208","98023","50b61d6d-a5ad-5140-802b-1c68c2290f40","LEGACY-98023-2208-1364F8B3","","RETAIL","","INDIVIDUAL"
"2209","24330","0ee3132a-feff-59a4-8fcc-32d596beff77","LEGACY-24330-2209-C3CBFBD3","","RETAIL","","INDIVIDUAL"
"2210","84158","763eea18-ce47-5eb9-846d-423a23ecdf0c","LEGACY-84158-2210-9689EA7A","","RETAIL","","INDIVIDUAL"
"2211","79238","6f041520-4f59-5fdb-8d19-aee329204e45","LEGACY-79238-2211-9E32F60B","","RETAIL","","INDIVIDUAL"
"2216","41776","5210ac4c-ea1e-5c32-8f0f-66832b06c893","LEGACY-41776-2216-18AB0D67","","RETAIL","","INDIVIDUAL"
"2222","29138","f02c029e-77da-555e-b108-42a98eb4d44d","LEGACY-29138-2222-08976591","","RETAIL","","INDIVIDUAL"
"2223","25653","7e1dfaba-67b4-5f2d-b5c3-e487f68cf794","LEGACY-25653-2223-01124E57","","RETAIL","","INDIVIDUAL"
"2226","10486","0545e07d-bbb9-5c49-8455-4721181406b2","LEGACY-10486-2226-D12B5D76","","RETAIL","","INDIVIDUAL"
"2227","54678","88c558b8-10d4-5e4c-92a3-23fdf24b0356","LEGACY-54678-2227-7E2479DA","","RETAIL","","INDIVIDUAL"
"2228","39670","8d9a5c69-9dc6-537f-aae1-87db90295e86","LEGACY-39670-2228-ED85180F","","RETAIL","","INDIVIDUAL"
"2229","28604","7b5a72df-7f78-5b7c-af99-b59a1005266a","LEGACY-28604-2229-848805A8","","RETAIL","","INDIVIDUAL"
"2232","65964","0c53a2c6-c4d1-598e-9d32-bcde0813878e","LEGACY-65964-2232-FFCEAB05","","RETAIL","","INDIVIDUAL"
"2233","50722","f2778331-6b06-5295-88f1-a4d9bc9297df","LEGACY-50722-2233-7C7B1422","","RETAIL","","INDIVIDUAL"
"2234","30699","40783a31-7dfa-52fb-8df0-cbd7f5c54b98","LEGACY-30699-2234-19F5723D","","RETAIL","","INDIVIDUAL"
"2237","57026","e2d02487-6269-53ea-abbf-9b4bc940edc6","LEGACY-57026-2237-5331F1BB","","RETAIL","","INDIVIDUAL"
"2238","49636","f577c4b2-937a-5a10-8287-44ce0b6a09ab","LEGACY-49636-2238-5AC68F85","","RETAIL","","INDIVIDUAL"
"2239","54034","309997c9-a6a8-52dc-bcd5-c3befd760bcd","LEGACY-54034-2239-961BE0F0","","RETAIL","","INDIVIDUAL"
"2240","51638","c9b4d765-9c4e-5fec-8aef-3eb09cc791fd","LEGACY-51638-2240-07641711","","RETAIL","","INDIVIDUAL"
"2241","91001","8d17e0e9-65af-5b76-9208-9a5a71f6553c","LEGACY-91001-2241-AF7E861D","","RETAIL","","INDIVIDUAL"
"2243","99269","1694ce9e-b176-522f-bf74-8ce6848a649f","LEGACY-99269-2243-3336C6A1","","RETAIL","","INDIVIDUAL"
"2245","42297","64edac48-6b13-57a6-8c33-13dd55113ac2","LEGACY-42297-2245-7C35861F","","RETAIL","","INDIVIDUAL"
"2246","74358","3860ff8b-ec11-5261-b462-4e8e4546ec2c","LEGACY-74358-2246-D0F62748","","RETAIL","","INDIVIDUAL"
"2247","34333","bc6ff8cb-0cf4-55a0-910f-4a0c066da37b","LEGACY-34333-2247-1A46AEC8","","RETAIL","","INDIVIDUAL"
"2248","30264","21e4fb6f-38f7-5a7c-be12-f8cd2a8f6b49","LEGACY-30264-2248-A38D2868","","RETAIL","","INDIVIDUAL"
"2250","58704","264a8295-efb2-5cd3-bb3a-5fb2fe6056fa","LEGACY-58704-2250-50256A20","","RETAIL","","INDIVIDUAL"
"2251","42659","398591fd-e60b-5d2e-a92e-a28e741f0d58","LEGACY-42659-2251-334477E9","","RETAIL","","INDIVIDUAL"
"2252","37241","f9e49163-ee8c-5097-ad52-8e824016ce49","LEGACY-37241-2252-D8716251","","RETAIL","","INDIVIDUAL"
"2253","60945","ee90abe0-31b1-5b98-950b-6dc04f7218bd","LEGACY-60945-2253-34606794","","RETAIL","","INDIVIDUAL"
"2254","90932","930a06e4-7e51-500e-97c1-f01a6ccbaf43","LEGACY-90932-2254-6E9055B9","","RETAIL","","INDIVIDUAL"
"2255","54747","23bef784-6f10-5f92-97ec-ebf660ce4e56","LEGACY-54747-2255-DB151DBA","","RETAIL","","INDIVIDUAL"
"2256","41914","f4dbc83f-0dd4-57ba-8bfa-69ea87bacd37","LEGACY-41914-2256-0A50B8A3","","RETAIL","","INDIVIDUAL"
"2257","85079","d6058b29-79af-5cb9-b8d9-e24f3cf4b24a","LEGACY-85079-2257-3A9F1ABD","","RETAIL","","INDIVIDUAL"
"2258","32554","4b703984-c1fe-5d0f-a241-c1b48ebb97b7","LEGACY-32554-2258-AEF6FA06","","RETAIL","","INDIVIDUAL"
"2259","76778","be5e860c-79b8-5907-aea0-bac1fc872c16","LEGACY-76778-2259-F56C040B","","RETAIL","","INDIVIDUAL"
"2261","64261","ca5c6628-6cd7-5a40-87ff-981c1a186786","LEGACY-64261-2261-4FCAEA5F","","RETAIL","","INDIVIDUAL"
"2262","38826","7a84a883-b1cb-5df0-b5ac-8be60922c20d","LEGACY-38826-2262-0D4714A0","","RETAIL","","INDIVIDUAL"
"2264","96453","43a981a4-2e60-5840-b4bb-6bdeb8784ed5","LEGACY-96453-2264-7A494496","","RETAIL","","INDIVIDUAL"
"2265","21597","e6bf65e7-ff9a-5ccc-869d-dec424fd4824","LEGACY-21597-2265-802C8ACF","","RETAIL","","INDIVIDUAL"
"2267","16128","1bc6f4d3-e130-53f3-b47b-2227009e6078","LEGACY-16128-2267-2AB5C4C4","","RETAIL","","INDIVIDUAL"
"2268","33157","d705077e-4da3-5893-8caa-bd3c59af0a11","LEGACY-33157-2268-74DB8585","","RETAIL","","INDIVIDUAL"
"2269","76758","1d7997b0-e4be-5648-97fc-5fcef1d6a097","LEGACY-76758-2269-0EF2EEB6","","RETAIL","","INDIVIDUAL"
"2270","29574","a41435e3-6034-5f9d-8435-e8741e72e9c8","LEGACY-29574-2270-2EB38DD9","","RETAIL","","INDIVIDUAL"
"2271","76079","64bd58eb-d64d-5126-9e83-2963a413e34f","LEGACY-76079-2271-05DE82D3","","RETAIL","","INDIVIDUAL"
"2272","34615","225b9301-1a3c-5366-87f0-ae4627c7d027","LEGACY-34615-2272-19FC30B8","","RETAIL","","INDIVIDUAL"
"2275","90027","0a2e4459-f8d3-5bb5-ad85-fd52d3a6c2f1","LEGACY-90027-2275-444337A8","","RETAIL","","INDIVIDUAL"
"2276","77366","86a22a85-1e63-56d3-b3f3-d320c38a0ee4","LEGACY-77366-2276-97F570A0","","RETAIL","","INDIVIDUAL"
"2277","49344","992ed80e-0bfe-5a7e-ae63-bff1c9ff4baa","LEGACY-49344-2277-89DD9287","","RETAIL","","INDIVIDUAL"
"2280","16196","146b05fa-1254-5a05-87fc-7e219348d870","LEGACY-16196-2280-2AB32DAB","","RETAIL","","INDIVIDUAL"
"2281","73967","eb88576c-c875-55c7-970c-a7e25766860b","LEGACY-73967-2281-03D9F092","","RETAIL","","INDIVIDUAL"
"2282","48888","41ef142b-a055-5324-9627-4ab08d5d8938","LEGACY-48888-2282-8387AD8F","","RETAIL","","INDIVIDUAL"
"2283","80487","1be66d0f-5ce2-5c99-a905-641dab80b940","LEGACY-80487-2283-CABE88B9","","RETAIL","","INDIVIDUAL"
"2286","63050","ff54039b-6c78-5e31-9af0-abba6e1efc0d","LEGACY-63050-2286-5CD89934","","RETAIL","","INDIVIDUAL"
"2287","18383","abbb877e-851d-5f40-8a8c-6b6be8aa543a","LEGACY-18383-2287-25F3A354","","RETAIL","","INDIVIDUAL"
"2288","60329","0222d213-0823-576a-b13b-965a688e1224","LEGACY-60329-2288-814BA6F2","","RETAIL","","INDIVIDUAL"
"2289","74048","5b0ea132-757a-5751-81d0-d92aaf23bb8c","LEGACY-74048-2289-F60830FD","","RETAIL","","INDIVIDUAL"
"2290","14373","1a415610-6361-543f-8dd8-e085921c41a8","LEGACY-14373-2290-44BCE4A3","","RETAIL","","INDIVIDUAL"
"2292","97757","676f1f02-bc8d-5d19-ad04-5c39452ffbb8","LEGACY-97757-2292-1F510760","","RETAIL","","INDIVIDUAL"
"2293","88759","2960b020-ad4a-57f5-b3de-f9f2f0ebc23a","LEGACY-88759-2293-D7957126","","RETAIL","","INDIVIDUAL"
"2294","47349","2f60cafd-4685-5f56-b860-05615a4688ac","LEGACY-47349-2294-A0CB7044","","RETAIL","","INDIVIDUAL"
"2295","11985","f8915028-caa5-5989-9536-1e23c4005fcc","LEGACY-11985-2295-62B2DBA3","","RETAIL","","INDIVIDUAL"
"2296","39450","e510a722-458b-5a82-a310-d3860cb226b6","LEGACY-39450-2296-3768C302","","RETAIL","","INDIVIDUAL"
"2297","88919","40f0b3c2-51d9-5d86-bf7c-9d20f8428afb","LEGACY-88919-2297-1FC3059D","","RETAIL","","INDIVIDUAL"
"2301","46960","88775d8a-ff52-57d4-a843-6f9c1f75da07","LEGACY-46960-2301-6B91EB4D","","RETAIL","","INDIVIDUAL"
"2302","87839","7bb4d01b-b2d2-5b45-860c-06bcdcb4f81c","LEGACY-87839-2302-EBF7D172","","RETAIL","","INDIVIDUAL"
"2303","10014","61c0f0fa-3e74-5023-9e84-fb2b50752f87","LEGACY-10014-2303-018E5431","","RETAIL","","INDIVIDUAL"
"2304","69212","9dacfdae-1734-5da1-90db-be56e4a41168","LEGACY-69212-2304-9452CA06","","RETAIL","","INDIVIDUAL"
"2305","21755","f703b98c-53f2-50e7-a19b-b06dd9a667d4","LEGACY-21755-2305-83B8F04F","","RETAIL","","INDIVIDUAL"
"2306","40355","370d885c-d732-5562-a8c3-418003319cf6","LEGACY-40355-2306-08DABE13","","RETAIL","","INDIVIDUAL"
"2308","87457","d194ebef-c99c-5a64-9147-9f8fddf12619","LEGACY-87457-2308-E4CFF401","","RETAIL","","INDIVIDUAL"
"2309","28921","74a034fd-84f6-5ba4-8204-54f811620723","LEGACY-28921-2309-E72DFCD8","","RETAIL","","INDIVIDUAL"
"2310","69863","dabfac64-6c47-5b01-a0f0-f46ec5c5fc24","LEGACY-69863-2310-8F375DE2","","RETAIL","","INDIVIDUAL"
"2313","99219","785a08cb-b21d-5239-8c76-084c247b514f","LEGACY-99219-2313-5BF5AD8B","","RETAIL","","INDIVIDUAL"
"2314","70444","a8e9d823-01ab-523a-9530-c4c6b1feec21","LEGACY-70444-2314-1A098286","","RETAIL","","INDIVIDUAL"
"2316","19312","6cc1d78b-abb8-5cae-abf4-fa4e8c660e51","LEGACY-19312-2316-A2A776C6","","RETAIL","","INDIVIDUAL"
"2317","91523","d7911057-4c63-5d5b-98f0-b839bd66de8f","LEGACY-91523-2317-58029CA2","","RETAIL","","INDIVIDUAL"
"2318","92993","8ab1dde5-1159-5157-a47c-0934c62d53b9","LEGACY-92993-2318-65DBDD7B","","RETAIL","","INDIVIDUAL"
"2319","53744","f3eb82c5-ed14-5f08-b5ba-6f7a768bae4e","LEGACY-53744-2319-E0730145","","RETAIL","","INDIVIDUAL"
"2320","38968","5d2bb081-8bc2-5ad0-b448-eb1733c702f8","LEGACY-38968-2320-574A379E","","RETAIL","","INDIVIDUAL"
"2322","87407","4bdc429d-40e6-53d9-b032-5f2f73a228b6","LEGACY-87407-2322-2E0C91D6","","RETAIL","","INDIVIDUAL"
"2323","15052","7acd9f41-5f60-5804-9d7b-64a4da62042b","LEGACY-15052-2323-4F503753","","RETAIL","","INDIVIDUAL"
"2324","30432","f0b9753a-be58-5cae-b650-10c7ab25cf5d","LEGACY-30432-2324-E72FBD2A","","RETAIL","","INDIVIDUAL"
"2325","64097","0e8afe5d-a39b-5f47-818a-6326883620f0","LEGACY-64097-2325-83B206B5","","RETAIL","","INDIVIDUAL"
"2327","26847","06c8f639-7225-54d7-9669-c53237db2712","LEGACY-26847-2327-0C2A536D","","RETAIL","","INDIVIDUAL"
"2328","16818","85a4cb04-1157-5873-af12-843edfc68631","LEGACY-16818-2328-FC46A633","","RETAIL","","INDIVIDUAL"
"2329","10670","1ad44994-4bbe-5c84-b990-143a8b211366","LEGACY-10670-2329-CAC44555","","RETAIL","","INDIVIDUAL"
"2330","91828","765949c3-7a5a-588b-b77b-1b58f90ad236","LEGACY-91828-2330-0BCFA307","","RETAIL","","INDIVIDUAL"
"2331","80172","a29280af-d3c3-59d0-b6a0-db793cc4b78b","LEGACY-80172-2331-B793CF19","","RETAIL","","INDIVIDUAL"
"2332","17282","d1984291-d3dc-5314-80c4-9b3fe8420daf","LEGACY-17282-2332-0A4FE4BE","","RETAIL","","INDIVIDUAL"
"2333","93288","0e9c3223-4660-56fb-badb-db03368478e8","LEGACY-93288-2333-78BBF5A7","","RETAIL","","INDIVIDUAL"
"2334","99880","26f33a86-a682-53b5-b7bd-b299a6d96dad","LEGACY-99880-2334-2D3A6A74","","RETAIL","","INDIVIDUAL"
"2335","87136","6edc1e40-fc79-5c23-965e-ca087aa5030e","LEGACY-87136-2335-D16BB605","","RETAIL","","INDIVIDUAL"
"2337","41234","154dbaca-d00f-5f31-a752-977a8266f3d5","LEGACY-41234-2337-79366C79","","RETAIL","","INDIVIDUAL"
"2338","68706","ce28d375-e221-5079-8f28-f157e1486f6b","LEGACY-68706-2338-26AF6703","","RETAIL","","INDIVIDUAL"
"2339","25247","1e2520dc-91e9-506b-a667-145420657adf","LEGACY-25247-2339-F6B8DFAD","","RETAIL","","INDIVIDUAL"
"2340","89631","1deac191-db22-5711-8ebb-eee20273b40c","LEGACY-89631-2340-3AB0AF06","","RETAIL","","INDIVIDUAL"
"2341","16932","c2afe75f-90e6-501a-a0bc-48ca7987c379","LEGACY-16932-2341-3607F311","","RETAIL","","INDIVIDUAL"
"2342","89799","cd89cc8b-9058-5f63-9925-cfd3311c632a","LEGACY-89799-2342-5C334507","","RETAIL","","INDIVIDUAL"
"2343","32709","ca6a3696-990a-5bb3-808d-095fe9c19562","LEGACY-32709-2343-4A1B1C81","","RETAIL","","INDIVIDUAL"
"2344","31187","02e75500-6e3b-55d4-8348-1c1f93dbf3f7","LEGACY-31187-2344-63CCEA07","","RETAIL","","INDIVIDUAL"
"2345","51346","e5d148d6-7bc3-5910-a02d-0102664a9243","LEGACY-51346-2345-883A6981","","RETAIL","","INDIVIDUAL"
"2347","6142","c50935d8-4b50-560b-b294-2e6eda892d70","LEGACY-6142-2347-2C85FC9F","","RETAIL","","INDIVIDUAL"
"2348","58636","0c27cb4d-2f20-51fe-b306-6d2e56bd57e2","LEGACY-58636-2348-6BB04C97","","RETAIL","","INDIVIDUAL"
"2349","31095","29c179c4-de33-5cbf-b2f4-223ab7a32a52","LEGACY-31095-2349-58BCCCC1","","RETAIL","","INDIVIDUAL"
"2350","45389","f4cc4158-0461-5435-b7a9-cb1f843f9a57","LEGACY-45389-2350-FA194A05","","RETAIL","","INDIVIDUAL"
"2351","62161","f881731b-9adb-5aa5-837e-17176304b5f6","LEGACY-62161-2351-98A4A87E","","RETAIL","","INDIVIDUAL"
"2352","54720","a1727c92-750c-5f12-9b65-cb1608abbb81","LEGACY-54720-2352-5140BDD6","","RETAIL","","INDIVIDUAL"
"2353","20795","b1a1b137-658d-5cbb-8856-1bdaf3dd918c","LEGACY-20795-2353-414812B7","","RETAIL","","INDIVIDUAL"
"2354","48160","7dee7825-2a5e-57f9-8810-ab122ee8912c","LEGACY-48160-2354-5F61351A","","RETAIL","","INDIVIDUAL"
"2355","45506","5a40c416-df28-5316-a5e0-68b0263757c3","LEGACY-45506-2355-DB8B1084","","RETAIL","","INDIVIDUAL"
"2356","73955","16d703b8-3c73-5a30-9915-74450522c5f2","LEGACY-73955-2356-85712AE1","","RETAIL","","INDIVIDUAL"
"2357","28714","1502ffc9-7168-578e-9473-5183a83ef118","LEGACY-28714-2357-371D91CA","","RETAIL","","INDIVIDUAL"
"2358","14843","7d4f3c2d-c9f0-5d8d-9781-b9f5759bd7aa","LEGACY-14843-2358-A4ED7AC3","","RETAIL","","INDIVIDUAL"
"2359","19021","17536247-325e-524c-b0f7-5abd4789f5bd","LEGACY-19021-2359-65A589AD","","RETAIL","","INDIVIDUAL"
"2360","63929","8a4ee63e-0c8f-5cf7-9fb7-adaa10f413d7","LEGACY-63929-2360-E7D84BB5","","RETAIL","","INDIVIDUAL"
"2362","97830","3c94e10f-b38c-504b-b9a1-1e4ba7dc0a63","LEGACY-97830-2362-97C3DE42","","RETAIL","","INDIVIDUAL"
"2363","68318","88bf6edd-e50d-5813-91b5-3f932344bbfe","LEGACY-68318-2363-1C894069","","RETAIL","","INDIVIDUAL"
"2364","38701","c46716db-da82-51ef-8a1b-920b6cfb14a1","LEGACY-38701-2364-DBBFF746","","RETAIL","","INDIVIDUAL"
"2366","26492","53bf315f-5cd5-5246-88cf-d74a24308cce","LEGACY-26492-2366-9BC79A96","","RETAIL","","INDIVIDUAL"
"2367","46089","c113edab-6a81-553a-80e4-a05769d52cdd","LEGACY-46089-2367-A123102D","","RETAIL","","INDIVIDUAL"
"2368","72970","0fa61e8c-f00a-55df-b18b-8885ee29d666","LEGACY-72970-2368-71ED0B83","","RETAIL","","INDIVIDUAL"
"2369","35798","025a32a5-074f-5000-b78a-34a55af13075","LEGACY-35798-2369-D0E2B235","","RETAIL","","INDIVIDUAL"
"2370","38491","eeb94da4-74d9-5508-a2bb-676ed4dab7f8","LEGACY-38491-2370-566D6FBF","","RETAIL","","INDIVIDUAL"
"2371","20380","fcd22acf-0ca0-5eb5-98b8-f3aed0a4d72e","LEGACY-20380-2371-C0DE20F4","","RETAIL","","INDIVIDUAL"
"2372","10140","b242ada1-4b55-58a9-bf78-082bd67ac091","LEGACY-10140-2372-4A575E65","","RETAIL","","INDIVIDUAL"
"2373","72671","e6a5bfd0-2e48-509f-92c6-0063ce57c868","LEGACY-72671-2373-FD39B12C","","RETAIL","","INDIVIDUAL"
"2374","58999","cfa1702e-b345-5283-a0db-4a2bdc812203","LEGACY-58999-2374-B8AD7369","","RETAIL","","INDIVIDUAL"
"2375","61771","4bdc6743-8803-5506-b962-1e4f7f28c243","LEGACY-61771-2375-0F5BBEC8","","RETAIL","","INDIVIDUAL"
"2376","42113","d9778757-91f1-5e06-a849-d3ff8611236e","LEGACY-42113-2376-5E4F0CA8","","RETAIL","","INDIVIDUAL"
"2377","85468","4b3454c6-bb72-5dcd-89be-ea5f4f02938e","LEGACY-85468-2377-F2723BEB","","RETAIL","","INDIVIDUAL"
"2380","48670","bb52f104-a044-5c1d-b303-2fd2d67c9831","LEGACY-48670-2380-FFEB6317","","RETAIL","","INDIVIDUAL"
"2382","38494","ed5e1749-da8e-55d5-906c-90dd02dccefb","LEGACY-38494-2382-66D4A627","","RETAIL","","INDIVIDUAL"
"2383","34194","ab46285a-c3a1-5ff8-a626-70c930a26f97","LEGACY-34194-2383-D5E4ED72","","RETAIL","","INDIVIDUAL"
"2384","87023","4cdba040-a098-5859-9e48-d43c2d27a0b7","LEGACY-87023-2384-D1810DE7","","RETAIL","","INDIVIDUAL"
"2385","63298","018dc6f8-c98c-5419-9d51-c8c7310f119e","LEGACY-63298-2385-FCA71C04","","RETAIL","","INDIVIDUAL"
"2386","41847","3e0f9d4f-36d6-5d9f-902b-49a09b3afb86","LEGACY-41847-2386-3D2A95E3","","RETAIL","","INDIVIDUAL"
"2387","18132","3e31d84a-bf28-5007-80d4-5a2ce6276f91","LEGACY-18132-2387-9D3F3E26","","RETAIL","","INDIVIDUAL"
"2388","59072","3e20c0a8-19b7-53f6-97ac-a1f3c1c37b14","LEGACY-59072-2388-1FCB0A31","","RETAIL","","INDIVIDUAL"
"2389","22266","dd934bc5-893a-5ed5-8e9e-68de30c46b8d","LEGACY-22266-2389-2386ECF8","","RETAIL","","INDIVIDUAL"
"2390","38327","47ca9d9d-486d-55f8-96e6-1123aa8d5e7d","LEGACY-38327-2390-A62EAC05","","RETAIL","","INDIVIDUAL"
"2391","48386","72d44d63-f39f-505d-89f7-16b0cfcd4cea","LEGACY-48386-2391-7397B464","","RETAIL","","INDIVIDUAL"
"2393","95086","eae6efe4-41db-59fb-b4aa-2eab58fb3b4b","LEGACY-95086-2393-00A07436","","RETAIL","","INDIVIDUAL"
"2394","30980","9883a51e-c26a-53cc-adbf-7ba42840fbba","LEGACY-30980-2394-4F69D14A","","RETAIL","","INDIVIDUAL"
"2396","63248","c40e32f1-15d1-50a8-847b-022e467c3f92","LEGACY-63248-2396-305CAE7E","","RETAIL","","INDIVIDUAL"
"2397","42788","23d55754-33fc-5941-bdb1-7f130974befe","LEGACY-42788-2397-36E045FB","","RETAIL","","INDIVIDUAL"
"2398","94706","172f4c7d-9f9c-5869-a768-0086e204afe4","LEGACY-94706-2398-9585C0C2","","RETAIL","","INDIVIDUAL"
"2399","31447","3e218be9-9454-563b-9360-ca9f94b1b4f8","LEGACY-31447-2399-28F621C9","","RETAIL","","INDIVIDUAL"
"2400","81081","f45d1c30-e861-5db2-b756-06a4ec248e0d","LEGACY-81081-2400-45712025","","RETAIL","","INDIVIDUAL"
"2402","56935","e7223d55-2e15-529d-b5c0-75325b33d36f","LEGACY-56935-2402-F86FD479","","RETAIL","","INDIVIDUAL"
"2403","66749","b100b4a2-90cb-5e03-b502-7401acc06dcd","LEGACY-66749-2403-9209BFC1","","RETAIL","","INDIVIDUAL"
"2404","19724","b4474efc-3b66-5e73-9ee8-d9969e8504e5","LEGACY-19724-2404-42347DB5","","RETAIL","","INDIVIDUAL"
"2405","21681","d6fdfe74-13f2-50d9-b0a7-ba74079f85f4","LEGACY-21681-2405-D2B0EB71","","RETAIL","","INDIVIDUAL"
"2406","26421","847e4e1f-fdd2-5aa2-8885-e51105961b24","LEGACY-26421-2406-DC2AC914","","RETAIL","","INDIVIDUAL"
"2407","79625","c2d40362-6fc9-5716-95a0-d3248337e8fc","LEGACY-79625-2407-1312DCF6","","RETAIL","","INDIVIDUAL"
"2408","30169","490971e7-60cc-5153-bb3f-822a81813bbd","LEGACY-30169-2408-C365FD5C","","RETAIL","","INDIVIDUAL"
"2409","20650","8ff26224-187f-528d-8e4e-c1a91d55017f","LEGACY-20650-2409-97A705DC","","RETAIL","","INDIVIDUAL"
"2410","44062","a383d95a-e93a-5a24-80b3-4cc0e4b3aebd","LEGACY-44062-2410-82345A50","","RETAIL","","INDIVIDUAL"
"2411","11817","e8803c93-d3cd-50ce-bdb1-29e62acf6a73","LEGACY-11817-2411-1DD7F0F4","","RETAIL","","INDIVIDUAL"
"2412","80532","229da99d-c389-517a-a4bc-33d3df6f445c","LEGACY-80532-2412-658A5940","","RETAIL","","INDIVIDUAL"
"2413","36213","130216a3-8a4b-520b-bd32-09d720e9dab2","LEGACY-36213-2413-7869B39C","","RETAIL","","INDIVIDUAL"
"2414","84483","b36c33d9-9c9f-5f86-a958-ffdee2047162","LEGACY-84483-2414-95C85A3C","","RETAIL","","INDIVIDUAL"
"2415","88182","2a5c33d8-45af-5749-bf74-d6b2882a4fd4","LEGACY-88182-2415-9A104873","","RETAIL","","INDIVIDUAL"
"2416","55766","c95d700c-d000-56f6-8f8a-aaef13f6eb74","LEGACY-55766-2416-DAD58CF2","","RETAIL","","INDIVIDUAL"
"2417","97786","78315aab-757e-548d-84a3-99d6407c71f1","LEGACY-97786-2417-D43E5A89","","RETAIL","","INDIVIDUAL"
"2418","50087","1cfd26b3-6728-5ff3-aedd-d58da415f3b1","LEGACY-50087-2418-F981FAFD","","RETAIL","","INDIVIDUAL"
"2419","28173","1011d0d4-0253-5d8e-b659-f3efbedaef83","LEGACY-28173-2419-F50D30EB","","RETAIL","","INDIVIDUAL"
"2420","81211","e3f163ba-ba5d-5e2a-b6c4-d4f5fa8d0caa","LEGACY-81211-2420-5C90F414","","RETAIL","","INDIVIDUAL"
"2421","68467","ab3546cb-c653-5e52-8809-b9e813d518ee","LEGACY-68467-2421-37B6029D","","RETAIL","","INDIVIDUAL"
"2422","36244","8c64757a-c8f4-5500-9953-4d92e6d43933","LEGACY-36244-2422-3BB2773C","","RETAIL","","INDIVIDUAL"
"2423","30100","c1f1255b-8b9b-5346-a1b9-daa1264dc17a","LEGACY-30100-2423-B4C7A324","","RETAIL","","INDIVIDUAL"
"2424","57399","80ab5db9-7453-5579-adf3-3a0b3a775f02","LEGACY-57399-2424-31C8C58D","","RETAIL","","INDIVIDUAL"
"2425","85339","24e248bd-6b65-558f-ba38-f75411fc50d1","LEGACY-85339-2425-AA0B8142","","RETAIL","","INDIVIDUAL"
"2427","40858","986f540f-aa1b-511b-a92b-97635f9e210b","LEGACY-40858-2427-E53FBD9F","","RETAIL","","INDIVIDUAL"
"2428","18050","9f733aff-5754-5d16-a3dd-5c224a078b6a","LEGACY-18050-2428-1AC3FEF1","","RETAIL","","INDIVIDUAL"
"2429","68916","4daa8e04-ebb4-520f-a9ce-c6e143fd5741","LEGACY-68916-2429-89BD7463","","RETAIL","","INDIVIDUAL"
"2430","54649","88e145b6-6584-570c-9080-8b83e2eabf89","LEGACY-54649-2430-1D2E0C45","","RETAIL","","INDIVIDUAL"
"2431","50162","e3d99731-96ed-543f-b004-6f5604dbab35","LEGACY-50162-2431-E8D7543A","","RETAIL","","INDIVIDUAL"
"2432","26778","262e4da6-7af4-5ff5-adde-bf585475d320","LEGACY-26778-2432-3C8E6365","","RETAIL","","INDIVIDUAL"
"2433","52781","08d487b2-2f81-5cb3-99ef-047a812faaa4","LEGACY-52781-2433-5121B6B7","","RETAIL","","INDIVIDUAL"
"2434","84301","5f8b3b8a-c2d2-5709-9901-73a591b3dadb","LEGACY-84301-2434-ED274C76","","RETAIL","","INDIVIDUAL"
"2435","10229","66763817-7d70-5863-85f3-53a1d66f5c17","LEGACY-10229-2435-E3BBB208","","RETAIL","","INDIVIDUAL"
"2436","20766","7807e69f-ba94-502a-b7dc-77c63dd8d1fb","LEGACY-20766-2436-16598D65","","RETAIL","","INDIVIDUAL"
"2438","93927","7f5b3c2f-d515-57f9-b1d2-bd1f580e65fa","LEGACY-93927-2438-75C81136","","RETAIL","","INDIVIDUAL"
"2439","51580","b94f36ba-9041-53a6-bfe4-721cf2338147","LEGACY-51580-2439-52746594","","RETAIL","","INDIVIDUAL"
"2440","77437","0045ff92-efdf-56e9-a052-1ebb3dabe237","LEGACY-77437-2440-899506FD","","RETAIL","","INDIVIDUAL"
"2442","46385","a55cd55a-4ada-5ea6-befe-14b1f2a33bb3","LEGACY-46385-2442-AD743171","","RETAIL","","INDIVIDUAL"
"2443","43334","dc59d2a7-7e96-5c9a-8921-097d7330689b","LEGACY-43334-2443-ECD3F59C","","RETAIL","","INDIVIDUAL"
"2444","25941","1aef7ff7-f5b2-5403-af65-09bc3d8cd799","LEGACY-25941-2444-05FDD284","","RETAIL","","INDIVIDUAL"
"2445","86854","f75b2772-8d2c-58ff-842f-62d8163cc56e","LEGACY-86854-2445-73A37C2A","","RETAIL","","INDIVIDUAL"
"2447","34843","431b6ad3-7662-5320-9a60-2669595131cf","LEGACY-34843-2447-E333181E","","RETAIL","","INDIVIDUAL"
"2448","97755","4aa38000-ed28-5cfd-b9be-176eaa21369b","LEGACY-97755-2448-ED833F6A","","RETAIL","","INDIVIDUAL"
"2449","92766","11e27a2b-5bd5-5e08-a68e-8eaaee51b5c6","LEGACY-92766-2449-EA61BDE6","","RETAIL","","INDIVIDUAL"
"2451","24766","3a406342-e269-5631-8174-71a783c786fc","LEGACY-24766-2451-0848E808","","RETAIL","","INDIVIDUAL"
"2452","36708","8e045303-abdf-5d6b-b137-b52afd375147","LEGACY-36708-2452-C42C4DC9","","RETAIL","","INDIVIDUAL"
"2453","97641","0289b209-03e9-50b9-b503-8771e7338654","LEGACY-97641-2453-FF397E79","","RETAIL","","INDIVIDUAL"
"2454","84249","502e90b6-1f27-5212-8843-2e84b869fe6e","LEGACY-84249-2454-C74F4BB2","","RETAIL","","INDIVIDUAL"
"2456","66209","eec5afef-bca4-5271-a77c-c265896391c0","LEGACY-66209-2456-9F4681EC","","RETAIL","","INDIVIDUAL"
"2457","18980","1418f39e-3aaa-580f-94e1-d809ad8383ed","LEGACY-18980-2457-268A8091","","RETAIL","","INDIVIDUAL"
"2458","30547","30ea238b-fb32-58ef-b39a-38d6774f3024","LEGACY-30547-2458-D46472AC","","RETAIL","","INDIVIDUAL"
"2459","27307","368001b6-d87a-575a-9440-5084648a89f0","LEGACY-27307-2459-1E60C157","","RETAIL","","INDIVIDUAL"
"2460","86305","a225153e-6c3c-58d3-a256-981a113a6c5b","LEGACY-86305-2460-EF543D8B","","RETAIL","","INDIVIDUAL"
"2463","58500","53810b2e-8b09-5ea2-8a18-4e8c87f46863","LEGACY-58500-2463-2043C9F9","","RETAIL","","INDIVIDUAL"
"2464","47151","8bb22525-6b49-5264-96f5-4f0c7c67d8dc","LEGACY-47151-2464-8943FB25","","RETAIL","","INDIVIDUAL"
"2465","56674","bf32528f-f252-566d-a188-4d4ad74063de","LEGACY-56674-2465-98DCF822","","RETAIL","","INDIVIDUAL"
"2466","32194","632ce781-1b99-5808-aeca-e1da576d05d8","LEGACY-32194-2466-DB53278E","","RETAIL","","INDIVIDUAL"
"2467","94498","8764fea1-b1ed-5451-9c6d-c14c7c04ec73","LEGACY-94498-2467-951601B5","","RETAIL","","INDIVIDUAL"
"2468","74222","3b5ac24a-00d0-513e-b04c-29ca43924c2a","LEGACY-74222-2468-3C2B8169","","RETAIL","","INDIVIDUAL"
"2469","72441","fc0845b9-2f19-553e-8f29-12fd3b21abc0","LEGACY-72441-2469-94D5799C","","RETAIL","","INDIVIDUAL"
"2470","72782","28b8d075-0015-5847-b6a2-9b22d2b343c1","LEGACY-72782-2470-4F508119","","RETAIL","","INDIVIDUAL"
"2471","60598","198e52be-e61e-51d1-8b92-a13300344d96","LEGACY-60598-2471-44571472","","RETAIL","","INDIVIDUAL"
"2472","35199","65f31f21-c2c2-563f-adbe-36e4f459a6d2","LEGACY-35199-2472-20D7A196","","RETAIL","","INDIVIDUAL"
"2475","83602","e070e5c6-431a-5582-926b-62b19359e574","LEGACY-83602-2475-0CDBA614","","RETAIL","","INDIVIDUAL"
"2476","47058","6f211a25-c107-5286-8050-7a06e8f7a866","LEGACY-47058-2476-9C141280","","RETAIL","","INDIVIDUAL"
"2477","45613","a4ceac6b-a24f-5eea-a24a-6c22207c4bdf","LEGACY-45613-2477-6D6DD315","","RETAIL","","INDIVIDUAL"
"2478","37283","aa224ceb-753b-50ab-9def-deb56270a342","LEGACY-37283-2478-53E6B193","","RETAIL","","INDIVIDUAL"
"2479","75519","494c5f8a-f00f-5515-9652-3b86f34642c6","LEGACY-75519-2479-F163CA0E","","RETAIL","","INDIVIDUAL"
"2481","45881","a023a628-2673-5ed8-a3e3-ae27753d8115","LEGACY-45881-2481-8546FE27","","RETAIL","","INDIVIDUAL"
"2482","36388","e5b0dedc-c6bc-52a9-bd98-67e0fe385359","LEGACY-36388-2482-8E4C5214","","RETAIL","","INDIVIDUAL"
"2483","50445","83fd3c9f-5928-56bb-9a26-fc90fc6df1a2","LEGACY-50445-2483-91AA0EE2","","RETAIL","","INDIVIDUAL"
"2484","48954","020db98d-eed2-51a9-8bd6-0b98bf03e1e4","LEGACY-48954-2484-8A21C64E","","RETAIL","","INDIVIDUAL"
"2485","47764","f8ea9ae5-26fa-5cd2-a988-b39d4f4f639f","LEGACY-47764-2485-92F6ADE0","","RETAIL","","INDIVIDUAL"
"2486","43383","b3b6f895-1d27-57af-bceb-411f360d218e","LEGACY-43383-2486-0C9E8AC9","","RETAIL","","INDIVIDUAL"
"2487","92999","2b929a7d-b300-57d7-a441-21437769a9c5","LEGACY-92999-2487-D47C589D","","RETAIL","","INDIVIDUAL"
"2488","56545","f42d492c-6d6d-524d-9ab6-45efc88f1b18","LEGACY-56545-2488-4B9E4E8F","","RETAIL","","INDIVIDUAL"
"2489","13717","eed73989-4d14-50da-a6d2-6eb969dd5423","LEGACY-13717-2489-35BA4FD5","","RETAIL","","INDIVIDUAL"
"2490","60275","37f673da-60a2-58d3-adac-9ab28f6b0055","LEGACY-60275-2490-4F3E4C80","","RETAIL","","INDIVIDUAL"
"2491","94937","0390e862-83ef-58a1-b582-63777c81b26c","LEGACY-94937-2491-80D37E36","","RETAIL","","INDIVIDUAL"
"2492","78763","36d8d023-1704-5a24-aab9-a5bd96a6140e","LEGACY-78763-2492-6F463001","","RETAIL","","INDIVIDUAL"
"2494","32001","e638db36-4135-5180-bf8b-95a4c6b18ea4","LEGACY-32001-2494-AE7009B6","","RETAIL","","INDIVIDUAL"
"2495","34649","8691c303-eb36-5d5f-bf77-d48a69f6d4b8","LEGACY-34649-2495-1932C395","","RETAIL","","INDIVIDUAL"
"2496","48308","4f675f2a-5c9e-59c5-9254-b0357bc9db3b","LEGACY-48308-2496-DFAA3B03","","RETAIL","","INDIVIDUAL"
"2497","60691","1ea46515-4635-55bf-a9ce-1c6d79b23fe9","LEGACY-60691-2497-0688E641","","RETAIL","","INDIVIDUAL"
"2498","40929","4f286fc9-f0f8-5cb5-98f9-2c01b072c795","LEGACY-40929-2498-CA68C6B4","","RETAIL","","INDIVIDUAL"
"2499","26770","0a2be0cc-8c9c-5c67-b1b1-9b46bfba3f5b","LEGACY-26770-2499-38FA685B","","RETAIL","","INDIVIDUAL"
"2500","62206","2ce779bc-5e7a-590a-927c-bb664372a2e0","LEGACY-62206-2500-32CA8528","","RETAIL","","INDIVIDUAL"
"2501","86443","728df71b-4b51-5b78-a824-174e36b8e175","LEGACY-86443-2501-FCC65F67","","RETAIL","","INDIVIDUAL"
"2502","31724","0f9ae3d2-35b5-5e02-bd5b-0060d04512b7","LEGACY-31724-2502-42919138","","RETAIL","","INDIVIDUAL"
"2503","26137","9f1eacbb-ea9f-5d1d-b86c-c4aa311f028a","LEGACY-26137-2503-9CD5D7C0","","RETAIL","","INDIVIDUAL"
"2504","22138","173970a6-582c-52ce-86a0-d39fe25b7164","LEGACY-22138-2504-9CEDB338","","RETAIL","","INDIVIDUAL"
"2505","14440","976785fe-252a-58bd-b6bd-8774fa4b0ec4","LEGACY-14440-2505-945F7286","","RETAIL","","INDIVIDUAL"
"2507","21299","5477bce1-1367-5a20-bb41-58ecaa7f9d63","LEGACY-21299-2507-C9E5F81B","","RETAIL","","INDIVIDUAL"
"2508","76382","261daa00-accf-570e-93b6-b68dda5c9fb7","LEGACY-76382-2508-7131DA02","","RETAIL","","INDIVIDUAL"
"2509","75162","9ffc5622-f5a1-5751-8c8d-a4888fd8cc2b","LEGACY-75162-2509-C4FA5FFF","","RETAIL","","INDIVIDUAL"
"2510","25302","e444a08f-77bf-536f-b541-6d0de5711ea3","LEGACY-25302-2510-F05357F5","","RETAIL","","INDIVIDUAL"
"2511","12453","8ad3287d-b70e-50c5-a9c1-75a4792eadd5","LEGACY-12453-2511-1F1B9A9B","","RETAIL","","INDIVIDUAL"
"2513","16587","3d2fa3ab-c4fa-5a3d-ae74-0472039624a3","LEGACY-16587-2513-591E888F","","RETAIL","","INDIVIDUAL"
"2514","87433","8216a594-c37f-50e2-9361-72c00b6a738a","LEGACY-87433-2514-6BF03E16","","RETAIL","","INDIVIDUAL"
"2517","30047","860409aa-4019-5995-b8e9-d9b17d42cc2a","LEGACY-30047-2517-882581D5","","RETAIL","","INDIVIDUAL"
"2518","14139","84f38b1d-232c-59d3-8e57-53127b5e3a18","LEGACY-14139-2518-167C0962","","RETAIL","","INDIVIDUAL"
"2519","32908","72e387b5-1e8f-53ee-9704-645101dbca65","LEGACY-32908-2519-0420AC74","","RETAIL","","INDIVIDUAL"
"2520","63118","f48e5f18-1f28-50fc-b77f-0be598d32298","LEGACY-63118-2520-745145C3","","RETAIL","","INDIVIDUAL"
"2522","38222","040b8d50-da8d-5d66-abfe-6a169344f762","LEGACY-38222-2522-9DF12020","","RETAIL","","INDIVIDUAL"
"2523","27048","312a5746-2c8a-5519-b215-fc9a3aa6eb31","LEGACY-27048-2523-A972566A","","RETAIL","","INDIVIDUAL"
"2525","53892","91f13d8b-bd74-5639-9f97-ecbf925d8fbe","LEGACY-53892-2525-BE2DBA8F","","RETAIL","","INDIVIDUAL"
"2527","74042","413f089d-a745-57b0-ae6a-57193d638a04","LEGACY-74042-2527-67224F2C","","RETAIL","","INDIVIDUAL"
"2528","76245","6cec0a7f-0f6e-5c3a-84ae-02a54505d9f7","LEGACY-76245-2528-B72936E5","","RETAIL","","INDIVIDUAL"
"2529","58545","74473553-b34d-5741-9fc0-73f947e5a769","LEGACY-58545-2529-541EBC96","","RETAIL","","INDIVIDUAL"
"2531","85670","fc067733-8a6e-57eb-b405-93fc6cf913ab","LEGACY-85670-2531-D019A82C","","RETAIL","","INDIVIDUAL"
"2533","75244","8b33e717-ed4b-5042-b044-05f98cc58e57","LEGACY-75244-2533-0B8462EB","","RETAIL","","INDIVIDUAL"
"2534","41169","25390a07-4197-5abd-a5e9-6adb586204f9","LEGACY-41169-2534-CB349690","","RETAIL","","INDIVIDUAL"
"2535","20867","9580234a-71a1-56fc-8f6e-59c07458b117","LEGACY-20867-2535-240367DC","","RETAIL","","INDIVIDUAL"
"2536","24883","11fee2a0-7d4a-509b-a53d-1e15e14e1574","LEGACY-24883-2536-3000A4E9","","RETAIL","","INDIVIDUAL"
"2537","55184","22cf3f51-ac70-5d70-8a2f-e43636955a1b","LEGACY-55184-2537-A56638D0","","RETAIL","","INDIVIDUAL"
"2538","53781","7a3eb4e9-d553-5271-850e-14e9e0e08e63","LEGACY-53781-2538-223E7042","","RETAIL","","INDIVIDUAL"
"2540","73908","ff15b529-d9c7-59bc-877a-042f390aff5d","LEGACY-73908-2540-84182FBD","","RETAIL","","INDIVIDUAL"
"2542","64847","2cc864d1-7c60-5ff5-9abc-f97fcb8f7ea1","LEGACY-64847-2542-693AC1EA","","RETAIL","","INDIVIDUAL"
"2543","62969","3a5a83c9-66f7-5242-b4b0-f4cec02f27d8","LEGACY-62969-2543-BD46A440","","RETAIL","","INDIVIDUAL"
"2548","96603","c18719ce-05d1-5ad5-857c-17ae8f6779ae","LEGACY-96603-2548-064B3D87","","RETAIL","","INDIVIDUAL"
"2549","74239","341601e6-fc84-55e9-abc5-bb6e35dd3f97","LEGACY-74239-2549-5DC4B273","","RETAIL","","INDIVIDUAL"
"2550","10211","f3cae653-c828-5454-bd73-719afb142f7b","LEGACY-10211-2550-691F4772","","RETAIL","","INDIVIDUAL"
"2551","64735","fa7237f7-05b7-5005-82ac-e01000b5caf3","LEGACY-64735-2551-2D62F496","","RETAIL","","INDIVIDUAL"
"2552","74330","4b5d1b36-2c27-5d91-83d4-f1537aafb5db","LEGACY-74330-2552-E975300A","","RETAIL","","INDIVIDUAL"
"2553","41588","7258f3e1-545b-51ab-bb2a-193f6d1e4f8e","LEGACY-41588-2553-0F691E7F","","RETAIL","","INDIVIDUAL"
"2554","93723","66adc9cf-f1e6-5cb1-beb7-02e5171d183a","LEGACY-93723-2554-02FBB488","","RETAIL","","INDIVIDUAL"
"2555","53667","1e47d692-c4c2-510e-aa68-9734693c163c","LEGACY-53667-2555-0F24FF99","","RETAIL","","INDIVIDUAL"
"2556","24458","8b726614-4ce9-5c3e-91ff-bfea2e21c1dd","LEGACY-24458-2556-19BCB7F1","","RETAIL","","INDIVIDUAL"
"2558","27507","2a0f0798-0580-52d0-9b45-2fe9405eb496","LEGACY-27507-2558-B517059F","","RETAIL","","INDIVIDUAL"
"2560","73535","20522ebf-8ffe-582c-a4fe-05c0e4500b4b","LEGACY-73535-2560-0C7A2EC7","","RETAIL","","INDIVIDUAL"
"2561","93339","7a2e875a-b2c4-51bf-9969-3c8c8d96352d","LEGACY-93339-2561-4F1FE8D4","","RETAIL","","INDIVIDUAL"
"2562","97233","8716b5d3-b53d-5d10-bd02-f9ff6b95129d","LEGACY-97233-2562-1DEE90B3","","RETAIL","","INDIVIDUAL"
"2565","81817","c5fc85dc-79e6-5806-9cde-bb9a448bec4e","LEGACY-81817-2565-ECC97D7F","","RETAIL","","INDIVIDUAL"
"2566","37174","8251e3a7-7464-5f9b-ad82-9d0932443296","LEGACY-37174-2566-266D0599","","RETAIL","","INDIVIDUAL"
"2567","39759","8e697fa1-e42c-5f85-adc7-6d70340a46f9","LEGACY-39759-2567-9E549492","","RETAIL","","INDIVIDUAL"
"2568","28457","38ce5df5-ddad-5400-a9d7-da3defdce247","LEGACY-28457-2568-C243AC43","","RETAIL","","INDIVIDUAL"
"2569","28002","f45d4e42-300b-59eb-b931-29a56a70ca10","LEGACY-28002-2569-4D0E2D0F","","RETAIL","","INDIVIDUAL"
"2572","91769","be1f6028-8863-5f86-b68e-6567818d4512","LEGACY-91769-2572-8BEE9A34","","RETAIL","","INDIVIDUAL"
"2573","88735","02f7b1c5-eacf-5901-861f-d94aeb8f13cd","LEGACY-88735-2573-1CDC8BF0","","RETAIL","","INDIVIDUAL"
"2574","78056","d4d33e2c-1992-58b5-867c-ff9c8d30b1d8","LEGACY-78056-2574-339E4CFF","","RETAIL","","INDIVIDUAL"
"2576","49557","07140ccf-72ff-53a6-9e91-f5b0cc7f994e","LEGACY-49557-2576-5ECC8CE1","","RETAIL","","INDIVIDUAL"
"2578","47308","c361149c-a771-57bb-a620-62e3a881ae84","LEGACY-47308-2578-484E51E4","","RETAIL","","INDIVIDUAL"
"2580","26216","c0e0568f-dae9-5403-95e3-859e3268dc88","LEGACY-26216-2580-BDAEC146","","RETAIL","","INDIVIDUAL"
"2581","64784","63c93771-f076-5bff-90c9-1da98eb17e71","LEGACY-64784-2581-5D11B35D","","RETAIL","","INDIVIDUAL"
"2582","42194","d6dd8d39-4368-5a75-aa72-76e6b90f33b5","LEGACY-42194-2582-7CA8EF00","","RETAIL","","INDIVIDUAL"
"2583","94815","f27ec282-f164-5faa-9932-1c34bd6e9a97","LEGACY-94815-2583-D1CCB614","","RETAIL","","INDIVIDUAL"
"2584","32422","92672346-66eb-5621-a0b9-3354479969b9","LEGACY-32422-2584-D4916049","","RETAIL","","INDIVIDUAL"
"2586","95588","eb0b8658-fdbf-543d-80bb-dc88b1bfb2dc","LEGACY-95588-2586-49BF3309","","RETAIL","","INDIVIDUAL"
"2587","60669","e882cb0e-3942-5f89-9863-dbcb207589d3","LEGACY-60669-2587-504A4C87","","RETAIL","","INDIVIDUAL"
"2588","29076","a4e9e7ea-2f0d-58c6-9ef0-b4bab642da97","LEGACY-29076-2588-1649AEC1","","RETAIL","","INDIVIDUAL"
"2590","50939","c96269f5-2ef0-5d85-980c-64d79bcb8a0f","LEGACY-50939-2590-12402C11","","RETAIL","","INDIVIDUAL"
"2591","35992","ac7dc280-3270-5161-bd9b-664fe4e1aebb","LEGACY-35992-2591-E1132C80","","RETAIL","","INDIVIDUAL"
"2593","70739","c359cf3c-af36-5550-8f52-1674e8f71bab","LEGACY-70739-2593-5FE57B67","","RETAIL","","INDIVIDUAL"
"2594","39293","75a041db-e2c3-5ddb-8107-b0b93ecdca59","LEGACY-39293-2594-C36ECE46","","RETAIL","","INDIVIDUAL"
"2597","30153","87a50a5b-9717-5b02-9e58-054c11465c4a","LEGACY-30153-2597-807C5564","","RETAIL","","INDIVIDUAL"
"2598","78544","3b05a3df-fd92-5e1a-9b84-dd16d160ff2f","LEGACY-78544-2598-C52E8D07","","RETAIL","","INDIVIDUAL"
"2599","78545","3edc37f8-20a1-51df-afca-517fab985817","LEGACY-78545-2599-4E866ECF","","RETAIL","","INDIVIDUAL"
"2600","56952","2d3e435d-0aef-562d-a1c3-ef8c474d7846","LEGACY-56952-2600-8F671361","","RETAIL","","INDIVIDUAL"
"2601","22876","12b9174d-19a4-563b-81e8-297c0cac38b5","LEGACY-22876-2601-9E41C84D","","RETAIL","","INDIVIDUAL"
"2602","89324","d6b879ca-a5fc-5222-abbb-0d451e94f2c9","LEGACY-89324-2602-FEC006B0","","RETAIL","","INDIVIDUAL"
"2603","40131","d4ebea6c-348a-580e-8cb9-68c6860ec824","LEGACY-40131-2603-E4CF7FDE","","RETAIL","","INDIVIDUAL"
"2604","98905","9936d617-fe2e-5578-bfd3-bb2c073a6f80","LEGACY-98905-2604-055B3DA6","","RETAIL","","INDIVIDUAL"
"2605","96646","902d6505-e8ee-54c9-9ab0-b711688960ea","LEGACY-96646-2605-BFF83AEA","","RETAIL","","INDIVIDUAL"
"2607","29469","968a29ff-022a-54b6-829c-d72aa19334de","LEGACY-29469-2607-9BB12AF7","","RETAIL","","INDIVIDUAL"
"2610","86017","3bb3c7bd-8738-502f-a588-44679ffbe70b","LEGACY-86017-2610-5A621C21","","RETAIL","","INDIVIDUAL"
"2612","80641","f920e998-3e86-58e0-bddd-0d14cabe3982","LEGACY-80641-2612-CE9DEC2E","","RETAIL","","INDIVIDUAL"
"2613","48293","7a3a0c25-bc2b-5982-8939-569c0f25b427","LEGACY-48293-2613-830CDDCC","","RETAIL","","INDIVIDUAL"
"2614","16657","6f8da8a8-70ab-52ee-a9a2-16981bacfa58","LEGACY-16657-2614-1250EFE4","","RETAIL","","INDIVIDUAL"
"2615","42295","fa6e3a52-dbc6-51c8-826d-023452b4e29c","LEGACY-42295-2615-8729482D","","RETAIL","","INDIVIDUAL"
"2616","75643","2ab0ed2c-a694-56d0-ae4e-ca4962073a33","LEGACY-75643-2616-25B5780A","","RETAIL","","INDIVIDUAL"
"2617","99726","eface02a-d038-5e69-9575-8c5a97e1e18f","LEGACY-99726-2617-BD299C76","","RETAIL","","INDIVIDUAL"
"2618","37693","abc9e096-3924-5bfa-a6b3-c56d605637e4","LEGACY-37693-2618-D70D0482","","RETAIL","","INDIVIDUAL"
"2619","51026","6d8b5093-2455-5208-8bdb-a90b82f7181d","LEGACY-51026-2619-11685A5E","","RETAIL","","INDIVIDUAL"
"2620","61226","5f1a647a-8d94-597c-a427-53b4907ba437","LEGACY-61226-2620-C7A7076B","","RETAIL","","INDIVIDUAL"
"2625","14056","29af18e1-7580-554f-a525-7d89e4e0f01c","LEGACY-14056-2625-54C42DF1","","RETAIL","","INDIVIDUAL"
"2626","87916","db7fd609-16a1-5145-83fd-13b47ba54f26","LEGACY-87916-2626-B613C5F3","","RETAIL","","INDIVIDUAL"
"2627","48588","99ba0d35-7b53-5ba7-a9b6-1b9b0e13c46d","LEGACY-48588-2627-74235679","","RETAIL","","INDIVIDUAL"
"2628","86531","ae6089be-d4ec-5cb5-97ee-b4981051027d","LEGACY-86531-2628-FB03B92F","","RETAIL","","INDIVIDUAL"
"2629","30324","f54593dc-fe2f-56a3-bbf2-2d89939f20db","LEGACY-30324-2629-BE632040","","RETAIL","","INDIVIDUAL"
"2631","16223","629b04b2-03e6-5ed5-9b64-58fe8ff45d8b","LEGACY-16223-2631-D30780FE","","RETAIL","","INDIVIDUAL"
"2632","85977","3a798357-4e1c-5752-b980-c616598a97d4","LEGACY-85977-2632-00CFA578","","RETAIL","","INDIVIDUAL"
"2635","91472","ce47f0d7-db35-5b0c-a119-7981f3683f09","LEGACY-91472-2635-8AF525A0","","RETAIL","","INDIVIDUAL"
"2638","49594","c20311a2-c452-5d1b-9247-d79edbeaf899","LEGACY-49594-2638-3A6C1BA2","","RETAIL","","INDIVIDUAL"
"2642","70608","3137f90e-453c-5a91-b577-8e409a2e93b2","LEGACY-70608-2642-DAB1B13F","","RETAIL","","INDIVIDUAL"
"2643","20269","7b151e3f-bba0-5f88-9a6f-36db1547875f","LEGACY-20269-2643-1C83C526","","RETAIL","","INDIVIDUAL"
"2648","31161","ae03f577-adad-5b4c-8c05-b1b9141d0fc6","LEGACY-31161-2648-63F9F40D","","RETAIL","","INDIVIDUAL"
"2651","49960","590a8cbb-64b3-5a98-b5d6-9f416d3d93bd","LEGACY-49960-2651-D4147BF9","","RETAIL","","INDIVIDUAL"
"2654","16894","ed8afcc6-1e97-5358-88e6-20c519aa1a37","LEGACY-16894-2654-D7A228BC","","RETAIL","","INDIVIDUAL"
"2655","88683","c2f7fd6c-69c9-511f-986f-5020ef12ea38","LEGACY-88683-2655-76252739","","RETAIL","","INDIVIDUAL"
"2656","81405","909e56ca-2900-5c33-ae58-2fa37b1c5ca8","LEGACY-81405-2656-867FC1DC","","RETAIL","","INDIVIDUAL"
"2657","76156","945efedb-1024-5971-b533-fd201c1139b1","LEGACY-76156-2657-DEE3FA36","","RETAIL","","INDIVIDUAL"
"2660","10121","a24439d2-d79a-5a2a-b211-bae3abead203","LEGACY-10121-2660-C1118B5B","","RETAIL","","INDIVIDUAL"
"2661","96468","b8b516f8-eaf8-53ef-b53d-b6dd72e4fb5f","LEGACY-96468-2661-0D516EBD","","RETAIL","","INDIVIDUAL"
"2667","81093","6925d1c8-c75b-59e9-896a-3131b643f83f","LEGACY-81093-2667-BE997C03","","RETAIL","","INDIVIDUAL"
"2669","64044","fab2cfbf-9d21-5c85-aa5d-a407291813a1","LEGACY-64044-2669-F72B5A27","","RETAIL","","INDIVIDUAL"
"2670","41980","465633a7-50c1-52e4-8b8a-443f56b0e31a","LEGACY-41980-2670-02A38D9B","","RETAIL","","INDIVIDUAL"
"2671","87032","3b72f73c-98b9-59bc-829e-06e1abceced0","LEGACY-87032-2671-BF4399F2","","RETAIL","","INDIVIDUAL"
"2672","26406","40cf59be-1d3e-57d0-a656-8c1276d443a9","LEGACY-26406-2672-B11B97C7","","RETAIL","","INDIVIDUAL"
"2673","92114","c57c4a88-dad4-5c4a-8bcc-684d818df469","LEGACY-92114-2673-3E728D6D","","RETAIL","","INDIVIDUAL"
"2674","78878","7efd3ba9-cbe6-5699-a5d4-e54002082362","LEGACY-78878-2674-8F66446D","","RETAIL","","INDIVIDUAL"
"2675","29911","b2dc47d5-85a1-556a-b0a8-342bfff6cb89","LEGACY-29911-2675-8714F9EA","","RETAIL","","INDIVIDUAL"
"2676","48550","da73fc99-604c-56bd-a0f8-6429a08f98c0","LEGACY-48550-2676-E24896BB","","RETAIL","","INDIVIDUAL"
"2678","36754","6a188a71-1ed3-5abf-99a3-22c05447d10a","LEGACY-36754-2678-2AC520D6","","RETAIL","","INDIVIDUAL"
"2680","95540","abdcfe1f-f880-5d3f-b896-476a85ac64b7","LEGACY-95540-2680-1EA56E87","","RETAIL","","INDIVIDUAL"
"2682","88940","0e8bb651-3821-5b44-b71a-69723e09ec6a","LEGACY-88940-2682-D4B3256A","","RETAIL","","INDIVIDUAL"
"2683","73107","3c5358ad-09e2-5f75-8d7a-e68bd5b54fb3","LEGACY-73107-2683-C470E982","","RETAIL","","INDIVIDUAL"
"2684","33254","d8c9b6ce-24c8-5e61-8d03-7df1968d2a5c","LEGACY-33254-2684-182B98BC","","RETAIL","","INDIVIDUAL"
"2687","27065","b54bf4ec-abb7-5f68-909b-50c28e471e73","LEGACY-27065-2687-C6D2F0CC","","RETAIL","","INDIVIDUAL"
"2688","67562","03498d85-50ea-55c2-87da-ee4509a34578","LEGACY-67562-2688-5598E590","","RETAIL","","INDIVIDUAL"
"2689","37264","aa930e1e-644f-5650-9446-1d6f8ffa9fdd","LEGACY-37264-2689-4339E1CE","","RETAIL","","INDIVIDUAL"
"2690","77570","6bf340de-b82c-5079-ae58-30356bb2517d","LEGACY-77570-2690-56534DD9","","RETAIL","","INDIVIDUAL"
"2691","90785","e8cf3242-4ca3-53c7-a854-81ca07b825b4","LEGACY-90785-2691-5A5C3FD8","","RETAIL","","INDIVIDUAL"
"2693","37154","96010cb7-0a00-550b-8f87-2e136711af5a","LEGACY-37154-2693-4CCF1F31","","RETAIL","","INDIVIDUAL"
"2694","58835","ddfa99ad-79ed-54c0-9fe9-7991a3f72965","LEGACY-58835-2694-88F8E1C4","","RETAIL","","INDIVIDUAL"
"2695","72368","50fecbd5-74be-56ba-a4ed-b7286764cf33","LEGACY-72368-2695-6DEE2403","","RETAIL","","INDIVIDUAL"
"2699","89489","6d89d5d6-5597-56d3-be7a-ec7033bf973e","LEGACY-89489-2699-E4FEACB5","","RETAIL","","INDIVIDUAL"
"2700","33798","b0fcae1c-9a43-59df-bd5b-aa117ecae0af","LEGACY-33798-2700-51165BD2","","RETAIL","","INDIVIDUAL"
"2701","83145","06b5e10b-2dc5-51d0-b113-cb5a91b4bba2","LEGACY-83145-2701-A79E22D1","","RETAIL","","INDIVIDUAL"
"2705","11167","ffe258c7-3356-59ca-8349-235113622fee","LEGACY-11167-2705-368725BA","","RETAIL","","INDIVIDUAL"
"2708","19942","d725ba94-dc36-59ff-981b-a331aae27f93","LEGACY-19942-2708-787082CD","","RETAIL","","INDIVIDUAL"
"2711","54003","92f6caa1-73f5-5c3b-822c-2a1ec6ba38cb","LEGACY-54003-2711-4D305B48","","RETAIL","","INDIVIDUAL"
"2713","32878","a189a314-76e1-518f-b2e2-30dc73ccfa56","LEGACY-32878-2713-CBAE5FD6","","RETAIL","","INDIVIDUAL"
"2714","53595","ecdbfb60-d5bd-5e3b-b597-4d284645faac","LEGACY-53595-2714-015E8938","","RETAIL","","INDIVIDUAL"
"2717","45154","fca148e2-4fec-5643-a235-705515bf05d9","LEGACY-45154-2717-CDAE9114","","RETAIL","","INDIVIDUAL"
"2722","88095","4eea48b3-b68a-5d95-88d5-cd27abd6f344","LEGACY-88095-2722-1479560E","","RETAIL","","INDIVIDUAL"
"2724","33461","35ab4431-1f53-5e4c-94be-7e30a7cc81e4","LEGACY-33461-2724-F2053EE2","","RETAIL","","INDIVIDUAL"
"2726","29157","41a62e5a-69b9-51fe-8368-25ec7ab63cb3","LEGACY-29157-2726-77910A29","","RETAIL","","INDIVIDUAL"
"2727","65196","d23d6506-cf83-5cff-8487-20c1bfd225b6","LEGACY-65196-2727-7080A122","","RETAIL","","INDIVIDUAL"
"2728","12687","029b88f7-fdf2-5cac-aa1b-5c52e48e362e","LEGACY-12687-2728-E199EE2C","","RETAIL","","INDIVIDUAL"
"2732","84185","11d7e71e-1d5e-5ee3-b6fe-ecce708334a1","LEGACY-84185-2732-401770E8","","RETAIL","","INDIVIDUAL"
"2734","17612","d8678c9e-bad2-569c-bcf7-90aa8f2c2467","LEGACY-17612-2734-EA3DC654","","RETAIL","","INDIVIDUAL"
"2735","90069","fda77538-9c2d-5d26-847f-b422b9fcd43b","LEGACY-90069-2735-3981EF4B","","RETAIL","","INDIVIDUAL"
"2736","76980","80b361c5-2016-52b0-bd03-4fba7679788d","LEGACY-76980-2736-C79D5D72","","RETAIL","","INDIVIDUAL"
"2740","32252","fa2b3a57-c00e-57ea-a643-5046f07697e1","LEGACY-32252-2740-E7BAFE82","","RETAIL","","INDIVIDUAL"
"2741","99407","3dd8a32d-d623-5e1e-bcbc-7347e4f65c52","LEGACY-99407-2741-89E976CD","","RETAIL","","INDIVIDUAL"
"2743","22437","43a0f391-23d0-5653-bbed-67d603e54e45","LEGACY-22437-2743-CC96AC23","","RETAIL","","INDIVIDUAL"
"2746","73603","2b5263f1-7237-5f99-b1fa-ddc02261522d","LEGACY-73603-2746-85AF99F6","","RETAIL","","INDIVIDUAL"
"2750","99332","60b5039d-6606-5585-9de1-f04ee55d9f9b","LEGACY-99332-2750-C681EEF8","","RETAIL","","INDIVIDUAL"
"2752","82407","7b1fa477-295b-5ba0-8900-a252d8f9ddfd","LEGACY-82407-2752-FBFAE310","","RETAIL","","INDIVIDUAL"
"2753","17586","ef14f332-0bfd-52c9-8217-cc162bd4efc7","LEGACY-17586-2753-2A43DD5A","","RETAIL","","INDIVIDUAL"
"2754","73498","50db3f78-138e-5b76-a146-f3afc17c5e85","LEGACY-73498-2754-74F2779C","","RETAIL","","INDIVIDUAL"
"2755","10728","4523aa2c-9880-5645-bc71-52f6b9344025","LEGACY-10728-2755-0B9E451E","","RETAIL","","INDIVIDUAL"
"2758","88514","596e6821-70d6-5363-aa36-f37241ba5da7","LEGACY-88514-2758-A190A2E9","","RETAIL","","INDIVIDUAL"
"2760","43980","f41d38cc-bd9c-5a1c-8e25-934823a94091","LEGACY-43980-2760-13525651","","RETAIL","","INDIVIDUAL"
"2762","14553","00ad2461-ddcd-5b24-9058-399c8af31b6a","LEGACY-14553-2762-FEDC27AD","","RETAIL","","INDIVIDUAL"
"2765","39272","c64c5d86-d1a2-5b05-a06b-4aa724259232","LEGACY-39272-2765-EC426DD0","","RETAIL","","INDIVIDUAL"
"2768","59958","392cc229-18e7-5f70-89a0-71688908db00","LEGACY-59958-2768-E5B06075","","RETAIL","","INDIVIDUAL"
"2769","64913","b2b3569c-8c8e-5476-aff2-00b42dbec73d","LEGACY-64913-2769-6106E702","","RETAIL","","INDIVIDUAL"
"2770","93883","63587ac5-ac86-55a0-85fd-584dbabd6dd3","LEGACY-93883-2770-5316B60E","","RETAIL","","INDIVIDUAL"
"2777","31314","c59b37d2-4bb0-57fe-b095-f97113c715de","LEGACY-31314-2777-6E9373D3","","RETAIL","","INDIVIDUAL"
"2782","21343","4581f7fe-7e17-5b1c-804d-769e7edebe23","LEGACY-21343-2782-DB541C84","","RETAIL","","INDIVIDUAL"
"2785","58281","a36be30e-f887-5e31-a0ac-fafab0396a54","LEGACY-58281-2785-5ED4E5CB","","RETAIL","","INDIVIDUAL"
"2789","70328","e2656df1-c2b7-5344-93a3-3f5037840955","LEGACY-70328-2789-20D66928","","RETAIL","","INDIVIDUAL"
"2797","32056","d1bd16cc-d712-5c55-904f-d336d0e32278","LEGACY-32056-2797-8B2B7F6B","","RETAIL","","INDIVIDUAL"
"2798","72427","476e0709-2bec-51ac-bc0c-af43473b3709","LEGACY-72427-2798-40674467","","RETAIL","","INDIVIDUAL"
"2804","44559","fda2a891-7fb0-5f8c-be25-a09d480ad715","LEGACY-44559-2804-4D7298DA","","RETAIL","","INDIVIDUAL"
